<?xml version="1.0" encoding="UTF-8"?>
<gpx creator="Garmin Connect" version="1.1"
  xsi:schemaLocation="http://www.topografix.com/GPX/1/1 http://www.topografix.com/GPX/11.xsd"
  xmlns:ns3="http://www.garmin.com/xmlschemas/TrackPointExtension/v1"
  xmlns="http://www.topografix.com/GPX/1/1"
  xmlns:xsi="http://www.w3.org/2001/XMLSchema-instance" xmlns:ns2="http://www.garmin.com/xmlschemas/GpxExtensions/v3">
  <metadata>
    <link href="connect.garmin.com">
      <text>Garmin Connect</text>
    </link>
    <time>2025-10-22T23:09:52.000Z</time>
  </metadata>
  <trk>
    <name>奥州道中 大田原市～芦野</name>
    <desc></desc>
    <type>walking</type>
    <trkseg>
      <trkpt lat="36.8668789230287075042724609375" lon="140.02783298492431640625">
        <ele>210.8000030517578125</ele>
        <time>2025-10-22T23:09:52.000Z</time>
        <extensions>
          <ns3:TrackPointExtension>
            <ns3:hr>82</ns3:hr>
          </ns3:TrackPointExtension>
        </extensions>
      </trkpt>
      <trkpt lat="36.866877414286136627197265625" lon="140.02783298492431640625">
        <ele>210.8000030517578125</ele>
        <time>2025-10-22T23:09:53.000Z</time>
        <extensions>
          <ns3:TrackPointExtension>
            <ns3:hr>82</ns3:hr>
          </ns3:TrackPointExtension>
        </extensions>
      </trkpt>
      <trkpt lat="36.8668980337679386138916015625" lon="140.027903728187084197998046875">
        <ele>211</ele>
        <time>2025-10-22T23:10:00.000Z</time>
        <extensions>
          <ns3:TrackPointExtension>
            <ns3:hr>83</ns3:hr>
          </ns3:TrackPointExtension>
        </extensions>
      </trkpt>
      <trkpt lat="36.86698227189481258392333984375" lon="140.0280475616455078125">
        <ele>211</ele>
        <time>2025-10-22T23:10:08.000Z</time>
        <extensions>
          <ns3:TrackPointExtension>
            <ns3:hr>82</ns3:hr>
          </ns3:TrackPointExtension>
        </extensions>
      </trkpt>
      <trkpt lat="36.86698998324573040008544921875" lon="140.02806407399475574493408203125">
        <ele>211</ele>
        <time>2025-10-22T23:10:09.000Z</time>
        <extensions>
          <ns3:TrackPointExtension>
            <ns3:hr>79</ns3:hr>
          </ns3:TrackPointExtension>
        </extensions>
      </trkpt>
      <trkpt lat="36.8669966049492359161376953125" lon="140.028081424534320831298828125">
        <ele>211</ele>
        <time>2025-10-22T23:10:10.000Z</time>
        <extensions>
          <ns3:TrackPointExtension>
            <ns3:hr>82</ns3:hr>
          </ns3:TrackPointExtension>
        </extensions>
      </trkpt>
      <trkpt lat="36.8670137040317058563232421875" lon="140.0281714461743831634521484375">
        <ele>210.8000030517578125</ele>
        <time>2025-10-22T23:10:15.000Z</time>
        <extensions>
          <ns3:TrackPointExtension>
            <ns3:hr>82</ns3:hr>
          </ns3:TrackPointExtension>
        </extensions>
      </trkpt>
      <trkpt lat="36.8670448847115039825439453125" lon="140.02825786359608173370361328125">
        <ele>211</ele>
        <time>2025-10-22T23:10:22.000Z</time>
        <extensions>
          <ns3:TrackPointExtension>
            <ns3:hr>82</ns3:hr>
          </ns3:TrackPointExtension>
        </extensions>
      </trkpt>
      <trkpt lat="36.867062486708164215087890625" lon="140.02834168262779712677001953125">
        <ele>211</ele>
        <time>2025-10-22T23:10:29.000Z</time>
        <extensions>
          <ns3:TrackPointExtension>
            <ns3:hr>85</ns3:hr>
          </ns3:TrackPointExtension>
        </extensions>
      </trkpt>
      <trkpt lat="36.86706575565040111541748046875" lon="140.02835140563547611236572265625">
        <ele>211</ele>
        <time>2025-10-22T23:10:30.000Z</time>
        <extensions>
          <ns3:TrackPointExtension>
            <ns3:hr>82</ns3:hr>
          </ns3:TrackPointExtension>
        </extensions>
      </trkpt>
      <trkpt lat="36.86709090135991573333740234375" lon="140.02838795073330402374267578125">
        <ele>211</ele>
        <time>2025-10-22T23:10:33.000Z</time>
        <extensions>
          <ns3:TrackPointExtension>
            <ns3:hr>79</ns3:hr>
          </ns3:TrackPointExtension>
        </extensions>
      </trkpt>
      <trkpt lat="36.8671018816530704498291015625" lon="140.02841678448021411895751953125">
        <ele>211</ele>
        <time>2025-10-22T23:10:35.000Z</time>
        <extensions>
          <ns3:TrackPointExtension>
            <ns3:hr>82</ns3:hr>
          </ns3:TrackPointExtension>
        </extensions>
      </trkpt>
      <trkpt lat="36.867117471992969512939453125" lon="140.0284510664641857147216796875">
        <ele>211</ele>
        <time>2025-10-22T23:10:38.000Z</time>
        <extensions>
          <ns3:TrackPointExtension>
            <ns3:hr>84</ns3:hr>
          </ns3:TrackPointExtension>
        </extensions>
      </trkpt>
      <trkpt lat="36.8671307153999805450439453125" lon="140.0284778885543346405029296875">
        <ele>211</ele>
        <time>2025-10-22T23:10:40.000Z</time>
        <extensions>
          <ns3:TrackPointExtension>
            <ns3:hr>82</ns3:hr>
          </ns3:TrackPointExtension>
        </extensions>
      </trkpt>
      <trkpt lat="36.86715728603303432464599609375" lon="140.02852658741176128387451171875">
        <ele>210.8000030517578125</ele>
        <time>2025-10-22T23:10:43.000Z</time>
        <extensions>
          <ns3:TrackPointExtension>
            <ns3:hr>85</ns3:hr>
          </ns3:TrackPointExtension>
        </extensions>
      </trkpt>
      <trkpt lat="36.867168433964252471923828125" lon="140.02854905091226100921630859375">
        <ele>210.8000030517578125</ele>
        <time>2025-10-22T23:10:44.000Z</time>
        <extensions>
          <ns3:TrackPointExtension>
            <ns3:hr>83</ns3:hr>
          </ns3:TrackPointExtension>
        </extensions>
      </trkpt>
      <trkpt lat="36.8672244250774383544921875" lon="140.028673522174358367919921875">
        <ele>210.399993896484375</ele>
        <time>2025-10-22T23:10:50.000Z</time>
        <extensions>
          <ns3:TrackPointExtension>
            <ns3:hr>87</ns3:hr>
          </ns3:TrackPointExtension>
        </extensions>
      </trkpt>
      <trkpt lat="36.86724252998828887939453125" lon="140.02870176918804645538330078125">
        <ele>210.1999969482421875</ele>
        <time>2025-10-22T23:10:52.000Z</time>
        <extensions>
          <ns3:TrackPointExtension>
            <ns3:hr>84</ns3:hr>
          </ns3:TrackPointExtension>
        </extensions>
      </trkpt>
      <trkpt lat="36.86725652776658535003662109375" lon="140.02872959710657596588134765625">
        <ele>210.1999969482421875</ele>
        <time>2025-10-22T23:10:54.000Z</time>
        <extensions>
          <ns3:TrackPointExtension>
            <ns3:hr>85</ns3:hr>
          </ns3:TrackPointExtension>
        </extensions>
      </trkpt>
      <trkpt lat="36.867269687354564666748046875" lon="140.02875524573028087615966796875">
        <ele>210</ele>
        <time>2025-10-22T23:10:56.000Z</time>
        <extensions>
          <ns3:TrackPointExtension>
            <ns3:hr>82</ns3:hr>
          </ns3:TrackPointExtension>
        </extensions>
      </trkpt>
      <trkpt lat="36.86730916611850261688232421875" lon="140.02884359098970890045166015625">
        <ele>209.600006103515625</ele>
        <time>2025-10-22T23:11:01.000Z</time>
        <extensions>
          <ns3:TrackPointExtension>
            <ns3:hr>83</ns3:hr>
          </ns3:TrackPointExtension>
        </extensions>
      </trkpt>
      <trkpt lat="36.86731218360364437103271484375" lon="140.0288564153015613555908203125">
        <ele>209.600006103515625</ele>
        <time>2025-10-22T23:11:02.000Z</time>
        <extensions>
          <ns3:TrackPointExtension>
            <ns3:hr>83</ns3:hr>
          </ns3:TrackPointExtension>
        </extensions>
      </trkpt>
      <trkpt lat="36.86733548529446125030517578125" lon="140.0289455987513065338134765625">
        <ele>209.399993896484375</ele>
        <time>2025-10-22T23:11:07.000Z</time>
        <extensions>
          <ns3:TrackPointExtension>
            <ns3:hr>84</ns3:hr>
          </ns3:TrackPointExtension>
        </extensions>
      </trkpt>
      <trkpt lat="36.867408491671085357666015625" lon="140.02908348105847835540771484375">
        <ele>209</ele>
        <time>2025-10-22T23:11:14.000Z</time>
        <extensions>
          <ns3:TrackPointExtension>
            <ns3:hr>83</ns3:hr>
          </ns3:TrackPointExtension>
        </extensions>
      </trkpt>
      <trkpt lat="36.86746657826006412506103515625" lon="140.029222033917903900146484375">
        <ele>209</ele>
        <time>2025-10-22T23:11:22.000Z</time>
        <extensions>
          <ns3:TrackPointExtension>
            <ns3:hr>83</ns3:hr>
          </ns3:TrackPointExtension>
        </extensions>
      </trkpt>
      <trkpt lat="36.8675028719007968902587890625" lon="140.0293256342411041259765625">
        <ele>209</ele>
        <time>2025-10-22T23:11:30.000Z</time>
        <extensions>
          <ns3:TrackPointExtension>
            <ns3:hr>84</ns3:hr>
          </ns3:TrackPointExtension>
        </extensions>
      </trkpt>
      <trkpt lat="36.867569424211978912353515625" lon="140.0294516980648040771484375">
        <ele>209</ele>
        <time>2025-10-22T23:11:38.000Z</time>
        <extensions>
          <ns3:TrackPointExtension>
            <ns3:hr>85</ns3:hr>
          </ns3:TrackPointExtension>
        </extensions>
      </trkpt>
      <trkpt lat="36.86760102398693561553955078125" lon="140.0295080244541168212890625">
        <ele>209</ele>
        <time>2025-10-22T23:11:41.000Z</time>
        <extensions>
          <ns3:TrackPointExtension>
            <ns3:hr>82</ns3:hr>
          </ns3:TrackPointExtension>
        </extensions>
      </trkpt>
      <trkpt lat="36.86763907782733440399169921875" lon="140.02959863282740116119384765625">
        <ele>209</ele>
        <time>2025-10-22T23:11:46.000Z</time>
        <extensions>
          <ns3:TrackPointExtension>
            <ns3:hr>79</ns3:hr>
          </ns3:TrackPointExtension>
        </extensions>
      </trkpt>
      <trkpt lat="36.86766657046973705291748046875" lon="140.0296506844460964202880859375">
        <ele>209</ele>
        <time>2025-10-22T23:11:49.000Z</time>
        <extensions>
          <ns3:TrackPointExtension>
            <ns3:hr>83</ns3:hr>
          </ns3:TrackPointExtension>
        </extensions>
      </trkpt>
      <trkpt lat="36.867673359811305999755859375" lon="140.02966702915728092193603515625">
        <ele>209</ele>
        <time>2025-10-22T23:11:50.000Z</time>
        <extensions>
          <ns3:TrackPointExtension>
            <ns3:hr>84</ns3:hr>
          </ns3:TrackPointExtension>
        </extensions>
      </trkpt>
      <trkpt lat="36.8677425943315029144287109375" lon="140.02974263392388820648193359375">
        <ele>209</ele>
        <time>2025-10-22T23:11:58.000Z</time>
        <extensions>
          <ns3:TrackPointExtension>
            <ns3:hr>82</ns3:hr>
          </ns3:TrackPointExtension>
        </extensions>
      </trkpt>
      <trkpt lat="36.86776296235620975494384765625" lon="140.0297241099178791046142578125">
        <ele>209</ele>
        <time>2025-10-22T23:12:01.000Z</time>
        <extensions>
          <ns3:TrackPointExtension>
            <ns3:hr>81</ns3:hr>
          </ns3:TrackPointExtension>
        </extensions>
      </trkpt>
      <trkpt lat="36.867786012589931488037109375" lon="140.02969485707581043243408203125">
        <ele>209</ele>
        <time>2025-10-22T23:12:04.000Z</time>
        <extensions>
          <ns3:TrackPointExtension>
            <ns3:hr>82</ns3:hr>
          </ns3:TrackPointExtension>
        </extensions>
      </trkpt>
      <trkpt lat="36.86792758293449878692626953125" lon="140.02959930337965488433837890625">
        <ele>209</ele>
        <time>2025-10-22T23:12:15.000Z</time>
        <extensions>
          <ns3:TrackPointExtension>
            <ns3:hr>81</ns3:hr>
          </ns3:TrackPointExtension>
        </extensions>
      </trkpt>
      <trkpt lat="36.868018694221973419189453125" lon="140.0295558013021945953369140625">
        <ele>209.1999969482421875</ele>
        <time>2025-10-22T23:12:21.000Z</time>
        <extensions>
          <ns3:TrackPointExtension>
            <ns3:hr>82</ns3:hr>
          </ns3:TrackPointExtension>
        </extensions>
      </trkpt>
      <trkpt lat="36.86805297620594501495361328125" lon="140.02952554263174533843994140625">
        <ele>209.1999969482421875</ele>
        <time>2025-10-22T23:12:24.000Z</time>
        <extensions>
          <ns3:TrackPointExtension>
            <ns3:hr>79</ns3:hr>
          </ns3:TrackPointExtension>
        </extensions>
      </trkpt>
      <trkpt lat="36.86806370504200458526611328125" lon="140.02951866947114467620849609375">
        <ele>209.1999969482421875</ele>
        <time>2025-10-22T23:12:25.000Z</time>
        <extensions>
          <ns3:TrackPointExtension>
            <ns3:hr>83</ns3:hr>
          </ns3:TrackPointExtension>
        </extensions>
      </trkpt>
      <trkpt lat="36.86809136532247066497802734375" lon="140.02949670888483524322509765625">
        <ele>209.399993896484375</ele>
        <time>2025-10-22T23:12:28.000Z</time>
        <extensions>
          <ns3:TrackPointExtension>
            <ns3:hr>88</ns3:hr>
          </ns3:TrackPointExtension>
        </extensions>
      </trkpt>
      <trkpt lat="36.868097484111785888671875" lon="140.02948564477264881134033203125">
        <ele>209.399993896484375</ele>
        <time>2025-10-22T23:12:29.000Z</time>
        <extensions>
          <ns3:TrackPointExtension>
            <ns3:hr>88</ns3:hr>
          </ns3:TrackPointExtension>
        </extensions>
      </trkpt>
      <trkpt lat="36.86814199201762676239013671875" lon="140.0294193439185619354248046875">
        <ele>209.600006103515625</ele>
        <time>2025-10-22T23:12:33.000Z</time>
        <extensions>
          <ns3:TrackPointExtension>
            <ns3:hr>91</ns3:hr>
          </ns3:TrackPointExtension>
        </extensions>
      </trkpt>
      <trkpt lat="36.86818666756153106689453125" lon="140.02939076162874698638916015625">
        <ele>209.8000030517578125</ele>
        <time>2025-10-22T23:12:36.000Z</time>
        <extensions>
          <ns3:TrackPointExtension>
            <ns3:hr>90</ns3:hr>
          </ns3:TrackPointExtension>
        </extensions>
      </trkpt>
      <trkpt lat="36.86825933866202831268310546875" lon="140.0292872451245784759521484375">
        <ele>210</ele>
        <time>2025-10-22T23:12:43.000Z</time>
        <extensions>
          <ns3:TrackPointExtension>
            <ns3:hr>93</ns3:hr>
          </ns3:TrackPointExtension>
        </extensions>
      </trkpt>
      <trkpt lat="36.868263781070709228515625" lon="140.0292781926691532135009765625">
        <ele>210</ele>
        <time>2025-10-22T23:12:44.000Z</time>
        <extensions>
          <ns3:TrackPointExtension>
            <ns3:hr>93</ns3:hr>
          </ns3:TrackPointExtension>
        </extensions>
      </trkpt>
      <trkpt lat="36.8683239631354808807373046875" lon="140.02923653461039066314697265625">
        <ele>210</ele>
        <time>2025-10-22T23:12:49.000Z</time>
        <extensions>
          <ns3:TrackPointExtension>
            <ns3:hr>93</ns3:hr>
          </ns3:TrackPointExtension>
        </extensions>
      </trkpt>
      <trkpt lat="36.8684587441384792327880859375" lon="140.02911508083343505859375">
        <ele>210</ele>
        <time>2025-10-22T23:12:59.000Z</time>
        <extensions>
          <ns3:TrackPointExtension>
            <ns3:hr>91</ns3:hr>
          </ns3:TrackPointExtension>
        </extensions>
      </trkpt>
      <trkpt lat="36.86852487735450267791748046875" lon="140.02902883104979991912841796875">
        <ele>210.600006103515625</ele>
        <time>2025-10-22T23:13:05.000Z</time>
        <extensions>
          <ns3:TrackPointExtension>
            <ns3:hr>90</ns3:hr>
          </ns3:TrackPointExtension>
        </extensions>
      </trkpt>
      <trkpt lat="36.8686111271381378173828125" lon="140.0289486162364482879638671875">
        <ele>211.1999969482421875</ele>
        <time>2025-10-22T23:13:13.000Z</time>
        <extensions>
          <ns3:TrackPointExtension>
            <ns3:hr>87</ns3:hr>
          </ns3:TrackPointExtension>
        </extensions>
      </trkpt>
      <trkpt lat="36.86862361617386341094970703125" lon="140.028943084180355072021484375">
        <ele>211.399993896484375</ele>
        <time>2025-10-22T23:13:14.000Z</time>
        <extensions>
          <ns3:TrackPointExtension>
            <ns3:hr>89</ns3:hr>
          </ns3:TrackPointExtension>
        </extensions>
      </trkpt>
      <trkpt lat="36.868628226220607757568359375" lon="140.02894316799938678741455078125">
        <ele>211.399993896484375</ele>
        <time>2025-10-22T23:13:15.000Z</time>
        <extensions>
          <ns3:TrackPointExtension>
            <ns3:hr>89</ns3:hr>
          </ns3:TrackPointExtension>
        </extensions>
      </trkpt>
      <trkpt lat="36.86863635666668415069580078125" lon="140.02895724959671497344970703125">
        <ele>211.399993896484375</ele>
        <time>2025-10-22T23:13:18.000Z</time>
        <extensions>
          <ns3:TrackPointExtension>
            <ns3:hr>88</ns3:hr>
          </ns3:TrackPointExtension>
        </extensions>
      </trkpt>
      <trkpt lat="36.8686478398740291595458984375" lon="140.02896144054830074310302734375">
        <ele>211.399993896484375</ele>
        <time>2025-10-22T23:13:24.000Z</time>
        <extensions>
          <ns3:TrackPointExtension>
            <ns3:hr>86</ns3:hr>
          </ns3:TrackPointExtension>
        </extensions>
      </trkpt>
      <trkpt lat="36.8686485104262828826904296875" lon="140.02895674668252468109130859375">
        <ele>211.399993896484375</ele>
        <time>2025-10-22T23:13:33.000Z</time>
        <extensions>
          <ns3:TrackPointExtension>
            <ns3:hr>85</ns3:hr>
          </ns3:TrackPointExtension>
        </extensions>
      </trkpt>
      <trkpt lat="36.8686491809785366058349609375" lon="140.0289489515125751495361328125">
        <ele>211.399993896484375</ele>
        <time>2025-10-22T23:13:48.000Z</time>
        <extensions>
          <ns3:TrackPointExtension>
            <ns3:hr>82</ns3:hr>
          </ns3:TrackPointExtension>
        </extensions>
      </trkpt>
      <trkpt lat="36.86869905330240726470947265625" lon="140.0290160067379474639892578125">
        <ele>211.8000030517578125</ele>
        <time>2025-10-22T23:13:52.000Z</time>
        <extensions>
          <ns3:TrackPointExtension>
            <ns3:hr>81</ns3:hr>
          </ns3:TrackPointExtension>
        </extensions>
      </trkpt>
      <trkpt lat="36.86878354288637638092041015625" lon="140.0291497819125652313232421875">
        <ele>211.8000030517578125</ele>
        <time>2025-10-22T23:13:58.000Z</time>
        <extensions>
          <ns3:TrackPointExtension>
            <ns3:hr>78</ns3:hr>
          </ns3:TrackPointExtension>
        </extensions>
      </trkpt>
      <trkpt lat="36.868807934224605560302734375" lon="140.02919194288551807403564453125">
        <ele>211.8000030517578125</ele>
        <time>2025-10-22T23:14:00.000Z</time>
        <extensions>
          <ns3:TrackPointExtension>
            <ns3:hr>79</ns3:hr>
          </ns3:TrackPointExtension>
        </extensions>
      </trkpt>
      <trkpt lat="36.86889904551208019256591796875" lon="140.02936377190053462982177734375">
        <ele>211.399993896484375</ele>
        <time>2025-10-22T23:14:09.000Z</time>
        <extensions>
          <ns3:TrackPointExtension>
            <ns3:hr>78</ns3:hr>
          </ns3:TrackPointExtension>
        </extensions>
      </trkpt>
      <trkpt lat="36.86894682236015796661376953125" lon="140.02945262007415294647216796875">
        <ele>211.399993896484375</ele>
        <time>2025-10-22T23:14:15.000Z</time>
        <extensions>
          <ns3:TrackPointExtension>
            <ns3:hr>80</ns3:hr>
          </ns3:TrackPointExtension>
        </extensions>
      </trkpt>
      <trkpt lat="36.869013793766498565673828125" lon="140.029571391642093658447265625">
        <ele>211</ele>
        <time>2025-10-22T23:14:21.000Z</time>
        <extensions>
          <ns3:TrackPointExtension>
            <ns3:hr>79</ns3:hr>
          </ns3:TrackPointExtension>
        </extensions>
      </trkpt>
      <trkpt lat="36.8690736405551433563232421875" lon="140.029702149331569671630859375">
        <ele>210.1999969482421875</ele>
        <time>2025-10-22T23:14:29.000Z</time>
        <extensions>
          <ns3:TrackPointExtension>
            <ns3:hr>80</ns3:hr>
          </ns3:TrackPointExtension>
        </extensions>
      </trkpt>
      <trkpt lat="36.8691651709377765655517578125" lon="140.02988395281136035919189453125">
        <ele>209</ele>
        <time>2025-10-22T23:14:39.000Z</time>
        <extensions>
          <ns3:TrackPointExtension>
            <ns3:hr>80</ns3:hr>
          </ns3:TrackPointExtension>
        </extensions>
      </trkpt>
      <trkpt lat="36.86922870576381683349609375" lon="140.03001621924340724945068359375">
        <ele>209</ele>
        <time>2025-10-22T23:14:49.000Z</time>
        <extensions>
          <ns3:TrackPointExtension>
            <ns3:hr>82</ns3:hr>
          </ns3:TrackPointExtension>
        </extensions>
      </trkpt>
      <trkpt lat="36.86926315538585186004638671875" lon="140.03006064333021640777587890625">
        <ele>209</ele>
        <time>2025-10-22T23:14:52.000Z</time>
        <extensions>
          <ns3:TrackPointExtension>
            <ns3:hr>78</ns3:hr>
          </ns3:TrackPointExtension>
        </extensions>
      </trkpt>
      <trkpt lat="36.8693245947360992431640625" lon="140.03007120452821254730224609375">
        <ele>209</ele>
        <time>2025-10-22T23:14:56.000Z</time>
        <extensions>
          <ns3:TrackPointExtension>
            <ns3:hr>78</ns3:hr>
          </ns3:TrackPointExtension>
        </extensions>
      </trkpt>
      <trkpt lat="36.86937488615512847900390625" lon="140.03004505299031734466552734375">
        <ele>209</ele>
        <time>2025-10-22T23:15:00.000Z</time>
        <extensions>
          <ns3:TrackPointExtension>
            <ns3:hr>83</ns3:hr>
          </ns3:TrackPointExtension>
        </extensions>
      </trkpt>
      <trkpt lat="36.86940363608300685882568359375" lon="140.03002309240400791168212890625">
        <ele>209</ele>
        <time>2025-10-22T23:15:03.000Z</time>
        <extensions>
          <ns3:TrackPointExtension>
            <ns3:hr>83</ns3:hr>
          </ns3:TrackPointExtension>
        </extensions>
      </trkpt>
      <trkpt lat="36.8694944120943546295166015625" lon="140.0299966894090175628662109375">
        <ele>209.399993896484375</ele>
        <time>2025-10-22T23:15:11.000Z</time>
        <extensions>
          <ns3:TrackPointExtension>
            <ns3:hr>83</ns3:hr>
          </ns3:TrackPointExtension>
        </extensions>
      </trkpt>
      <trkpt lat="36.86954981647431850433349609375" lon="140.0300090946257114410400390625">
        <ele>209.600006103515625</ele>
        <time>2025-10-22T23:15:18.000Z</time>
        <extensions>
          <ns3:TrackPointExtension>
            <ns3:hr>83</ns3:hr>
          </ns3:TrackPointExtension>
        </extensions>
      </trkpt>
      <trkpt lat="36.869518719613552093505859375" lon="140.03005729056894779205322265625">
        <ele>209.1999969482421875</ele>
        <time>2025-10-22T23:15:27.000Z</time>
        <extensions>
          <ns3:TrackPointExtension>
            <ns3:hr>83</ns3:hr>
          </ns3:TrackPointExtension>
        </extensions>
      </trkpt>
      <trkpt lat="36.869530789554119110107421875" lon="140.03014462999999523162841796875">
        <ele>209</ele>
        <time>2025-10-22T23:15:33.000Z</time>
        <extensions>
          <ns3:TrackPointExtension>
            <ns3:hr>83</ns3:hr>
          </ns3:TrackPointExtension>
        </extensions>
      </trkpt>
      <trkpt lat="36.86956859193742275238037109375" lon="140.0302558578550815582275390625">
        <ele>208.600006103515625</ele>
        <time>2025-10-22T23:15:38.000Z</time>
        <extensions>
          <ns3:TrackPointExtension>
            <ns3:hr>83</ns3:hr>
          </ns3:TrackPointExtension>
        </extensions>
      </trkpt>
      <trkpt lat="36.86959004960954189300537109375" lon="140.03029567189514636993408203125">
        <ele>208.600006103515625</ele>
        <time>2025-10-22T23:15:40.000Z</time>
        <extensions>
          <ns3:TrackPointExtension>
            <ns3:hr>87</ns3:hr>
          </ns3:TrackPointExtension>
        </extensions>
      </trkpt>
      <trkpt lat="36.86963061802089214324951171875" lon="140.03036054782569408416748046875">
        <ele>208.600006103515625</ele>
        <time>2025-10-22T23:15:43.000Z</time>
        <extensions>
          <ns3:TrackPointExtension>
            <ns3:hr>91</ns3:hr>
          </ns3:TrackPointExtension>
        </extensions>
      </trkpt>
      <trkpt lat="36.86965459026396274566650390625" lon="140.03040321171283721923828125">
        <ele>208.399993896484375</ele>
        <time>2025-10-22T23:15:45.000Z</time>
        <extensions>
          <ns3:TrackPointExtension>
            <ns3:hr>93</ns3:hr>
          </ns3:TrackPointExtension>
        </extensions>
      </trkpt>
      <trkpt lat="36.869664900004863739013671875" lon="140.0304231606423854827880859375">
        <ele>208.399993896484375</ele>
        <time>2025-10-22T23:15:46.000Z</time>
        <extensions>
          <ns3:TrackPointExtension>
            <ns3:hr>96</ns3:hr>
          </ns3:TrackPointExtension>
        </extensions>
      </trkpt>
      <trkpt lat="36.86970571987330913543701171875" lon="140.0305076502263545989990234375">
        <ele>208.600006103515625</ele>
        <time>2025-10-22T23:15:50.000Z</time>
        <extensions>
          <ns3:TrackPointExtension>
            <ns3:hr>99</ns3:hr>
          </ns3:TrackPointExtension>
        </extensions>
      </trkpt>
      <trkpt lat="36.86972633935511112213134765625" lon="140.03055207431316375732421875">
        <ele>208.600006103515625</ele>
        <time>2025-10-22T23:15:52.000Z</time>
        <extensions>
          <ns3:TrackPointExtension>
            <ns3:hr>101</ns3:hr>
          </ns3:TrackPointExtension>
        </extensions>
      </trkpt>
      <trkpt lat="36.86975416727364063262939453125" lon="140.03061049617826938629150390625">
        <ele>208.8000030517578125</ele>
        <time>2025-10-22T23:15:55.000Z</time>
        <extensions>
          <ns3:TrackPointExtension>
            <ns3:hr>104</ns3:hr>
          </ns3:TrackPointExtension>
        </extensions>
      </trkpt>
      <trkpt lat="36.86979456804692745208740234375" lon="140.03069213591516017913818359375">
        <ele>208.8000030517578125</ele>
        <time>2025-10-22T23:15:59.000Z</time>
        <extensions>
          <ns3:TrackPointExtension>
            <ns3:hr>107</ns3:hr>
          </ns3:TrackPointExtension>
        </extensions>
      </trkpt>
      <trkpt lat="36.86980898492038249969482421875" lon="140.030732788145542144775390625">
        <ele>209.1999969482421875</ele>
        <time>2025-10-22T23:16:01.000Z</time>
        <extensions>
          <ns3:TrackPointExtension>
            <ns3:hr>107</ns3:hr>
          </ns3:TrackPointExtension>
        </extensions>
      </trkpt>
      <trkpt lat="36.86984720639884471893310546875" lon="140.03081736154854297637939453125">
        <ele>209.8000030517578125</ele>
        <time>2025-10-22T23:16:05.000Z</time>
        <extensions>
          <ns3:TrackPointExtension>
            <ns3:hr>110</ns3:hr>
          </ns3:TrackPointExtension>
        </extensions>
      </trkpt>
      <trkpt lat="36.86985961161553859710693359375" lon="140.030834041535854339599609375">
        <ele>210</ele>
        <time>2025-10-22T23:16:06.000Z</time>
        <extensions>
          <ns3:TrackPointExtension>
            <ns3:hr>109</ns3:hr>
          </ns3:TrackPointExtension>
        </extensions>
      </trkpt>
      <trkpt lat="36.86987034045159816741943359375" lon="140.030854828655719757080078125">
        <ele>210</ele>
        <time>2025-10-22T23:16:07.000Z</time>
        <extensions>
          <ns3:TrackPointExtension>
            <ns3:hr>110</ns3:hr>
          </ns3:TrackPointExtension>
        </extensions>
      </trkpt>
      <trkpt lat="36.8699356354773044586181640625" lon="140.03101265989243984222412109375">
        <ele>211</ele>
        <time>2025-10-22T23:16:15.000Z</time>
        <extensions>
          <ns3:TrackPointExtension>
            <ns3:hr>113</ns3:hr>
          </ns3:TrackPointExtension>
        </extensions>
      </trkpt>
      <trkpt lat="36.86999447643756866455078125" lon="140.03114844672381877899169921875">
        <ele>211</ele>
        <time>2025-10-22T23:16:22.000Z</time>
        <extensions>
          <ns3:TrackPointExtension>
            <ns3:hr>116</ns3:hr>
          </ns3:TrackPointExtension>
        </extensions>
      </trkpt>
      <trkpt lat="36.870004869997501373291015625" lon="140.0311664678156375885009765625">
        <ele>211</ele>
        <time>2025-10-22T23:16:23.000Z</time>
        <extensions>
          <ns3:TrackPointExtension>
            <ns3:hr>115</ns3:hr>
          </ns3:TrackPointExtension>
        </extensions>
      </trkpt>
      <trkpt lat="36.87004703097045421600341796875" lon="140.03125774674117565155029296875">
        <ele>210.8000030517578125</ele>
        <time>2025-10-22T23:16:28.000Z</time>
        <extensions>
          <ns3:TrackPointExtension>
            <ns3:hr>118</ns3:hr>
          </ns3:TrackPointExtension>
        </extensions>
      </trkpt>
      <trkpt lat="36.87007091939449310302734375" lon="140.03130803816020488739013671875">
        <ele>210.8000030517578125</ele>
        <time>2025-10-22T23:16:31.000Z</time>
        <extensions>
          <ns3:TrackPointExtension>
            <ns3:hr>119</ns3:hr>
          </ns3:TrackPointExtension>
        </extensions>
      </trkpt>
      <trkpt lat="36.870140992105007171630859375" lon="140.0314806215465068817138671875">
        <ele>210.600006103515625</ele>
        <time>2025-10-22T23:16:40.000Z</time>
        <extensions>
          <ns3:TrackPointExtension>
            <ns3:hr>120</ns3:hr>
          </ns3:TrackPointExtension>
        </extensions>
      </trkpt>
      <trkpt lat="36.87019589357078075408935546875" lon="140.03165069036185741424560546875">
        <ele>211</ele>
        <time>2025-10-22T23:16:48.000Z</time>
        <extensions>
          <ns3:TrackPointExtension>
            <ns3:hr>122</ns3:hr>
          </ns3:TrackPointExtension>
        </extensions>
      </trkpt>
      <trkpt lat="36.8702471069991588592529296875" lon="140.03181111998856067657470703125">
        <ele>211</ele>
        <time>2025-10-22T23:16:56.000Z</time>
        <extensions>
          <ns3:TrackPointExtension>
            <ns3:hr>121</ns3:hr>
          </ns3:TrackPointExtension>
        </extensions>
      </trkpt>
      <trkpt lat="36.87026546336710453033447265625" lon="140.03194657154381275177001953125">
        <ele>210.8000030517578125</ele>
        <time>2025-10-22T23:17:02.000Z</time>
        <extensions>
          <ns3:TrackPointExtension>
            <ns3:hr>121</ns3:hr>
          </ns3:TrackPointExtension>
        </extensions>
      </trkpt>
      <trkpt lat="36.87027870677411556243896484375" lon="140.0321126170456409454345703125">
        <ele>210.8000030517578125</ele>
        <time>2025-10-22T23:17:09.000Z</time>
        <extensions>
          <ns3:TrackPointExtension>
            <ns3:hr>123</ns3:hr>
          </ns3:TrackPointExtension>
        </extensions>
      </trkpt>
      <trkpt lat="36.87028775922954082489013671875" lon="140.0321541912853717803955078125">
        <ele>211</ele>
        <time>2025-10-22T23:17:11.000Z</time>
        <extensions>
          <ns3:TrackPointExtension>
            <ns3:hr>123</ns3:hr>
          </ns3:TrackPointExtension>
        </extensions>
      </trkpt>
      <trkpt lat="36.87030334956943988800048828125" lon="140.032288134098052978515625">
        <ele>211.1999969482421875</ele>
        <time>2025-10-22T23:17:17.000Z</time>
        <extensions>
          <ns3:TrackPointExtension>
            <ns3:hr>124</ns3:hr>
          </ns3:TrackPointExtension>
        </extensions>
      </trkpt>
      <trkpt lat="36.87030016444623470306396484375" lon="140.0324069894850254058837890625">
        <ele>211</ele>
        <time>2025-10-22T23:17:22.000Z</time>
        <extensions>
          <ns3:TrackPointExtension>
            <ns3:hr>124</ns3:hr>
          </ns3:TrackPointExtension>
        </extensions>
      </trkpt>
      <trkpt lat="36.87029044143855571746826171875" lon="140.03243096172809600830078125">
        <ele>210.8000030517578125</ele>
        <time>2025-10-22T23:17:23.000Z</time>
        <extensions>
          <ns3:TrackPointExtension>
            <ns3:hr>124</ns3:hr>
          </ns3:TrackPointExtension>
        </extensions>
      </trkpt>
      <trkpt lat="36.8702263198792934417724609375" lon="140.0325737893581390380859375">
        <ele>209.8000030517578125</ele>
        <time>2025-10-22T23:17:30.000Z</time>
        <extensions>
          <ns3:TrackPointExtension>
            <ns3:hr>123</ns3:hr>
          </ns3:TrackPointExtension>
        </extensions>
      </trkpt>
      <trkpt lat="36.87016773037612438201904296875" lon="140.032740421593189239501953125">
        <ele>209.399993896484375</ele>
        <time>2025-10-22T23:17:38.000Z</time>
        <extensions>
          <ns3:TrackPointExtension>
            <ns3:hr>127</ns3:hr>
          </ns3:TrackPointExtension>
        </extensions>
      </trkpt>
      <trkpt lat="36.8701378069818019866943359375" lon="140.03280906938016414642333984375">
        <ele>208.8000030517578125</ele>
        <time>2025-10-22T23:17:41.000Z</time>
        <extensions>
          <ns3:TrackPointExtension>
            <ns3:hr>125</ns3:hr>
          </ns3:TrackPointExtension>
        </extensions>
      </trkpt>
      <trkpt lat="36.87010436318814754486083984375" lon="140.03294401802122592926025390625">
        <ele>208</ele>
        <time>2025-10-22T23:17:47.000Z</time>
        <extensions>
          <ns3:TrackPointExtension>
            <ns3:hr>124</ns3:hr>
          </ns3:TrackPointExtension>
        </extensions>
      </trkpt>
      <trkpt lat="36.87004719860851764678955078125" lon="140.0330912880599498748779296875">
        <ele>208</ele>
        <time>2025-10-22T23:17:55.000Z</time>
        <extensions>
          <ns3:TrackPointExtension>
            <ns3:hr>125</ns3:hr>
          </ns3:TrackPointExtension>
        </extensions>
      </trkpt>
      <trkpt lat="36.8700261600315570831298828125" lon="140.0331566669046878814697265625">
        <ele>208.1999969482421875</ele>
        <time>2025-10-22T23:17:59.000Z</time>
        <extensions>
          <ns3:TrackPointExtension>
            <ns3:hr>121</ns3:hr>
          </ns3:TrackPointExtension>
        </extensions>
      </trkpt>
      <trkpt lat="36.87001459300518035888671875" lon="140.03319513984024524688720703125">
        <ele>208.1999969482421875</ele>
        <time>2025-10-22T23:18:01.000Z</time>
        <extensions>
          <ns3:TrackPointExtension>
            <ns3:hr>122</ns3:hr>
          </ns3:TrackPointExtension>
        </extensions>
      </trkpt>
      <trkpt lat="36.86998399905860424041748046875" lon="140.03331885673105716705322265625">
        <ele>208.8000030517578125</ele>
        <time>2025-10-22T23:18:07.000Z</time>
        <extensions>
          <ns3:TrackPointExtension>
            <ns3:hr>120</ns3:hr>
          </ns3:TrackPointExtension>
        </extensions>
      </trkpt>
      <trkpt lat="36.86998249031603336334228515625" lon="140.033339560031890869140625">
        <ele>209</ele>
        <time>2025-10-22T23:18:08.000Z</time>
        <extensions>
          <ns3:TrackPointExtension>
            <ns3:hr>120</ns3:hr>
          </ns3:TrackPointExtension>
        </extensions>
      </trkpt>
      <trkpt lat="36.86996991746127605438232421875" lon="140.03335791639983654022216796875">
        <ele>209</ele>
        <time>2025-10-22T23:18:09.000Z</time>
        <extensions>
          <ns3:TrackPointExtension>
            <ns3:hr>120</ns3:hr>
          </ns3:TrackPointExtension>
        </extensions>
      </trkpt>
      <trkpt lat="36.86995734460651874542236328125" lon="140.033412314951419830322265625">
        <ele>209.600006103515625</ele>
        <time>2025-10-22T23:18:12.000Z</time>
        <extensions>
          <ns3:TrackPointExtension>
            <ns3:hr>120</ns3:hr>
          </ns3:TrackPointExtension>
        </extensions>
      </trkpt>
      <trkpt lat="36.86995885334908962249755859375" lon="140.03344483673572540283203125">
        <ele>209.8000030517578125</ele>
        <time>2025-10-22T23:18:14.000Z</time>
        <extensions>
          <ns3:TrackPointExtension>
            <ns3:hr>120</ns3:hr>
          </ns3:TrackPointExtension>
        </extensions>
      </trkpt>
      <trkpt lat="36.8699822388589382171630859375" lon="140.033492110669612884521484375">
        <ele>210</ele>
        <time>2025-10-22T23:18:17.000Z</time>
        <extensions>
          <ns3:TrackPointExtension>
            <ns3:hr>120</ns3:hr>
          </ns3:TrackPointExtension>
        </extensions>
      </trkpt>
      <trkpt lat="36.87005725689232349395751953125" lon="140.033563859760761260986328125">
        <ele>210</ele>
        <time>2025-10-22T23:18:22.000Z</time>
        <extensions>
          <ns3:TrackPointExtension>
            <ns3:hr>121</ns3:hr>
          </ns3:TrackPointExtension>
        </extensions>
      </trkpt>
      <trkpt lat="36.87008005566895008087158203125" lon="140.033595375716686248779296875">
        <ele>210</ele>
        <time>2025-10-22T23:18:24.000Z</time>
        <extensions>
          <ns3:TrackPointExtension>
            <ns3:hr>122</ns3:hr>
          </ns3:TrackPointExtension>
        </extensions>
      </trkpt>
      <trkpt lat="36.87016571871936321258544921875" lon="140.03368983976542949676513671875">
        <ele>209.600006103515625</ele>
        <time>2025-10-22T23:18:30.000Z</time>
        <extensions>
          <ns3:TrackPointExtension>
            <ns3:hr>124</ns3:hr>
          </ns3:TrackPointExtension>
        </extensions>
      </trkpt>
      <trkpt lat="36.8702440895140171051025390625" lon="140.03380031324923038482666015625">
        <ele>208.8000030517578125</ele>
        <time>2025-10-22T23:18:37.000Z</time>
        <extensions>
          <ns3:TrackPointExtension>
            <ns3:hr>123</ns3:hr>
          </ns3:TrackPointExtension>
        </extensions>
      </trkpt>
      <trkpt lat="36.870352216064929962158203125" lon="140.03393433988094329833984375">
        <ele>206.8000030517578125</ele>
        <time>2025-10-22T23:18:45.000Z</time>
        <extensions>
          <ns3:TrackPointExtension>
            <ns3:hr>125</ns3:hr>
          </ns3:TrackPointExtension>
        </extensions>
      </trkpt>
      <trkpt lat="36.87045925296843051910400390625" lon="140.0340303964912891387939453125">
        <ele>204.399993896484375</ele>
        <time>2025-10-22T23:18:53.000Z</time>
        <extensions>
          <ns3:TrackPointExtension>
            <ns3:hr>124</ns3:hr>
          </ns3:TrackPointExtension>
        </extensions>
      </trkpt>
      <trkpt lat="36.87058866955339908599853515625" lon="140.0341737270355224609375">
        <ele>201.600006103515625</ele>
        <time>2025-10-22T23:19:02.000Z</time>
        <extensions>
          <ns3:TrackPointExtension>
            <ns3:hr>123</ns3:hr>
          </ns3:TrackPointExtension>
        </extensions>
      </trkpt>
      <trkpt lat="36.870709620416164398193359375" lon="140.034314878284931182861328125">
        <ele>199.8000030517578125</ele>
        <time>2025-10-22T23:19:11.000Z</time>
        <extensions>
          <ns3:TrackPointExtension>
            <ns3:hr>123</ns3:hr>
          </ns3:TrackPointExtension>
        </extensions>
      </trkpt>
      <trkpt lat="36.8708204291760921478271484375" lon="140.03443582914769649505615234375">
        <ele>199.8000030517578125</ele>
        <time>2025-10-22T23:19:19.000Z</time>
        <extensions>
          <ns3:TrackPointExtension>
            <ns3:hr>125</ns3:hr>
          </ns3:TrackPointExtension>
        </extensions>
      </trkpt>
      <trkpt lat="36.87095940113067626953125" lon="140.0345836021006107330322265625">
        <ele>200</ele>
        <time>2025-10-22T23:19:29.000Z</time>
        <extensions>
          <ns3:TrackPointExtension>
            <ns3:hr>125</ns3:hr>
          </ns3:TrackPointExtension>
        </extensions>
      </trkpt>
      <trkpt lat="36.87107984907925128936767578125" lon="140.03470203839242458343505859375">
        <ele>201</ele>
        <time>2025-10-22T23:19:39.000Z</time>
        <extensions>
          <ns3:TrackPointExtension>
            <ns3:hr>126</ns3:hr>
          </ns3:TrackPointExtension>
        </extensions>
      </trkpt>
      <trkpt lat="36.87118194065988063812255859375" lon="140.0346835143864154815673828125">
        <ele>201.1999969482421875</ele>
        <time>2025-10-22T23:19:45.000Z</time>
        <extensions>
          <ns3:TrackPointExtension>
            <ns3:hr>124</ns3:hr>
          </ns3:TrackPointExtension>
        </extensions>
      </trkpt>
      <trkpt lat="36.87122024595737457275390625" lon="140.03466658294200897216796875">
        <ele>201.1999969482421875</ele>
        <time>2025-10-22T23:19:47.000Z</time>
        <extensions>
          <ns3:TrackPointExtension>
            <ns3:hr>126</ns3:hr>
          </ns3:TrackPointExtension>
        </extensions>
      </trkpt>
      <trkpt lat="36.87132577411830425262451171875" lon="140.0346137769520282745361328125">
        <ele>201.8000030517578125</ele>
        <time>2025-10-22T23:19:53.000Z</time>
        <extensions>
          <ns3:TrackPointExtension>
            <ns3:hr>125</ns3:hr>
          </ns3:TrackPointExtension>
        </extensions>
      </trkpt>
      <trkpt lat="36.87146835029125213623046875" lon="140.0345527566969394683837890625">
        <ele>202.8000030517578125</ele>
        <time>2025-10-22T23:20:02.000Z</time>
        <extensions>
          <ns3:TrackPointExtension>
            <ns3:hr>125</ns3:hr>
          </ns3:TrackPointExtension>
        </extensions>
      </trkpt>
      <trkpt lat="36.87158770859241485595703125" lon="140.034489892423152923583984375">
        <ele>203.399993896484375</ele>
        <time>2025-10-22T23:20:09.000Z</time>
        <extensions>
          <ns3:TrackPointExtension>
            <ns3:hr>126</ns3:hr>
          </ns3:TrackPointExtension>
        </extensions>
      </trkpt>
      <trkpt lat="36.871739588677883148193359375" lon="140.03438897430896759033203125">
        <ele>203.1999969482421875</ele>
        <time>2025-10-22T23:20:19.000Z</time>
        <extensions>
          <ns3:TrackPointExtension>
            <ns3:hr>126</ns3:hr>
          </ns3:TrackPointExtension>
        </extensions>
      </trkpt>
      <trkpt lat="36.87187612988054752349853515625" lon="140.0343187339603900909423828125">
        <ele>203.399993896484375</ele>
        <time>2025-10-22T23:20:27.000Z</time>
        <extensions>
          <ns3:TrackPointExtension>
            <ns3:hr>126</ns3:hr>
          </ns3:TrackPointExtension>
        </extensions>
      </trkpt>
      <trkpt lat="36.8720542453229427337646484375" lon="140.0342329032719135284423828125">
        <ele>204</ele>
        <time>2025-10-22T23:20:37.000Z</time>
        <extensions>
          <ns3:TrackPointExtension>
            <ns3:hr>126</ns3:hr>
          </ns3:TrackPointExtension>
        </extensions>
      </trkpt>
      <trkpt lat="36.8721115775406360626220703125" lon="140.034216307103633880615234375">
        <ele>204</ele>
        <time>2025-10-22T23:20:40.000Z</time>
        <extensions>
          <ns3:TrackPointExtension>
            <ns3:hr>126</ns3:hr>
          </ns3:TrackPointExtension>
        </extensions>
      </trkpt>
      <trkpt lat="36.87215541489422321319580078125" lon="140.03422292880713939666748046875">
        <ele>204</ele>
        <time>2025-10-22T23:20:42.000Z</time>
        <extensions>
          <ns3:TrackPointExtension>
            <ns3:hr>130</ns3:hr>
          </ns3:TrackPointExtension>
        </extensions>
      </trkpt>
      <trkpt lat="36.87217318452894687652587890625" lon="140.03422125242650508880615234375">
        <ele>204</ele>
        <time>2025-10-22T23:20:43.000Z</time>
        <extensions>
          <ns3:TrackPointExtension>
            <ns3:hr>129</ns3:hr>
          </ns3:TrackPointExtension>
        </extensions>
      </trkpt>
      <trkpt lat="36.8722460232675075531005859375" lon="140.03418588079512119293212890625">
        <ele>204</ele>
        <time>2025-10-22T23:20:47.000Z</time>
        <extensions>
          <ns3:TrackPointExtension>
            <ns3:hr>125</ns3:hr>
          </ns3:TrackPointExtension>
        </extensions>
      </trkpt>
      <trkpt lat="36.8723318539559841156005859375" lon="140.03414883278310298919677734375">
        <ele>204</ele>
        <time>2025-10-22T23:20:52.000Z</time>
        <extensions>
          <ns3:TrackPointExtension>
            <ns3:hr>121</ns3:hr>
          </ns3:TrackPointExtension>
        </extensions>
      </trkpt>
      <trkpt lat="36.87239932827651500701904296875" lon="140.0341202504932880401611328125">
        <ele>204</ele>
        <time>2025-10-22T23:20:56.000Z</time>
        <extensions>
          <ns3:TrackPointExtension>
            <ns3:hr>124</ns3:hr>
          </ns3:TrackPointExtension>
        </extensions>
      </trkpt>
      <trkpt lat="36.87244492582976818084716796875" lon="140.03411832265555858612060546875">
        <ele>204.1999969482421875</ele>
        <time>2025-10-22T23:20:58.000Z</time>
        <extensions>
          <ns3:TrackPointExtension>
            <ns3:hr>127</ns3:hr>
          </ns3:TrackPointExtension>
        </extensions>
      </trkpt>
      <trkpt lat="36.87250074930489063262939453125" lon="140.03411530517041683197021484375">
        <ele>204.399993896484375</ele>
        <time>2025-10-22T23:21:01.000Z</time>
        <extensions>
          <ns3:TrackPointExtension>
            <ns3:hr>130</ns3:hr>
          </ns3:TrackPointExtension>
        </extensions>
      </trkpt>
      <trkpt lat="36.87263703905045986175537109375" lon="140.0341014750301837921142578125">
        <ele>204.8000030517578125</ele>
        <time>2025-10-22T23:21:09.000Z</time>
        <extensions>
          <ns3:TrackPointExtension>
            <ns3:hr>131</ns3:hr>
          </ns3:TrackPointExtension>
        </extensions>
      </trkpt>
      <trkpt lat="36.872756145894527435302734375" lon="140.03410189412534236907958984375">
        <ele>205.399993896484375</ele>
        <time>2025-10-22T23:21:15.000Z</time>
        <extensions>
          <ns3:TrackPointExtension>
            <ns3:hr>130</ns3:hr>
          </ns3:TrackPointExtension>
        </extensions>
      </trkpt>
      <trkpt lat="36.87278791330754756927490234375" lon="140.03409661352634429931640625">
        <ele>205.399993896484375</ele>
        <time>2025-10-22T23:21:17.000Z</time>
        <extensions>
          <ns3:TrackPointExtension>
            <ns3:hr>130</ns3:hr>
          </ns3:TrackPointExtension>
        </extensions>
      </trkpt>
      <trkpt lat="36.872913055121898651123046875" lon="140.03410658799111843109130859375">
        <ele>205.8000030517578125</ele>
        <time>2025-10-22T23:21:25.000Z</time>
        <extensions>
          <ns3:TrackPointExtension>
            <ns3:hr>133</ns3:hr>
          </ns3:TrackPointExtension>
        </extensions>
      </trkpt>
      <trkpt lat="36.872931160032749176025390625" lon="140.03410977311432361602783203125">
        <ele>206</ele>
        <time>2025-10-22T23:21:26.000Z</time>
        <extensions>
          <ns3:TrackPointExtension>
            <ns3:hr>130</ns3:hr>
          </ns3:TrackPointExtension>
        </extensions>
      </trkpt>
      <trkpt lat="36.873063929378986358642578125" lon="140.0341413728892803192138671875">
        <ele>206</ele>
        <time>2025-10-22T23:21:33.000Z</time>
        <extensions>
          <ns3:TrackPointExtension>
            <ns3:hr>130</ns3:hr>
          </ns3:TrackPointExtension>
        </extensions>
      </trkpt>
      <trkpt lat="36.87317079864442348480224609375" lon="140.03418504260480403900146484375">
        <ele>206</ele>
        <time>2025-10-22T23:21:40.000Z</time>
        <extensions>
          <ns3:TrackPointExtension>
            <ns3:hr>130</ns3:hr>
          </ns3:TrackPointExtension>
        </extensions>
      </trkpt>
      <trkpt lat="36.8732847087085247039794921875" lon="140.03421672619879245758056640625">
        <ele>206</ele>
        <time>2025-10-22T23:21:47.000Z</time>
        <extensions>
          <ns3:TrackPointExtension>
            <ns3:hr>129</ns3:hr>
          </ns3:TrackPointExtension>
        </extensions>
      </trkpt>
      <trkpt lat="36.8733943440020084381103515625" lon="140.03427087329328060150146484375">
        <ele>206</ele>
        <time>2025-10-22T23:21:54.000Z</time>
        <extensions>
          <ns3:TrackPointExtension>
            <ns3:hr>127</ns3:hr>
          </ns3:TrackPointExtension>
        </extensions>
      </trkpt>
      <trkpt lat="36.8735344894230365753173828125" lon="140.0343579612672328948974609375">
        <ele>205.600006103515625</ele>
        <time>2025-10-22T23:22:02.000Z</time>
        <extensions>
          <ns3:TrackPointExtension>
            <ns3:hr>128</ns3:hr>
          </ns3:TrackPointExtension>
        </extensions>
      </trkpt>
      <trkpt lat="36.87360514886677265167236328125" lon="140.03440766595304012298583984375">
        <ele>205.399993896484375</ele>
        <time>2025-10-22T23:22:07.000Z</time>
        <extensions>
          <ns3:TrackPointExtension>
            <ns3:hr>132</ns3:hr>
          </ns3:TrackPointExtension>
        </extensions>
      </trkpt>
      <trkpt lat="36.8736188113689422607421875" lon="140.03442007116973400115966796875">
        <ele>205.399993896484375</ele>
        <time>2025-10-22T23:22:08.000Z</time>
        <extensions>
          <ns3:TrackPointExtension>
            <ns3:hr>129</ns3:hr>
          </ns3:TrackPointExtension>
        </extensions>
      </trkpt>
      <trkpt lat="36.87367178499698638916015625" lon="140.03445762209594249725341796875">
        <ele>205.1999969482421875</ele>
        <time>2025-10-22T23:22:11.000Z</time>
        <extensions>
          <ns3:TrackPointExtension>
            <ns3:hr>129</ns3:hr>
          </ns3:TrackPointExtension>
        </extensions>
      </trkpt>
      <trkpt lat="36.8737809173762798309326171875" lon="140.03455937840044498443603515625">
        <ele>205</ele>
        <time>2025-10-22T23:22:18.000Z</time>
        <extensions>
          <ns3:TrackPointExtension>
            <ns3:hr>130</ns3:hr>
          </ns3:TrackPointExtension>
        </extensions>
      </trkpt>
      <trkpt lat="36.87382257543504238128662109375" lon="140.03460279665887355804443359375">
        <ele>205</ele>
        <time>2025-10-22T23:22:21.000Z</time>
        <extensions>
          <ns3:TrackPointExtension>
            <ns3:hr>133</ns3:hr>
          </ns3:TrackPointExtension>
        </extensions>
      </trkpt>
      <trkpt lat="36.87387001700699329376220703125" lon="140.034649483859539031982421875">
        <ele>205.1999969482421875</ele>
        <time>2025-10-22T23:22:24.000Z</time>
        <extensions>
          <ns3:TrackPointExtension>
            <ns3:hr>131</ns3:hr>
          </ns3:TrackPointExtension>
        </extensions>
      </trkpt>
      <trkpt lat="36.8739824183285236358642578125" lon="140.03478082828223705291748046875">
        <ele>205.600006103515625</ele>
        <time>2025-10-22T23:22:32.000Z</time>
        <extensions>
          <ns3:TrackPointExtension>
            <ns3:hr>130</ns3:hr>
          </ns3:TrackPointExtension>
        </extensions>
      </trkpt>
      <trkpt lat="36.874009408056735992431640625" lon="140.03481150604784488677978515625">
        <ele>205.8000030517578125</ele>
        <time>2025-10-22T23:22:34.000Z</time>
        <extensions>
          <ns3:TrackPointExtension>
            <ns3:hr>133</ns3:hr>
          </ns3:TrackPointExtension>
        </extensions>
      </trkpt>
      <trkpt lat="36.87407302670180797576904296875" lon="140.03489792346954345703125">
        <ele>206</ele>
        <time>2025-10-22T23:22:39.000Z</time>
        <extensions>
          <ns3:TrackPointExtension>
            <ns3:hr>132</ns3:hr>
          </ns3:TrackPointExtension>
        </extensions>
      </trkpt>
      <trkpt lat="36.87413438223302364349365234375" lon="140.034960620105266571044921875">
        <ele>206</ele>
        <time>2025-10-22T23:22:43.000Z</time>
        <extensions>
          <ns3:TrackPointExtension>
            <ns3:hr>129</ns3:hr>
          </ns3:TrackPointExtension>
        </extensions>
      </trkpt>
      <trkpt lat="36.8741654790937900543212890625" lon="140.03502055071294307708740234375">
        <ele>206</ele>
        <time>2025-10-22T23:22:46.000Z</time>
        <extensions>
          <ns3:TrackPointExtension>
            <ns3:hr>128</ns3:hr>
          </ns3:TrackPointExtension>
        </extensions>
      </trkpt>
      <trkpt lat="36.87425315380096435546875" lon="140.03516891039907932281494140625">
        <ele>206</ele>
        <time>2025-10-22T23:22:54.000Z</time>
        <extensions>
          <ns3:TrackPointExtension>
            <ns3:hr>128</ns3:hr>
          </ns3:TrackPointExtension>
        </extensions>
      </trkpt>
      <trkpt lat="36.8743532337248325347900390625" lon="140.0353114865720272064208984375">
        <ele>205.1999969482421875</ele>
        <time>2025-10-22T23:23:02.000Z</time>
        <extensions>
          <ns3:TrackPointExtension>
            <ns3:hr>130</ns3:hr>
          </ns3:TrackPointExtension>
        </extensions>
      </trkpt>
      <trkpt lat="36.8744756095111370086669921875" lon="140.03547686152160167694091796875">
        <ele>204</ele>
        <time>2025-10-22T23:23:12.000Z</time>
        <extensions>
          <ns3:TrackPointExtension>
            <ns3:hr>130</ns3:hr>
          </ns3:TrackPointExtension>
        </extensions>
      </trkpt>
      <trkpt lat="36.87450553290545940399169921875" lon="140.03550921566784381866455078125">
        <ele>203.8000030517578125</ele>
        <time>2025-10-22T23:23:14.000Z</time>
        <extensions>
          <ns3:TrackPointExtension>
            <ns3:hr>129</ns3:hr>
          </ns3:TrackPointExtension>
        </extensions>
      </trkpt>
      <trkpt lat="36.87461919151246547698974609375" lon="140.03566578961908817291259765625">
        <ele>203.399993896484375</ele>
        <time>2025-10-22T23:23:23.000Z</time>
        <extensions>
          <ns3:TrackPointExtension>
            <ns3:hr>127</ns3:hr>
          </ns3:TrackPointExtension>
        </extensions>
      </trkpt>
      <trkpt lat="36.874728240072727203369140625" lon="140.035877935588359832763671875">
        <ele>203.600006103515625</ele>
        <time>2025-10-22T23:23:33.000Z</time>
        <extensions>
          <ns3:TrackPointExtension>
            <ns3:hr>128</ns3:hr>
          </ns3:TrackPointExtension>
        </extensions>
      </trkpt>
      <trkpt lat="36.874828822910785675048828125" lon="140.03607030026614665985107421875">
        <ele>204.399993896484375</ele>
        <time>2025-10-22T23:23:41.000Z</time>
        <extensions>
          <ns3:TrackPointExtension>
            <ns3:hr>128</ns3:hr>
          </ns3:TrackPointExtension>
        </extensions>
      </trkpt>
      <trkpt lat="36.8749530427157878875732421875" lon="140.03617255948483943939208984375">
        <ele>204.600006103515625</ele>
        <time>2025-10-22T23:23:49.000Z</time>
        <extensions>
          <ns3:TrackPointExtension>
            <ns3:hr>129</ns3:hr>
          </ns3:TrackPointExtension>
        </extensions>
      </trkpt>
      <trkpt lat="36.87504549510776996612548828125" lon="140.03625570796430110931396484375">
        <ele>205</ele>
        <time>2025-10-22T23:23:56.000Z</time>
        <extensions>
          <ns3:TrackPointExtension>
            <ns3:hr>130</ns3:hr>
          </ns3:TrackPointExtension>
        </extensions>
      </trkpt>
      <trkpt lat="36.87513224780559539794921875" lon="140.03640105016529560089111328125">
        <ele>205.399993896484375</ele>
        <time>2025-10-22T23:24:04.000Z</time>
        <extensions>
          <ns3:TrackPointExtension>
            <ns3:hr>128</ns3:hr>
          </ns3:TrackPointExtension>
        </extensions>
      </trkpt>
      <trkpt lat="36.8752400390803813934326171875" lon="140.0365714542567729949951171875">
        <ele>205.600006103515625</ele>
        <time>2025-10-22T23:24:14.000Z</time>
        <extensions>
          <ns3:TrackPointExtension>
            <ns3:hr>127</ns3:hr>
          </ns3:TrackPointExtension>
        </extensions>
      </trkpt>
      <trkpt lat="36.8753600679337978363037109375" lon="140.03671822138130664825439453125">
        <ele>205</ele>
        <time>2025-10-22T23:24:24.000Z</time>
        <extensions>
          <ns3:TrackPointExtension>
            <ns3:hr>125</ns3:hr>
          </ns3:TrackPointExtension>
        </extensions>
      </trkpt>
      <trkpt lat="36.8754693679511547088623046875" lon="140.0368678383529186248779296875">
        <ele>205</ele>
        <time>2025-10-22T23:24:34.000Z</time>
        <extensions>
          <ns3:TrackPointExtension>
            <ns3:hr>125</ns3:hr>
          </ns3:TrackPointExtension>
        </extensions>
      </trkpt>
      <trkpt lat="36.87559031881392002105712890625" lon="140.03702265210449695587158203125">
        <ele>205</ele>
        <time>2025-10-22T23:24:44.000Z</time>
        <extensions>
          <ns3:TrackPointExtension>
            <ns3:hr>124</ns3:hr>
          </ns3:TrackPointExtension>
        </extensions>
      </trkpt>
      <trkpt lat="36.8757178075611591339111328125" lon="140.037184171378612518310546875">
        <ele>205</ele>
        <time>2025-10-22T23:24:55.000Z</time>
        <extensions>
          <ns3:TrackPointExtension>
            <ns3:hr>124</ns3:hr>
          </ns3:TrackPointExtension>
        </extensions>
      </trkpt>
      <trkpt lat="36.87583674676716327667236328125" lon="140.037347786128520965576171875">
        <ele>205</ele>
        <time>2025-10-22T23:25:05.000Z</time>
        <extensions>
          <ns3:TrackPointExtension>
            <ns3:hr>124</ns3:hr>
          </ns3:TrackPointExtension>
        </extensions>
      </trkpt>
      <trkpt lat="36.87592685222625732421875" lon="140.03745063208043575286865234375">
        <ele>205</ele>
        <time>2025-10-22T23:25:12.000Z</time>
        <extensions>
          <ns3:TrackPointExtension>
            <ns3:hr>127</ns3:hr>
          </ns3:TrackPointExtension>
        </extensions>
      </trkpt>
      <trkpt lat="36.87596683390438556671142578125" lon="140.0375038571655750274658203125">
        <ele>205.1999969482421875</ele>
        <time>2025-10-22T23:25:15.000Z</time>
        <extensions>
          <ns3:TrackPointExtension>
            <ns3:hr>127</ns3:hr>
          </ns3:TrackPointExtension>
        </extensions>
      </trkpt>
      <trkpt lat="36.8760810792446136474609375" lon="140.03766822628676891326904296875">
        <ele>206</ele>
        <time>2025-10-22T23:25:24.000Z</time>
        <extensions>
          <ns3:TrackPointExtension>
            <ns3:hr>128</ns3:hr>
          </ns3:TrackPointExtension>
        </extensions>
      </trkpt>
      <trkpt lat="36.87620270065963268280029296875" lon="140.03783301450312137603759765625">
        <ele>206.1999969482421875</ele>
        <time>2025-10-22T23:25:34.000Z</time>
        <extensions>
          <ns3:TrackPointExtension>
            <ns3:hr>125</ns3:hr>
          </ns3:TrackPointExtension>
        </extensions>
      </trkpt>
      <trkpt lat="36.8762931413948535919189453125" lon="140.03797416575253009796142578125">
        <ele>206.1999969482421875</ele>
        <time>2025-10-22T23:25:44.000Z</time>
        <extensions>
          <ns3:TrackPointExtension>
            <ns3:hr>122</ns3:hr>
          </ns3:TrackPointExtension>
        </extensions>
      </trkpt>
      <trkpt lat="36.876412332057952880859375" lon="140.0381378643214702606201171875">
        <ele>206</ele>
        <time>2025-10-22T23:25:55.000Z</time>
        <extensions>
          <ns3:TrackPointExtension>
            <ns3:hr>123</ns3:hr>
          </ns3:TrackPointExtension>
        </extensions>
      </trkpt>
      <trkpt lat="36.87654233537614345550537109375" lon="140.03830826841294765472412109375">
        <ele>205.600006103515625</ele>
        <time>2025-10-22T23:26:06.000Z</time>
        <extensions>
          <ns3:TrackPointExtension>
            <ns3:hr>123</ns3:hr>
          </ns3:TrackPointExtension>
        </extensions>
      </trkpt>
      <trkpt lat="36.87666437588632106781005859375" lon="140.03847707994282245635986328125">
        <ele>205</ele>
        <time>2025-10-22T23:26:17.000Z</time>
        <extensions>
          <ns3:TrackPointExtension>
            <ns3:hr>125</ns3:hr>
          </ns3:TrackPointExtension>
        </extensions>
      </trkpt>
      <trkpt lat="36.87672975473105907440185546875" lon="140.0385784171521663665771484375">
        <ele>205</ele>
        <time>2025-10-22T23:26:23.000Z</time>
        <extensions>
          <ns3:TrackPointExtension>
            <ns3:hr>125</ns3:hr>
          </ns3:TrackPointExtension>
        </extensions>
      </trkpt>
      <trkpt lat="36.87678809277713298797607421875" lon="140.03865712322294712066650390625">
        <ele>205.1999969482421875</ele>
        <time>2025-10-22T23:26:28.000Z</time>
        <extensions>
          <ns3:TrackPointExtension>
            <ns3:hr>125</ns3:hr>
          </ns3:TrackPointExtension>
        </extensions>
      </trkpt>
      <trkpt lat="36.8768812157213687896728515625" lon="140.0387681834399700164794921875">
        <ele>205.8000030517578125</ele>
        <time>2025-10-22T23:26:36.000Z</time>
        <extensions>
          <ns3:TrackPointExtension>
            <ns3:hr>124</ns3:hr>
          </ns3:TrackPointExtension>
        </extensions>
      </trkpt>
      <trkpt lat="36.87698422931134700775146484375" lon="140.0389126874506473541259765625">
        <ele>206</ele>
        <time>2025-10-22T23:26:45.000Z</time>
        <extensions>
          <ns3:TrackPointExtension>
            <ns3:hr>123</ns3:hr>
          </ns3:TrackPointExtension>
        </extensions>
      </trkpt>
      <trkpt lat="36.8770867399871349334716796875" lon="140.03906062804162502288818359375">
        <ele>206.399993896484375</ele>
        <time>2025-10-22T23:26:54.000Z</time>
        <extensions>
          <ns3:TrackPointExtension>
            <ns3:hr>123</ns3:hr>
          </ns3:TrackPointExtension>
        </extensions>
      </trkpt>
      <trkpt lat="36.877152621746063232421875" lon="140.03920848481357097625732421875">
        <ele>207.1999969482421875</ele>
        <time>2025-10-22T23:27:02.000Z</time>
        <extensions>
          <ns3:TrackPointExtension>
            <ns3:hr>122</ns3:hr>
          </ns3:TrackPointExtension>
        </extensions>
      </trkpt>
      <trkpt lat="36.8772210180759429931640625" lon="140.039351396262645721435546875">
        <ele>208</ele>
        <time>2025-10-22T23:27:10.000Z</time>
        <extensions>
          <ns3:TrackPointExtension>
            <ns3:hr>123</ns3:hr>
          </ns3:TrackPointExtension>
        </extensions>
      </trkpt>
      <trkpt lat="36.877309195697307586669921875" lon="140.03942591138184070587158203125">
        <ele>209.1999969482421875</ele>
        <time>2025-10-22T23:27:17.000Z</time>
        <extensions>
          <ns3:TrackPointExtension>
            <ns3:hr>126</ns3:hr>
          </ns3:TrackPointExtension>
        </extensions>
      </trkpt>
      <trkpt lat="36.87733811326324939727783203125" lon="140.0394434295594692230224609375">
        <ele>209.399993896484375</ele>
        <time>2025-10-22T23:27:19.000Z</time>
        <extensions>
          <ns3:TrackPointExtension>
            <ns3:hr>126</ns3:hr>
          </ns3:TrackPointExtension>
        </extensions>
      </trkpt>
      <trkpt lat="36.87744087539613246917724609375" lon="140.0395393185317516326904296875">
        <ele>209.8000030517578125</ele>
        <time>2025-10-22T23:27:27.000Z</time>
        <extensions>
          <ns3:TrackPointExtension>
            <ns3:hr>126</ns3:hr>
          </ns3:TrackPointExtension>
        </extensions>
      </trkpt>
      <trkpt lat="36.877533160150051116943359375" lon="140.03965683281421661376953125">
        <ele>210.399993896484375</ele>
        <time>2025-10-22T23:27:35.000Z</time>
        <extensions>
          <ns3:TrackPointExtension>
            <ns3:hr>124</ns3:hr>
          </ns3:TrackPointExtension>
        </extensions>
      </trkpt>
      <trkpt lat="36.877664588391780853271484375" lon="140.03977610729634761810302734375">
        <ele>211.399993896484375</ele>
        <time>2025-10-22T23:27:44.000Z</time>
        <extensions>
          <ns3:TrackPointExtension>
            <ns3:hr>124</ns3:hr>
          </ns3:TrackPointExtension>
        </extensions>
      </trkpt>
      <trkpt lat="36.87771060504019260406494140625" lon="140.0398246385157108306884765625">
        <ele>211.600006103515625</ele>
        <time>2025-10-22T23:27:48.000Z</time>
        <extensions>
          <ns3:TrackPointExtension>
            <ns3:hr>125</ns3:hr>
          </ns3:TrackPointExtension>
        </extensions>
      </trkpt>
      <trkpt lat="36.87771596945822238922119140625" lon="140.03983779810369014739990234375">
        <ele>211.8000030517578125</ele>
        <time>2025-10-22T23:27:49.000Z</time>
        <extensions>
          <ns3:TrackPointExtension>
            <ns3:hr>125</ns3:hr>
          </ns3:TrackPointExtension>
        </extensions>
      </trkpt>
      <trkpt lat="36.87779308296740055084228515625" lon="140.0399346090853214263916015625">
        <ele>212.1999969482421875</ele>
        <time>2025-10-22T23:27:56.000Z</time>
        <extensions>
          <ns3:TrackPointExtension>
            <ns3:hr>125</ns3:hr>
          </ns3:TrackPointExtension>
        </extensions>
      </trkpt>
      <trkpt lat="36.8779024668037891387939453125" lon="140.04005589522421360015869140625">
        <ele>212.600006103515625</ele>
        <time>2025-10-22T23:28:06.000Z</time>
        <extensions>
          <ns3:TrackPointExtension>
            <ns3:hr>124</ns3:hr>
          </ns3:TrackPointExtension>
        </extensions>
      </trkpt>
      <trkpt lat="36.87799148261547088623046875" lon="140.0401501916348934173583984375">
        <ele>213</ele>
        <time>2025-10-22T23:28:13.000Z</time>
        <extensions>
          <ns3:TrackPointExtension>
            <ns3:hr>125</ns3:hr>
          </ns3:TrackPointExtension>
        </extensions>
      </trkpt>
      <trkpt lat="36.87803615815937519073486328125" lon="140.040206350386142730712890625">
        <ele>213</ele>
        <time>2025-10-22T23:28:17.000Z</time>
        <extensions>
          <ns3:TrackPointExtension>
            <ns3:hr>125</ns3:hr>
          </ns3:TrackPointExtension>
        </extensions>
      </trkpt>
      <trkpt lat="36.87808561138808727264404296875" lon="140.04026024602353572845458984375">
        <ele>213</ele>
        <time>2025-10-22T23:28:21.000Z</time>
        <extensions>
          <ns3:TrackPointExtension>
            <ns3:hr>125</ns3:hr>
          </ns3:TrackPointExtension>
        </extensions>
      </trkpt>
      <trkpt lat="36.878165490925312042236328125" lon="140.0403463281691074371337890625">
        <ele>213</ele>
        <time>2025-10-22T23:28:28.000Z</time>
        <extensions>
          <ns3:TrackPointExtension>
            <ns3:hr>125</ns3:hr>
          </ns3:TrackPointExtension>
        </extensions>
      </trkpt>
      <trkpt lat="36.8782876990735530853271484375" lon="140.040438361465930938720703125">
        <ele>213</ele>
        <time>2025-10-22T23:28:36.000Z</time>
        <extensions>
          <ns3:TrackPointExtension>
            <ns3:hr>126</ns3:hr>
          </ns3:TrackPointExtension>
        </extensions>
      </trkpt>
      <trkpt lat="36.8784144334495067596435546875" lon="140.0405756570398807525634765625">
        <ele>213</ele>
        <time>2025-10-22T23:28:46.000Z</time>
        <extensions>
          <ns3:TrackPointExtension>
            <ns3:hr>126</ns3:hr>
          </ns3:TrackPointExtension>
        </extensions>
      </trkpt>
      <trkpt lat="36.87851459719240665435791015625" lon="140.0406671874225139617919921875">
        <ele>213</ele>
        <time>2025-10-22T23:28:53.000Z</time>
        <extensions>
          <ns3:TrackPointExtension>
            <ns3:hr>126</ns3:hr>
          </ns3:TrackPointExtension>
        </extensions>
      </trkpt>
      <trkpt lat="36.87863118946552276611328125" lon="140.04076860845088958740234375">
        <ele>213</ele>
        <time>2025-10-22T23:29:01.000Z</time>
        <extensions>
          <ns3:TrackPointExtension>
            <ns3:hr>125</ns3:hr>
          </ns3:TrackPointExtension>
        </extensions>
      </trkpt>
      <trkpt lat="36.87873822636902332305908203125" lon="140.04086977802217006683349609375">
        <ele>213</ele>
        <time>2025-10-22T23:29:09.000Z</time>
        <extensions>
          <ns3:TrackPointExtension>
            <ns3:hr>125</ns3:hr>
          </ns3:TrackPointExtension>
        </extensions>
      </trkpt>
      <trkpt lat="36.87881617806851863861083984375" lon="140.0409458018839359283447265625">
        <ele>213</ele>
        <time>2025-10-22T23:29:15.000Z</time>
        <extensions>
          <ns3:TrackPointExtension>
            <ns3:hr>125</ns3:hr>
          </ns3:TrackPointExtension>
        </extensions>
      </trkpt>
      <trkpt lat="36.87895431183278560638427734375" lon="140.0410638190805912017822265625">
        <ele>212.8000030517578125</ele>
        <time>2025-10-22T23:29:25.000Z</time>
        <extensions>
          <ns3:TrackPointExtension>
            <ns3:hr>125</ns3:hr>
          </ns3:TrackPointExtension>
        </extensions>
      </trkpt>
      <trkpt lat="36.87903712503612041473388671875" lon="140.04115224815905094146728515625">
        <ele>212.399993896484375</ele>
        <time>2025-10-22T23:29:32.000Z</time>
        <extensions>
          <ns3:TrackPointExtension>
            <ns3:hr>124</ns3:hr>
          </ns3:TrackPointExtension>
        </extensions>
      </trkpt>
      <trkpt lat="36.87915983609855175018310546875" lon="140.04127982072532176971435546875">
        <ele>212</ele>
        <time>2025-10-22T23:29:41.000Z</time>
        <extensions>
          <ns3:TrackPointExtension>
            <ns3:hr>125</ns3:hr>
          </ns3:TrackPointExtension>
        </extensions>
      </trkpt>
      <trkpt lat="36.87926947139203548431396484375" lon="140.04137537442147731781005859375">
        <ele>212</ele>
        <time>2025-10-22T23:29:49.000Z</time>
        <extensions>
          <ns3:TrackPointExtension>
            <ns3:hr>127</ns3:hr>
          </ns3:TrackPointExtension>
        </extensions>
      </trkpt>
      <trkpt lat="36.8794276379048824310302734375" lon="140.041509903967380523681640625">
        <ele>212.600006103515625</ele>
        <time>2025-10-22T23:30:00.000Z</time>
        <extensions>
          <ns3:TrackPointExtension>
            <ns3:hr>125</ns3:hr>
          </ns3:TrackPointExtension>
        </extensions>
      </trkpt>
      <trkpt lat="36.8795493431389331817626953125" lon="140.04159984178841114044189453125">
        <ele>213.1999969482421875</ele>
        <time>2025-10-22T23:30:08.000Z</time>
        <extensions>
          <ns3:TrackPointExtension>
            <ns3:hr>123</ns3:hr>
          </ns3:TrackPointExtension>
        </extensions>
      </trkpt>
      <trkpt lat="36.87966476194560527801513671875" lon="140.04168701358139514923095703125">
        <ele>213.1999969482421875</ele>
        <time>2025-10-22T23:30:16.000Z</time>
        <extensions>
          <ns3:TrackPointExtension>
            <ns3:hr>123</ns3:hr>
          </ns3:TrackPointExtension>
        </extensions>
      </trkpt>
      <trkpt lat="36.8797820247709751129150390625" lon="140.04179614596068859100341796875">
        <ele>213</ele>
        <time>2025-10-22T23:30:25.000Z</time>
        <extensions>
          <ns3:TrackPointExtension>
            <ns3:hr>124</ns3:hr>
          </ns3:TrackPointExtension>
        </extensions>
      </trkpt>
      <trkpt lat="36.87990616075694561004638671875" lon="140.0418976508080959320068359375">
        <ele>212.8000030517578125</ele>
        <time>2025-10-22T23:30:34.000Z</time>
        <extensions>
          <ns3:TrackPointExtension>
            <ns3:hr>124</ns3:hr>
          </ns3:TrackPointExtension>
        </extensions>
      </trkpt>
      <trkpt lat="36.88001495786011219024658203125" lon="140.04199110902845859527587890625">
        <ele>212.399993896484375</ele>
        <time>2025-10-22T23:30:42.000Z</time>
        <extensions>
          <ns3:TrackPointExtension>
            <ns3:hr>124</ns3:hr>
          </ns3:TrackPointExtension>
        </extensions>
      </trkpt>
      <trkpt lat="36.88012811355292797088623046875" lon="140.04210493527352809906005859375">
        <ele>212.1999969482421875</ele>
        <time>2025-10-22T23:30:51.000Z</time>
        <extensions>
          <ns3:TrackPointExtension>
            <ns3:hr>125</ns3:hr>
          </ns3:TrackPointExtension>
        </extensions>
      </trkpt>
      <trkpt lat="36.88018410466611385345458984375" lon="140.0421551428735256195068359375">
        <ele>212.399993896484375</ele>
        <time>2025-10-22T23:30:55.000Z</time>
        <extensions>
          <ns3:TrackPointExtension>
            <ns3:hr>125</ns3:hr>
          </ns3:TrackPointExtension>
        </extensions>
      </trkpt>
      <trkpt lat="36.88021771609783172607421875" lon="140.04218406043946743011474609375">
        <ele>212.8000030517578125</ele>
        <time>2025-10-22T23:30:57.000Z</time>
        <extensions>
          <ns3:TrackPointExtension>
            <ns3:hr>125</ns3:hr>
          </ns3:TrackPointExtension>
        </extensions>
      </trkpt>
      <trkpt lat="36.88032743521034717559814453125" lon="140.04228950478136539459228515625">
        <ele>213.399993896484375</ele>
        <time>2025-10-22T23:31:05.000Z</time>
        <extensions>
          <ns3:TrackPointExtension>
            <ns3:hr>124</ns3:hr>
          </ns3:TrackPointExtension>
        </extensions>
      </trkpt>
      <trkpt lat="36.8804314546287059783935546875" lon="140.0423841364681720733642578125">
        <ele>214</ele>
        <time>2025-10-22T23:31:12.000Z</time>
        <extensions>
          <ns3:TrackPointExtension>
            <ns3:hr>121</ns3:hr>
          </ns3:TrackPointExtension>
        </extensions>
      </trkpt>
      <trkpt lat="36.88055542297661304473876953125" lon="140.04249854944646358489990234375">
        <ele>214</ele>
        <time>2025-10-22T23:31:21.000Z</time>
        <extensions>
          <ns3:TrackPointExtension>
            <ns3:hr>120</ns3:hr>
          </ns3:TrackPointExtension>
        </extensions>
      </trkpt>
      <trkpt lat="36.880641840398311614990234375" lon="140.04257901571691036224365234375">
        <ele>214</ele>
        <time>2025-10-22T23:31:28.000Z</time>
        <extensions>
          <ns3:TrackPointExtension>
            <ns3:hr>120</ns3:hr>
          </ns3:TrackPointExtension>
        </extensions>
      </trkpt>
      <trkpt lat="36.8807895295321941375732421875" lon="140.0427180714905261993408203125">
        <ele>213.8000030517578125</ele>
        <time>2025-10-22T23:31:38.000Z</time>
        <extensions>
          <ns3:TrackPointExtension>
            <ns3:hr>120</ns3:hr>
          </ns3:TrackPointExtension>
        </extensions>
      </trkpt>
      <trkpt lat="36.88080470077693462371826171875" lon="140.0427304767072200775146484375">
        <ele>213.8000030517578125</ele>
        <time>2025-10-22T23:31:39.000Z</time>
        <extensions>
          <ns3:TrackPointExtension>
            <ns3:hr>121</ns3:hr>
          </ns3:TrackPointExtension>
        </extensions>
      </trkpt>
      <trkpt lat="36.880908720195293426513671875" lon="140.04283533431589603424072265625">
        <ele>213.8000030517578125</ele>
        <time>2025-10-22T23:31:47.000Z</time>
        <extensions>
          <ns3:TrackPointExtension>
            <ns3:hr>123</ns3:hr>
          </ns3:TrackPointExtension>
        </extensions>
      </trkpt>
      <trkpt lat="36.88102765940129756927490234375" lon="140.0429242663085460662841796875">
        <ele>214</ele>
        <time>2025-10-22T23:31:55.000Z</time>
        <extensions>
          <ns3:TrackPointExtension>
            <ns3:hr>124</ns3:hr>
          </ns3:TrackPointExtension>
        </extensions>
      </trkpt>
      <trkpt lat="36.88118339516222476959228515625" lon="140.04306885413825511932373046875">
        <ele>214</ele>
        <time>2025-10-22T23:32:06.000Z</time>
        <extensions>
          <ns3:TrackPointExtension>
            <ns3:hr>125</ns3:hr>
          </ns3:TrackPointExtension>
        </extensions>
      </trkpt>
      <trkpt lat="36.8813306652009487152099609375" lon="140.0431981869041919708251953125">
        <ele>214.399993896484375</ele>
        <time>2025-10-22T23:32:16.000Z</time>
        <extensions>
          <ns3:TrackPointExtension>
            <ns3:hr>123</ns3:hr>
          </ns3:TrackPointExtension>
        </extensions>
      </trkpt>
      <trkpt lat="36.8814671225845813751220703125" lon="140.0433138571679592132568359375">
        <ele>215</ele>
        <time>2025-10-22T23:32:26.000Z</time>
        <extensions>
          <ns3:TrackPointExtension>
            <ns3:hr>123</ns3:hr>
          </ns3:TrackPointExtension>
        </extensions>
      </trkpt>
      <trkpt lat="36.88158321194350719451904296875" lon="140.04341100342571735382080078125">
        <ele>215</ele>
        <time>2025-10-22T23:32:34.000Z</time>
        <extensions>
          <ns3:TrackPointExtension>
            <ns3:hr>122</ns3:hr>
          </ns3:TrackPointExtension>
        </extensions>
      </trkpt>
      <trkpt lat="36.88171497546136379241943359375" lon="140.0435257516801357269287109375">
        <ele>215</ele>
        <time>2025-10-22T23:32:43.000Z</time>
        <extensions>
          <ns3:TrackPointExtension>
            <ns3:hr>122</ns3:hr>
          </ns3:TrackPointExtension>
        </extensions>
      </trkpt>
      <trkpt lat="36.88187154941260814666748046875" lon="140.04365877248346805572509765625">
        <ele>215</ele>
        <time>2025-10-22T23:32:54.000Z</time>
        <extensions>
          <ns3:TrackPointExtension>
            <ns3:hr>123</ns3:hr>
          </ns3:TrackPointExtension>
        </extensions>
      </trkpt>
      <trkpt lat="36.88190356828272342681884765625" lon="140.04367805086076259613037109375">
        <ele>215</ele>
        <time>2025-10-22T23:32:56.000Z</time>
        <extensions>
          <ns3:TrackPointExtension>
            <ns3:hr>123</ns3:hr>
          </ns3:TrackPointExtension>
        </extensions>
      </trkpt>
      <trkpt lat="36.8820354156196117401123046875" lon="140.0437839142978191375732421875">
        <ele>215</ele>
        <time>2025-10-22T23:33:05.000Z</time>
        <extensions>
          <ns3:TrackPointExtension>
            <ns3:hr>125</ns3:hr>
          </ns3:TrackPointExtension>
        </extensions>
      </trkpt>
      <trkpt lat="36.88216139562427997589111328125" lon="140.04392833448946475982666015625">
        <ele>215</ele>
        <time>2025-10-22T23:33:15.000Z</time>
        <extensions>
          <ns3:TrackPointExtension>
            <ns3:hr>125</ns3:hr>
          </ns3:TrackPointExtension>
        </extensions>
      </trkpt>
      <trkpt lat="36.8822930753231048583984375" lon="140.044039897620677947998046875">
        <ele>215</ele>
        <time>2025-10-22T23:33:24.000Z</time>
        <extensions>
          <ns3:TrackPointExtension>
            <ns3:hr>125</ns3:hr>
          </ns3:TrackPointExtension>
        </extensions>
      </trkpt>
      <trkpt lat="36.8824216537177562713623046875" lon="140.044128410518169403076171875">
        <ele>214.399993896484375</ele>
        <time>2025-10-22T23:33:32.000Z</time>
        <extensions>
          <ns3:TrackPointExtension>
            <ns3:hr>124</ns3:hr>
          </ns3:TrackPointExtension>
        </extensions>
      </trkpt>
      <trkpt lat="36.8825822509825229644775390625" lon="140.0442469306290149688720703125">
        <ele>213.399993896484375</ele>
        <time>2025-10-22T23:33:42.000Z</time>
        <extensions>
          <ns3:TrackPointExtension>
            <ns3:hr>123</ns3:hr>
          </ns3:TrackPointExtension>
        </extensions>
      </trkpt>
      <trkpt lat="36.88270119018852710723876953125" lon="140.04433200694620609283447265625">
        <ele>213.399993896484375</ele>
        <time>2025-10-22T23:33:50.000Z</time>
        <extensions>
          <ns3:TrackPointExtension>
            <ns3:hr>124</ns3:hr>
          </ns3:TrackPointExtension>
        </extensions>
      </trkpt>
      <trkpt lat="36.88286262564361095428466796875" lon="140.0444507785141468048095703125">
        <ele>214</ele>
        <time>2025-10-22T23:34:01.000Z</time>
        <extensions>
          <ns3:TrackPointExtension>
            <ns3:hr>122</ns3:hr>
          </ns3:TrackPointExtension>
        </extensions>
      </trkpt>
      <trkpt lat="36.882987432181835174560546875" lon="140.0445573963224887847900390625">
        <ele>214</ele>
        <time>2025-10-22T23:34:10.000Z</time>
        <extensions>
          <ns3:TrackPointExtension>
            <ns3:hr>121</ns3:hr>
          </ns3:TrackPointExtension>
        </extensions>
      </trkpt>
      <trkpt lat="36.8831594288349151611328125" lon="140.04467524588108062744140625">
        <ele>214.1999969482421875</ele>
        <time>2025-10-22T23:34:21.000Z</time>
        <extensions>
          <ns3:TrackPointExtension>
            <ns3:hr>122</ns3:hr>
          </ns3:TrackPointExtension>
        </extensions>
      </trkpt>
      <trkpt lat="36.88327048905193805694580078125" lon="140.04474791698157787322998046875">
        <ele>214.600006103515625</ele>
        <time>2025-10-22T23:34:28.000Z</time>
        <extensions>
          <ns3:TrackPointExtension>
            <ns3:hr>122</ns3:hr>
          </ns3:TrackPointExtension>
        </extensions>
      </trkpt>
      <trkpt lat="36.883441396057605743408203125" lon="140.04486258141696453094482421875">
        <ele>215</ele>
        <time>2025-10-22T23:34:38.000Z</time>
        <extensions>
          <ns3:TrackPointExtension>
            <ns3:hr>123</ns3:hr>
          </ns3:TrackPointExtension>
        </extensions>
      </trkpt>
      <trkpt lat="36.88345623202621936798095703125" lon="140.0448732264339923858642578125">
        <ele>215</ele>
        <time>2025-10-22T23:34:39.000Z</time>
        <extensions>
          <ns3:TrackPointExtension>
            <ns3:hr>123</ns3:hr>
          </ns3:TrackPointExtension>
        </extensions>
      </trkpt>
      <trkpt lat="36.8835510313510894775390625" lon="140.0449396111071109771728515625">
        <ele>215</ele>
        <time>2025-10-22T23:34:46.000Z</time>
        <extensions>
          <ns3:TrackPointExtension>
            <ns3:hr>122</ns3:hr>
          </ns3:TrackPointExtension>
        </extensions>
      </trkpt>
      <trkpt lat="36.88369343988597393035888671875" lon="140.0450411997735500335693359375">
        <ele>215</ele>
        <time>2025-10-22T23:34:56.000Z</time>
        <extensions>
          <ns3:TrackPointExtension>
            <ns3:hr>120</ns3:hr>
          </ns3:TrackPointExtension>
        </extensions>
      </trkpt>
      <trkpt lat="36.8838613294064998626708984375" lon="140.04515402019023895263671875">
        <ele>215</ele>
        <time>2025-10-22T23:35:06.000Z</time>
        <extensions>
          <ns3:TrackPointExtension>
            <ns3:hr>122</ns3:hr>
          </ns3:TrackPointExtension>
        </extensions>
      </trkpt>
      <trkpt lat="36.8839709646999835968017578125" lon="140.04522317089140415191650390625">
        <ele>215.1999969482421875</ele>
        <time>2025-10-22T23:35:13.000Z</time>
        <extensions>
          <ns3:TrackPointExtension>
            <ns3:hr>125</ns3:hr>
          </ns3:TrackPointExtension>
        </extensions>
      </trkpt>
      <trkpt lat="36.88402511179447174072265625" lon="140.04524831660091876983642578125">
        <ele>215.399993896484375</ele>
        <time>2025-10-22T23:35:16.000Z</time>
        <extensions>
          <ns3:TrackPointExtension>
            <ns3:hr>125</ns3:hr>
          </ns3:TrackPointExtension>
        </extensions>
      </trkpt>
      <trkpt lat="36.88417003490030765533447265625" lon="140.0453352369368076324462890625">
        <ele>215.600006103515625</ele>
        <time>2025-10-22T23:35:25.000Z</time>
        <extensions>
          <ns3:TrackPointExtension>
            <ns3:hr>125</ns3:hr>
          </ns3:TrackPointExtension>
        </extensions>
      </trkpt>
      <trkpt lat="36.88432359136641025543212890625" lon="140.04543774761259555816650390625">
        <ele>216</ele>
        <time>2025-10-22T23:35:35.000Z</time>
        <extensions>
          <ns3:TrackPointExtension>
            <ns3:hr>125</ns3:hr>
          </ns3:TrackPointExtension>
        </extensions>
      </trkpt>
      <trkpt lat="36.88449877314269542694091796875" lon="140.04554587416350841522216796875">
        <ele>216</ele>
        <time>2025-10-22T23:35:46.000Z</time>
        <extensions>
          <ns3:TrackPointExtension>
            <ns3:hr>127</ns3:hr>
          </ns3:TrackPointExtension>
        </extensions>
      </trkpt>
      <trkpt lat="36.88462131656706333160400390625" lon="140.04562969319522380828857421875">
        <ele>216</ele>
        <time>2025-10-22T23:35:55.000Z</time>
        <extensions>
          <ns3:TrackPointExtension>
            <ns3:hr>128</ns3:hr>
          </ns3:TrackPointExtension>
        </extensions>
      </trkpt>
      <trkpt lat="36.88474285416305065155029296875" lon="140.0457187928259372711181640625">
        <ele>216</ele>
        <time>2025-10-22T23:36:03.000Z</time>
        <extensions>
          <ns3:TrackPointExtension>
            <ns3:hr>128</ns3:hr>
          </ns3:TrackPointExtension>
        </extensions>
      </trkpt>
      <trkpt lat="36.884913258254528045654296875" lon="140.04579330794513225555419921875">
        <ele>216.399993896484375</ele>
        <time>2025-10-22T23:36:13.000Z</time>
        <extensions>
          <ns3:TrackPointExtension>
            <ns3:hr>126</ns3:hr>
          </ns3:TrackPointExtension>
        </extensions>
      </trkpt>
      <trkpt lat="36.885035969316959381103515625" lon="140.04586338065564632415771484375">
        <ele>216.8000030517578125</ele>
        <time>2025-10-22T23:36:21.000Z</time>
        <extensions>
          <ns3:TrackPointExtension>
            <ns3:hr>125</ns3:hr>
          </ns3:TrackPointExtension>
        </extensions>
      </trkpt>
      <trkpt lat="36.88516966067254543304443359375" lon="140.04595608450472354888916015625">
        <ele>217</ele>
        <time>2025-10-22T23:36:30.000Z</time>
        <extensions>
          <ns3:TrackPointExtension>
            <ns3:hr>124</ns3:hr>
          </ns3:TrackPointExtension>
        </extensions>
      </trkpt>
      <trkpt lat="36.8853352032601833343505859375" lon="140.0460545718669891357421875">
        <ele>216.8000030517578125</ele>
        <time>2025-10-22T23:36:40.000Z</time>
        <extensions>
          <ns3:TrackPointExtension>
            <ns3:hr>123</ns3:hr>
          </ns3:TrackPointExtension>
        </extensions>
      </trkpt>
      <trkpt lat="36.88535280525684356689453125" lon="140.04606370814144611358642578125">
        <ele>216.8000030517578125</ele>
        <time>2025-10-22T23:36:41.000Z</time>
        <extensions>
          <ns3:TrackPointExtension>
            <ns3:hr>123</ns3:hr>
          </ns3:TrackPointExtension>
        </extensions>
      </trkpt>
      <trkpt lat="36.8855018354952335357666015625" lon="140.04614484496414661407470703125">
        <ele>216</ele>
        <time>2025-10-22T23:36:50.000Z</time>
        <extensions>
          <ns3:TrackPointExtension>
            <ns3:hr>123</ns3:hr>
          </ns3:TrackPointExtension>
        </extensions>
      </trkpt>
      <trkpt lat="36.88559344969689846038818359375" lon="140.046207122504711151123046875">
        <ele>215.399993896484375</ele>
        <time>2025-10-22T23:36:56.000Z</time>
        <extensions>
          <ns3:TrackPointExtension>
            <ns3:hr>124</ns3:hr>
          </ns3:TrackPointExtension>
        </extensions>
      </trkpt>
      <trkpt lat="36.8856238760054111480712890625" lon="140.04622422158718109130859375">
        <ele>215.1999969482421875</ele>
        <time>2025-10-22T23:36:58.000Z</time>
        <extensions>
          <ns3:TrackPointExtension>
            <ns3:hr>124</ns3:hr>
          </ns3:TrackPointExtension>
        </extensions>
      </trkpt>
      <trkpt lat="36.88575220294296741485595703125" lon="140.04630560986697673797607421875">
        <ele>215.399993896484375</ele>
        <time>2025-10-22T23:37:07.000Z</time>
        <extensions>
          <ns3:TrackPointExtension>
            <ns3:hr>125</ns3:hr>
          </ns3:TrackPointExtension>
        </extensions>
      </trkpt>
      <trkpt lat="36.8859145604074001312255859375" lon="140.0464158318936824798583984375">
        <ele>216.1999969482421875</ele>
        <time>2025-10-22T23:37:18.000Z</time>
        <extensions>
          <ns3:TrackPointExtension>
            <ns3:hr>126</ns3:hr>
          </ns3:TrackPointExtension>
        </extensions>
      </trkpt>
      <trkpt lat="36.88607960008084774017333984375" lon="140.04650861956179141998291015625">
        <ele>217.1999969482421875</ele>
        <time>2025-10-22T23:37:28.000Z</time>
        <extensions>
          <ns3:TrackPointExtension>
            <ns3:hr>127</ns3:hr>
          </ns3:TrackPointExtension>
        </extensions>
      </trkpt>
      <trkpt lat="36.88609502278268337249755859375" lon="140.0465197674930095672607421875">
        <ele>217.1999969482421875</ele>
        <time>2025-10-22T23:37:29.000Z</time>
        <extensions>
          <ns3:TrackPointExtension>
            <ns3:hr>127</ns3:hr>
          </ns3:TrackPointExtension>
        </extensions>
      </trkpt>
      <trkpt lat="36.88617599196732044219970703125" lon="140.04656796343624591827392578125">
        <ele>217.600006103515625</ele>
        <time>2025-10-22T23:37:34.000Z</time>
        <extensions>
          <ns3:TrackPointExtension>
            <ns3:hr>124</ns3:hr>
          </ns3:TrackPointExtension>
        </extensions>
      </trkpt>
      <trkpt lat="36.88625335693359375" lon="140.0466136448085308074951171875">
        <ele>218.1999969482421875</ele>
        <time>2025-10-22T23:37:39.000Z</time>
        <extensions>
          <ns3:TrackPointExtension>
            <ns3:hr>124</ns3:hr>
          </ns3:TrackPointExtension>
        </extensions>
      </trkpt>
      <trkpt lat="36.88636676408350467681884765625" lon="140.04668514244258403778076171875">
        <ele>219</ele>
        <time>2025-10-22T23:37:47.000Z</time>
        <extensions>
          <ns3:TrackPointExtension>
            <ns3:hr>125</ns3:hr>
          </ns3:TrackPointExtension>
        </extensions>
      </trkpt>
      <trkpt lat="36.88646852038800716400146484375" lon="140.0467477552592754364013671875">
        <ele>220</ele>
        <time>2025-10-22T23:37:54.000Z</time>
        <extensions>
          <ns3:TrackPointExtension>
            <ns3:hr>125</ns3:hr>
          </ns3:TrackPointExtension>
        </extensions>
      </trkpt>
      <trkpt lat="36.88658318482339382171630859375" lon="140.04681522957980632781982421875">
        <ele>220.399993896484375</ele>
        <time>2025-10-22T23:38:02.000Z</time>
        <extensions>
          <ns3:TrackPointExtension>
            <ns3:hr>126</ns3:hr>
          </ns3:TrackPointExtension>
        </extensions>
      </trkpt>
      <trkpt lat="36.886699609458446502685546875" lon="140.0468956120312213897705078125">
        <ele>220.8000030517578125</ele>
        <time>2025-10-22T23:38:10.000Z</time>
        <extensions>
          <ns3:TrackPointExtension>
            <ns3:hr>126</ns3:hr>
          </ns3:TrackPointExtension>
        </extensions>
      </trkpt>
      <trkpt lat="36.88682357780635356903076171875" lon="140.0469727255403995513916015625">
        <ele>220.8000030517578125</ele>
        <time>2025-10-22T23:38:21.000Z</time>
        <extensions>
          <ns3:TrackPointExtension>
            <ns3:hr>126</ns3:hr>
          </ns3:TrackPointExtension>
        </extensions>
      </trkpt>
      <trkpt lat="36.8868731148540973663330078125" lon="140.0470096059143543243408203125">
        <ele>220.600006103515625</ele>
        <time>2025-10-22T23:38:28.000Z</time>
        <extensions>
          <ns3:TrackPointExtension>
            <ns3:hr>123</ns3:hr>
          </ns3:TrackPointExtension>
        </extensions>
      </trkpt>
      <trkpt lat="36.8868823349475860595703125" lon="140.04701522178947925567626953125">
        <ele>220.600006103515625</ele>
        <time>2025-10-22T23:38:29.000Z</time>
        <extensions>
          <ns3:TrackPointExtension>
            <ns3:hr>122</ns3:hr>
          </ns3:TrackPointExtension>
        </extensions>
      </trkpt>
      <trkpt lat="36.8869190476834774017333984375" lon="140.04704372026026248931884765625">
        <ele>220.399993896484375</ele>
        <time>2025-10-22T23:38:33.000Z</time>
        <extensions>
          <ns3:TrackPointExtension>
            <ns3:hr>119</ns3:hr>
          </ns3:TrackPointExtension>
        </extensions>
      </trkpt>
      <trkpt lat="36.886977888643741607666015625" lon="140.047080181539058685302734375">
        <ele>220.1999969482421875</ele>
        <time>2025-10-22T23:38:38.000Z</time>
        <extensions>
          <ns3:TrackPointExtension>
            <ns3:hr>118</ns3:hr>
          </ns3:TrackPointExtension>
        </extensions>
      </trkpt>
      <trkpt lat="36.88700730912387371063232421875" lon="140.04709032364189624786376953125">
        <ele>220.1999969482421875</ele>
        <time>2025-10-22T23:38:43.000Z</time>
        <extensions>
          <ns3:TrackPointExtension>
            <ns3:hr>115</ns3:hr>
          </ns3:TrackPointExtension>
        </extensions>
      </trkpt>
      <trkpt lat="36.88702641986310482025146484375" lon="140.04710289649665355682373046875">
        <ele>220</ele>
        <time>2025-10-22T23:38:47.000Z</time>
        <extensions>
          <ns3:TrackPointExtension>
            <ns3:hr>115</ns3:hr>
          </ns3:TrackPointExtension>
        </extensions>
      </trkpt>
      <trkpt lat="36.8870303593575954437255859375" lon="140.0471065007150173187255859375">
        <ele>220</ele>
        <time>2025-10-22T23:38:54.000Z</time>
        <extensions>
          <ns3:TrackPointExtension>
            <ns3:hr>114</ns3:hr>
          </ns3:TrackPointExtension>
        </extensions>
      </trkpt>
      <trkpt lat="36.88704553060233592987060546875" lon="140.04711094312369823455810546875">
        <ele>220</ele>
        <time>2025-10-22T23:38:59.000Z</time>
        <extensions>
          <ns3:TrackPointExtension>
            <ns3:hr>111</ns3:hr>
          </ns3:TrackPointExtension>
        </extensions>
      </trkpt>
      <trkpt lat="36.887065730988979339599609375" lon="140.04712318070232868194580078125">
        <ele>220</ele>
        <time>2025-10-22T23:39:02.000Z</time>
        <extensions>
          <ns3:TrackPointExtension>
            <ns3:hr>110</ns3:hr>
          </ns3:TrackPointExtension>
        </extensions>
      </trkpt>
      <trkpt lat="36.88714183866977691650390625" lon="140.04716794006526470184326171875">
        <ele>220</ele>
        <time>2025-10-22T23:39:11.000Z</time>
        <extensions>
          <ns3:TrackPointExtension>
            <ns3:hr>107</ns3:hr>
          </ns3:TrackPointExtension>
        </extensions>
      </trkpt>
      <trkpt lat="36.887151896953582763671875" lon="140.047174058854579925537109375">
        <ele>220</ele>
        <time>2025-10-22T23:39:12.000Z</time>
        <extensions>
          <ns3:TrackPointExtension>
            <ns3:hr>107</ns3:hr>
          </ns3:TrackPointExtension>
        </extensions>
      </trkpt>
      <trkpt lat="36.88723948784172534942626953125" lon="140.04721957258880138397216796875">
        <ele>220</ele>
        <time>2025-10-22T23:39:21.000Z</time>
        <extensions>
          <ns3:TrackPointExtension>
            <ns3:hr>106</ns3:hr>
          </ns3:TrackPointExtension>
        </extensions>
      </trkpt>
      <trkpt lat="36.8872828222811222076416015625" lon="140.0472493283450603485107421875">
        <ele>220</ele>
        <time>2025-10-22T23:39:26.000Z</time>
        <extensions>
          <ns3:TrackPointExtension>
            <ns3:hr>103</ns3:hr>
          </ns3:TrackPointExtension>
        </extensions>
      </trkpt>
      <trkpt lat="36.88735331408679485321044921875" lon="140.04730255343019962310791015625">
        <ele>220</ele>
        <time>2025-10-22T23:39:33.000Z</time>
        <extensions>
          <ns3:TrackPointExtension>
            <ns3:hr>101</ns3:hr>
          </ns3:TrackPointExtension>
        </extensions>
      </trkpt>
      <trkpt lat="36.8874444253742694854736328125" lon="140.047351755201816558837890625">
        <ele>219.600006103515625</ele>
        <time>2025-10-22T23:39:42.000Z</time>
        <extensions>
          <ns3:TrackPointExtension>
            <ns3:hr>100</ns3:hr>
          </ns3:TrackPointExtension>
        </extensions>
      </trkpt>
      <trkpt lat="36.8875850737094879150390625" lon="140.04743029363453388214111328125">
        <ele>219</ele>
        <time>2025-10-22T23:39:55.000Z</time>
        <extensions>
          <ns3:TrackPointExtension>
            <ns3:hr>100</ns3:hr>
          </ns3:TrackPointExtension>
        </extensions>
      </trkpt>
      <trkpt lat="36.887671910226345062255859375" lon="140.04748578183352947235107421875">
        <ele>219</ele>
        <time>2025-10-22T23:40:06.000Z</time>
        <extensions>
          <ns3:TrackPointExtension>
            <ns3:hr>100</ns3:hr>
          </ns3:TrackPointExtension>
        </extensions>
      </trkpt>
      <trkpt lat="36.8877153284847736358642578125" lon="140.04751193337142467498779296875">
        <ele>219</ele>
        <time>2025-10-22T23:40:13.000Z</time>
        <extensions>
          <ns3:TrackPointExtension>
            <ns3:hr>100</ns3:hr>
          </ns3:TrackPointExtension>
        </extensions>
      </trkpt>
      <trkpt lat="36.887716837227344512939453125" lon="140.04751377739012241363525390625">
        <ele>219</ele>
        <time>2025-10-22T23:40:21.000Z</time>
        <extensions>
          <ns3:TrackPointExtension>
            <ns3:hr>97</ns3:hr>
          </ns3:TrackPointExtension>
        </extensions>
      </trkpt>
      <trkpt lat="36.88776352442800998687744140625" lon="140.04754981957376003265380859375">
        <ele>219</ele>
        <time>2025-10-22T23:40:29.000Z</time>
        <extensions>
          <ns3:TrackPointExtension>
            <ns3:hr>97</ns3:hr>
          </ns3:TrackPointExtension>
        </extensions>
      </trkpt>
      <trkpt lat="36.8878708966076374053955078125" lon="140.047632046043872833251953125">
        <ele>219</ele>
        <time>2025-10-22T23:40:39.000Z</time>
        <extensions>
          <ns3:TrackPointExtension>
            <ns3:hr>99</ns3:hr>
          </ns3:TrackPointExtension>
        </extensions>
      </trkpt>
      <trkpt lat="36.88801464624702930450439453125" lon="140.04770857281982898712158203125">
        <ele>219.8000030517578125</ele>
        <time>2025-10-22T23:40:50.000Z</time>
        <extensions>
          <ns3:TrackPointExtension>
            <ns3:hr>99</ns3:hr>
          </ns3:TrackPointExtension>
        </extensions>
      </trkpt>
      <trkpt lat="36.88812444917857646942138671875" lon="140.04777277819812297821044921875">
        <ele>220.1999969482421875</ele>
        <time>2025-10-22T23:40:58.000Z</time>
        <extensions>
          <ns3:TrackPointExtension>
            <ns3:hr>100</ns3:hr>
          </ns3:TrackPointExtension>
        </extensions>
      </trkpt>
      <trkpt lat="36.88815596513450145721435546875" lon="140.0477872788906097412109375">
        <ele>220.399993896484375</ele>
        <time>2025-10-22T23:41:00.000Z</time>
        <extensions>
          <ns3:TrackPointExtension>
            <ns3:hr>104</ns3:hr>
          </ns3:TrackPointExtension>
        </extensions>
      </trkpt>
      <trkpt lat="36.8881823681294918060302734375" lon="140.04780496470630168914794921875">
        <ele>220.399993896484375</ele>
        <time>2025-10-22T23:41:02.000Z</time>
        <extensions>
          <ns3:TrackPointExtension>
            <ns3:hr>107</ns3:hr>
          </ns3:TrackPointExtension>
        </extensions>
      </trkpt>
      <trkpt lat="36.88824615441262722015380859375" lon="140.047842599451541900634765625">
        <ele>220.399993896484375</ele>
        <time>2025-10-22T23:41:06.000Z</time>
        <extensions>
          <ns3:TrackPointExtension>
            <ns3:hr>110</ns3:hr>
          </ns3:TrackPointExtension>
        </extensions>
      </trkpt>
      <trkpt lat="36.888259984552860260009765625" lon="140.04785106517374515533447265625">
        <ele>220.1999969482421875</ele>
        <time>2025-10-22T23:41:07.000Z</time>
        <extensions>
          <ns3:TrackPointExtension>
            <ns3:hr>110</ns3:hr>
          </ns3:TrackPointExtension>
        </extensions>
      </trkpt>
      <trkpt lat="36.888420917093753814697265625" lon="140.04794795997440814971923828125">
        <ele>220</ele>
        <time>2025-10-22T23:41:17.000Z</time>
        <extensions>
          <ns3:TrackPointExtension>
            <ns3:hr>112</ns3:hr>
          </ns3:TrackPointExtension>
        </extensions>
      </trkpt>
      <trkpt lat="36.8885815143585205078125" lon="140.04803781397640705108642578125">
        <ele>220.600006103515625</ele>
        <time>2025-10-22T23:41:27.000Z</time>
        <extensions>
          <ns3:TrackPointExtension>
            <ns3:hr>111</ns3:hr>
          </ns3:TrackPointExtension>
        </extensions>
      </trkpt>
      <trkpt lat="36.8887503258883953094482421875" lon="140.0481378100812435150146484375">
        <ele>221</ele>
        <time>2025-10-22T23:41:37.000Z</time>
        <extensions>
          <ns3:TrackPointExtension>
            <ns3:hr>113</ns3:hr>
          </ns3:TrackPointExtension>
        </extensions>
      </trkpt>
      <trkpt lat="36.88891000114381313323974609375" lon="140.04824350588023662567138671875">
        <ele>221</ele>
        <time>2025-10-22T23:41:47.000Z</time>
        <extensions>
          <ns3:TrackPointExtension>
            <ns3:hr>116</ns3:hr>
          </ns3:TrackPointExtension>
        </extensions>
      </trkpt>
      <trkpt lat="36.88904352486133575439453125" lon="140.04832363687455654144287109375">
        <ele>221</ele>
        <time>2025-10-22T23:41:55.000Z</time>
        <extensions>
          <ns3:TrackPointExtension>
            <ns3:hr>118</ns3:hr>
          </ns3:TrackPointExtension>
        </extensions>
      </trkpt>
      <trkpt lat="36.88916363753378391265869140625" lon="140.04840485751628875732421875">
        <ele>221</ele>
        <time>2025-10-22T23:42:03.000Z</time>
        <extensions>
          <ns3:TrackPointExtension>
            <ns3:hr>120</ns3:hr>
          </ns3:TrackPointExtension>
        </extensions>
      </trkpt>
      <trkpt lat="36.88933177851140499114990234375" lon="140.04851206205785274505615234375">
        <ele>221</ele>
        <time>2025-10-22T23:42:12.000Z</time>
        <extensions>
          <ns3:TrackPointExtension>
            <ns3:hr>122</ns3:hr>
          </ns3:TrackPointExtension>
        </extensions>
      </trkpt>
      <trkpt lat="36.88936815597116947174072265625" lon="140.048531927168369293212890625">
        <ele>221</ele>
        <time>2025-10-22T23:42:14.000Z</time>
        <extensions>
          <ns3:TrackPointExtension>
            <ns3:hr>122</ns3:hr>
          </ns3:TrackPointExtension>
        </extensions>
      </trkpt>
      <trkpt lat="36.88952221535146236419677734375" lon="140.04862270317971706390380859375">
        <ele>221</ele>
        <time>2025-10-22T23:42:23.000Z</time>
        <extensions>
          <ns3:TrackPointExtension>
            <ns3:hr>123</ns3:hr>
          </ns3:TrackPointExtension>
        </extensions>
      </trkpt>
      <trkpt lat="36.889640986919403076171875" lon="140.0486856512725353240966796875">
        <ele>221.399993896484375</ele>
        <time>2025-10-22T23:42:30.000Z</time>
        <extensions>
          <ns3:TrackPointExtension>
            <ns3:hr>124</ns3:hr>
          </ns3:TrackPointExtension>
        </extensions>
      </trkpt>
      <trkpt lat="36.88977417536079883575439453125" lon="140.0487671233713626861572265625">
        <ele>221.8000030517578125</ele>
        <time>2025-10-22T23:42:38.000Z</time>
        <extensions>
          <ns3:TrackPointExtension>
            <ns3:hr>125</ns3:hr>
          </ns3:TrackPointExtension>
        </extensions>
      </trkpt>
      <trkpt lat="36.88988364301621913909912109375" lon="140.0488345138728618621826171875">
        <ele>222.1999969482421875</ele>
        <time>2025-10-22T23:42:45.000Z</time>
        <extensions>
          <ns3:TrackPointExtension>
            <ns3:hr>125</ns3:hr>
          </ns3:TrackPointExtension>
        </extensions>
      </trkpt>
      <trkpt lat="36.8900169990956783294677734375" lon="140.048923529684543609619140625">
        <ele>222.600006103515625</ele>
        <time>2025-10-22T23:42:53.000Z</time>
        <extensions>
          <ns3:TrackPointExtension>
            <ns3:hr>125</ns3:hr>
          </ns3:TrackPointExtension>
        </extensions>
      </trkpt>
      <trkpt lat="36.8901330046355724334716796875" lon="140.04901329986751079559326171875">
        <ele>222.8000030517578125</ele>
        <time>2025-10-22T23:43:01.000Z</time>
        <extensions>
          <ns3:TrackPointExtension>
            <ns3:hr>126</ns3:hr>
          </ns3:TrackPointExtension>
        </extensions>
      </trkpt>
      <trkpt lat="36.890293098986148834228515625" lon="140.04912897013127803802490234375">
        <ele>222.600006103515625</ele>
        <time>2025-10-22T23:43:12.000Z</time>
        <extensions>
          <ns3:TrackPointExtension>
            <ns3:hr>127</ns3:hr>
          </ns3:TrackPointExtension>
        </extensions>
      </trkpt>
      <trkpt lat="36.890416480600833892822265625" lon="140.0492063350975513458251953125">
        <ele>222.399993896484375</ele>
        <time>2025-10-22T23:43:20.000Z</time>
        <extensions>
          <ns3:TrackPointExtension>
            <ns3:hr>127</ns3:hr>
          </ns3:TrackPointExtension>
        </extensions>
      </trkpt>
      <trkpt lat="36.890539191663265228271484375" lon="140.0492928363382816314697265625">
        <ele>222.399993896484375</ele>
        <time>2025-10-22T23:43:29.000Z</time>
        <extensions>
          <ns3:TrackPointExtension>
            <ns3:hr>127</ns3:hr>
          </ns3:TrackPointExtension>
        </extensions>
      </trkpt>
      <trkpt lat="36.8906241841614246368408203125" lon="140.049358718097209930419921875">
        <ele>222.399993896484375</ele>
        <time>2025-10-22T23:43:34.000Z</time>
        <extensions>
          <ns3:TrackPointExtension>
            <ns3:hr>127</ns3:hr>
          </ns3:TrackPointExtension>
        </extensions>
      </trkpt>
      <trkpt lat="36.89070523716509342193603515625" lon="140.04940389655530452728271484375">
        <ele>222.399993896484375</ele>
        <time>2025-10-22T23:43:40.000Z</time>
        <extensions>
          <ns3:TrackPointExtension>
            <ns3:hr>127</ns3:hr>
          </ns3:TrackPointExtension>
        </extensions>
      </trkpt>
      <trkpt lat="36.89071227796375751495361328125" lon="140.04940993152558803558349609375">
        <ele>222.399993896484375</ele>
        <time>2025-10-22T23:43:48.000Z</time>
        <extensions>
          <ns3:TrackPointExtension>
            <ns3:hr>126</ns3:hr>
          </ns3:TrackPointExtension>
        </extensions>
      </trkpt>
      <trkpt lat="36.89071596600115299224853515625" lon="140.04941068589687347412109375">
        <ele>222.399993896484375</ele>
        <time>2025-10-22T23:43:52.000Z</time>
        <extensions>
          <ns3:TrackPointExtension>
            <ns3:hr>123</ns3:hr>
          </ns3:TrackPointExtension>
        </extensions>
      </trkpt>
      <trkpt lat="36.89071596600115299224853515625" lon="140.04941068589687347412109375">
        <ele>222.399993896484375</ele>
        <time>2025-10-22T23:43:54.000Z</time>
        <extensions>
          <ns3:TrackPointExtension>
            <ns3:hr>120</ns3:hr>
          </ns3:TrackPointExtension>
        </extensions>
      </trkpt>
      <trkpt lat="36.89071596600115299224853515625" lon="140.04941068589687347412109375">
        <ele>222.399993896484375</ele>
        <time>2025-10-22T23:43:57.000Z</time>
        <extensions>
          <ns3:TrackPointExtension>
            <ns3:hr>117</ns3:hr>
          </ns3:TrackPointExtension>
        </extensions>
      </trkpt>
      <trkpt lat="36.89071596600115299224853515625" lon="140.04941068589687347412109375">
        <ele>222.399993896484375</ele>
        <time>2025-10-22T23:44:01.000Z</time>
        <extensions>
          <ns3:TrackPointExtension>
            <ns3:hr>113</ns3:hr>
          </ns3:TrackPointExtension>
        </extensions>
      </trkpt>
      <trkpt lat="36.89071596600115299224853515625" lon="140.0494101829826831817626953125">
        <ele>222.399993896484375</ele>
        <time>2025-10-22T23:44:05.000Z</time>
        <extensions>
          <ns3:TrackPointExtension>
            <ns3:hr>110</ns3:hr>
          </ns3:TrackPointExtension>
        </extensions>
      </trkpt>
      <trkpt lat="36.89074194990098476409912109375" lon="140.04941848106682300567626953125">
        <ele>222.399993896484375</ele>
        <time>2025-10-22T23:44:09.000Z</time>
        <extensions>
          <ns3:TrackPointExtension>
            <ns3:hr>109</ns3:hr>
          </ns3:TrackPointExtension>
        </extensions>
      </trkpt>
      <trkpt lat="36.89087740145623683929443359375" lon="140.0494748912751674652099609375">
        <ele>222.600006103515625</ele>
        <time>2025-10-22T23:44:16.000Z</time>
        <extensions>
          <ns3:TrackPointExtension>
            <ns3:hr>109</ns3:hr>
          </ns3:TrackPointExtension>
        </extensions>
      </trkpt>
      <trkpt lat="36.89097681082785129547119140625" lon="140.0495288707315921783447265625">
        <ele>222.8000030517578125</ele>
        <time>2025-10-22T23:44:22.000Z</time>
        <extensions>
          <ns3:TrackPointExtension>
            <ns3:hr>112</ns3:hr>
          </ns3:TrackPointExtension>
        </extensions>
      </trkpt>
      <trkpt lat="36.89102525822818279266357421875" lon="140.04955527372658252716064453125">
        <ele>222.8000030517578125</ele>
        <time>2025-10-22T23:44:25.000Z</time>
        <extensions>
          <ns3:TrackPointExtension>
            <ns3:hr>114</ns3:hr>
          </ns3:TrackPointExtension>
        </extensions>
      </trkpt>
      <trkpt lat="36.89117361791431903839111328125" lon="140.0496334768831729888916015625">
        <ele>223</ele>
        <time>2025-10-22T23:44:35.000Z</time>
        <extensions>
          <ns3:TrackPointExtension>
            <ns3:hr>112</ns3:hr>
          </ns3:TrackPointExtension>
        </extensions>
      </trkpt>
      <trkpt lat="36.8913037888705730438232421875" lon="140.0497238337993621826171875">
        <ele>223.399993896484375</ele>
        <time>2025-10-22T23:44:43.000Z</time>
        <extensions>
          <ns3:TrackPointExtension>
            <ns3:hr>110</ns3:hr>
          </ns3:TrackPointExtension>
        </extensions>
      </trkpt>
      <trkpt lat="36.8914154358208179473876953125" lon="140.049799941480159759521484375">
        <ele>223.8000030517578125</ele>
        <time>2025-10-22T23:44:50.000Z</time>
        <extensions>
          <ns3:TrackPointExtension>
            <ns3:hr>112</ns3:hr>
          </ns3:TrackPointExtension>
        </extensions>
      </trkpt>
      <trkpt lat="36.8915337882936000823974609375" lon="140.04983556456863880157470703125">
        <ele>224</ele>
        <time>2025-10-22T23:44:57.000Z</time>
        <extensions>
          <ns3:TrackPointExtension>
            <ns3:hr>114</ns3:hr>
          </ns3:TrackPointExtension>
        </extensions>
      </trkpt>
      <trkpt lat="36.891689188778400421142578125" lon="140.049897842109203338623046875">
        <ele>224</ele>
        <time>2025-10-22T23:45:06.000Z</time>
        <extensions>
          <ns3:TrackPointExtension>
            <ns3:hr>112</ns3:hr>
          </ns3:TrackPointExtension>
        </extensions>
      </trkpt>
      <trkpt lat="36.89173587597906589508056640625" lon="140.04992105998098850250244140625">
        <ele>223.8000030517578125</ele>
        <time>2025-10-22T23:45:09.000Z</time>
        <extensions>
          <ns3:TrackPointExtension>
            <ns3:hr>115</ns3:hr>
          </ns3:TrackPointExtension>
        </extensions>
      </trkpt>
      <trkpt lat="36.89176655374467372894287109375" lon="140.0499305315315723419189453125">
        <ele>223.8000030517578125</ele>
        <time>2025-10-22T23:45:11.000Z</time>
        <extensions>
          <ns3:TrackPointExtension>
            <ns3:hr>118</ns3:hr>
          </ns3:TrackPointExtension>
        </extensions>
      </trkpt>
      <trkpt lat="36.8918449245393276214599609375" lon="140.04995441995561122894287109375">
        <ele>223.8000030517578125</ele>
        <time>2025-10-22T23:45:15.000Z</time>
        <extensions>
          <ns3:TrackPointExtension>
            <ns3:hr>119</ns3:hr>
          </ns3:TrackPointExtension>
        </extensions>
      </trkpt>
      <trkpt lat="36.89202689565718173980712890625" lon="140.0500006042420864105224609375">
        <ele>223</ele>
        <time>2025-10-22T23:45:25.000Z</time>
        <extensions>
          <ns3:TrackPointExtension>
            <ns3:hr>118</ns3:hr>
          </ns3:TrackPointExtension>
        </extensions>
      </trkpt>
      <trkpt lat="36.8920601718127727508544921875" lon="140.05000588484108448028564453125">
        <ele>223</ele>
        <time>2025-10-22T23:45:27.000Z</time>
        <extensions>
          <ns3:TrackPointExtension>
            <ns3:hr>118</ns3:hr>
          </ns3:TrackPointExtension>
        </extensions>
      </trkpt>
      <trkpt lat="36.89219403080642223358154296875" lon="140.0500368140637874603271484375">
        <ele>222.399993896484375</ele>
        <time>2025-10-22T23:45:35.000Z</time>
        <extensions>
          <ns3:TrackPointExtension>
            <ns3:hr>119</ns3:hr>
          </ns3:TrackPointExtension>
        </extensions>
      </trkpt>
      <trkpt lat="36.89235110767185688018798828125" lon="140.05006874911487102508544921875">
        <ele>222</ele>
        <time>2025-10-22T23:45:44.000Z</time>
        <extensions>
          <ns3:TrackPointExtension>
            <ns3:hr>122</ns3:hr>
          </ns3:TrackPointExtension>
        </extensions>
      </trkpt>
      <trkpt lat="36.89247163943946361541748046875" lon="140.05008249543607234954833984375">
        <ele>222</ele>
        <time>2025-10-22T23:45:51.000Z</time>
        <extensions>
          <ns3:TrackPointExtension>
            <ns3:hr>121</ns3:hr>
          </ns3:TrackPointExtension>
        </extensions>
      </trkpt>
      <trkpt lat="36.8926331587135791778564453125" lon="140.0501206330955028533935546875">
        <ele>222</ele>
        <time>2025-10-22T23:45:59.000Z</time>
        <extensions>
          <ns3:TrackPointExtension>
            <ns3:hr>122</ns3:hr>
          </ns3:TrackPointExtension>
        </extensions>
      </trkpt>
      <trkpt lat="36.8928051553666591644287109375" lon="140.050149299204349517822265625">
        <ele>222</ele>
        <time>2025-10-22T23:46:08.000Z</time>
        <extensions>
          <ns3:TrackPointExtension>
            <ns3:hr>124</ns3:hr>
          </ns3:TrackPointExtension>
        </extensions>
      </trkpt>
      <trkpt lat="36.89298058860003948211669921875" lon="140.05018458701670169830322265625">
        <ele>222</ele>
        <time>2025-10-22T23:46:18.000Z</time>
        <extensions>
          <ns3:TrackPointExtension>
            <ns3:hr>125</ns3:hr>
          </ns3:TrackPointExtension>
        </extensions>
      </trkpt>
      <trkpt lat="36.893172450363636016845703125" lon="140.0502188690006732940673828125">
        <ele>222</ele>
        <time>2025-10-22T23:46:29.000Z</time>
        <extensions>
          <ns3:TrackPointExtension>
            <ns3:hr>124</ns3:hr>
          </ns3:TrackPointExtension>
        </extensions>
      </trkpt>
      <trkpt lat="36.89335475675761699676513671875" lon="140.05025231279432773590087890625">
        <ele>222</ele>
        <time>2025-10-22T23:46:39.000Z</time>
        <extensions>
          <ns3:TrackPointExtension>
            <ns3:hr>121</ns3:hr>
          </ns3:TrackPointExtension>
        </extensions>
      </trkpt>
      <trkpt lat="36.89350428991019725799560546875" lon="140.05027460865676403045654296875">
        <ele>222</ele>
        <time>2025-10-22T23:46:48.000Z</time>
        <extensions>
          <ns3:TrackPointExtension>
            <ns3:hr>122</ns3:hr>
          </ns3:TrackPointExtension>
        </extensions>
      </trkpt>
      <trkpt lat="36.89367435872554779052734375" lon="140.05030428059399127960205078125">
        <ele>222</ele>
        <time>2025-10-22T23:46:57.000Z</time>
        <extensions>
          <ns3:TrackPointExtension>
            <ns3:hr>124</ns3:hr>
          </ns3:TrackPointExtension>
        </extensions>
      </trkpt>
      <trkpt lat="36.89379095099866390228271484375" lon="140.050322972238063812255859375">
        <ele>222.1999969482421875</ele>
        <time>2025-10-22T23:47:03.000Z</time>
        <extensions>
          <ns3:TrackPointExtension>
            <ns3:hr>127</ns3:hr>
          </ns3:TrackPointExtension>
        </extensions>
      </trkpt>
      <trkpt lat="36.8938451819121837615966796875" lon="140.0503278337419033050537109375">
        <ele>222.399993896484375</ele>
        <time>2025-10-22T23:47:06.000Z</time>
        <extensions>
          <ns3:TrackPointExtension>
            <ns3:hr>128</ns3:hr>
          </ns3:TrackPointExtension>
        </extensions>
      </trkpt>
      <trkpt lat="36.89386387355625629425048828125" lon="140.0503300130367279052734375">
        <ele>222.600006103515625</ele>
        <time>2025-10-22T23:47:07.000Z</time>
        <extensions>
          <ns3:TrackPointExtension>
            <ns3:hr>128</ns3:hr>
          </ns3:TrackPointExtension>
        </extensions>
      </trkpt>
      <trkpt lat="36.89401357434689998626708984375" lon="140.05034451372921466827392578125">
        <ele>222.8000030517578125</ele>
        <time>2025-10-22T23:47:15.000Z</time>
        <extensions>
          <ns3:TrackPointExtension>
            <ns3:hr>129</ns3:hr>
          </ns3:TrackPointExtension>
        </extensions>
      </trkpt>
      <trkpt lat="36.8941724114120006561279296875" lon="140.05036647431552410125732421875">
        <ele>223.399993896484375</ele>
        <time>2025-10-22T23:47:24.000Z</time>
        <extensions>
          <ns3:TrackPointExtension>
            <ns3:hr>131</ns3:hr>
          </ns3:TrackPointExtension>
        </extensions>
      </trkpt>
      <trkpt lat="36.8943683803081512451171875" lon="140.05039279349148273468017578125">
        <ele>224.1999969482421875</ele>
        <time>2025-10-22T23:47:35.000Z</time>
        <extensions>
          <ns3:TrackPointExtension>
            <ns3:hr>131</ns3:hr>
          </ns3:TrackPointExtension>
        </extensions>
      </trkpt>
      <trkpt lat="36.8945073522627353668212890625" lon="140.0504106469452381134033203125">
        <ele>224.8000030517578125</ele>
        <time>2025-10-22T23:47:43.000Z</time>
        <extensions>
          <ns3:TrackPointExtension>
            <ns3:hr>131</ns3:hr>
          </ns3:TrackPointExtension>
        </extensions>
      </trkpt>
      <trkpt lat="36.89469368197023868560791015625" lon="140.0504317693412303924560546875">
        <ele>225.399993896484375</ele>
        <time>2025-10-22T23:47:53.000Z</time>
        <extensions>
          <ns3:TrackPointExtension>
            <ns3:hr>130</ns3:hr>
          </ns3:TrackPointExtension>
        </extensions>
      </trkpt>
      <trkpt lat="36.89472301863133907318115234375" lon="140.05043302662670612335205078125">
        <ele>225.600006103515625</ele>
        <time>2025-10-22T23:47:55.000Z</time>
        <extensions>
          <ns3:TrackPointExtension>
            <ns3:hr>130</ns3:hr>
          </ns3:TrackPointExtension>
        </extensions>
      </trkpt>
      <trkpt lat="36.8948858790099620819091796875" lon="140.05045934580266475677490234375">
        <ele>225.8000030517578125</ele>
        <time>2025-10-22T23:48:04.000Z</time>
        <extensions>
          <ns3:TrackPointExtension>
            <ns3:hr>131</ns3:hr>
          </ns3:TrackPointExtension>
        </extensions>
      </trkpt>
      <trkpt lat="36.8950334005057811737060546875" lon="140.050478875637054443359375">
        <ele>225.8000030517578125</ele>
        <time>2025-10-22T23:48:12.000Z</time>
        <extensions>
          <ns3:TrackPointExtension>
            <ns3:hr>131</ns3:hr>
          </ns3:TrackPointExtension>
        </extensions>
      </trkpt>
      <trkpt lat="36.89517446793615818023681640625" lon="140.05050226114690303802490234375">
        <ele>225.600006103515625</ele>
        <time>2025-10-22T23:48:20.000Z</time>
        <extensions>
          <ns3:TrackPointExtension>
            <ns3:hr>130</ns3:hr>
          </ns3:TrackPointExtension>
        </extensions>
      </trkpt>
      <trkpt lat="36.89534227363765239715576171875" lon="140.05052103661000728607177734375">
        <ele>224.8000030517578125</ele>
        <time>2025-10-22T23:48:29.000Z</time>
        <extensions>
          <ns3:TrackPointExtension>
            <ns3:hr>130</ns3:hr>
          </ns3:TrackPointExtension>
        </extensions>
      </trkpt>
      <trkpt lat="36.89549013040959835052490234375" lon="140.0505491159856319427490234375">
        <ele>224.1999969482421875</ele>
        <time>2025-10-22T23:48:37.000Z</time>
        <extensions>
          <ns3:TrackPointExtension>
            <ns3:hr>130</ns3:hr>
          </ns3:TrackPointExtension>
        </extensions>
      </trkpt>
      <trkpt lat="36.8956345506012439727783203125" lon="140.0505823083221912384033203125">
        <ele>223.600006103515625</ele>
        <time>2025-10-22T23:48:45.000Z</time>
        <extensions>
          <ns3:TrackPointExtension>
            <ns3:hr>129</ns3:hr>
          </ns3:TrackPointExtension>
        </extensions>
      </trkpt>
      <trkpt lat="36.89577662386000156402587890625" lon="140.0506064482033252716064453125">
        <ele>223.399993896484375</ele>
        <time>2025-10-22T23:48:53.000Z</time>
        <extensions>
          <ns3:TrackPointExtension>
            <ns3:hr>128</ns3:hr>
          </ns3:TrackPointExtension>
        </extensions>
      </trkpt>
      <trkpt lat="36.89590302295982837677001953125" lon="140.05063687451183795928955078125">
        <ele>223.1999969482421875</ele>
        <time>2025-10-22T23:49:00.000Z</time>
        <extensions>
          <ns3:TrackPointExtension>
            <ns3:hr>128</ns3:hr>
          </ns3:TrackPointExtension>
        </extensions>
      </trkpt>
      <trkpt lat="36.8960442580282688140869140625" lon="140.05066554062068462371826171875">
        <ele>222.600006103515625</ele>
        <time>2025-10-22T23:49:08.000Z</time>
        <extensions>
          <ns3:TrackPointExtension>
            <ns3:hr>128</ns3:hr>
          </ns3:TrackPointExtension>
        </extensions>
      </trkpt>
      <trkpt lat="36.89618214033544063568115234375" lon="140.05069554783403873443603515625">
        <ele>222.1999969482421875</ele>
        <time>2025-10-22T23:49:16.000Z</time>
        <extensions>
          <ns3:TrackPointExtension>
            <ns3:hr>128</ns3:hr>
          </ns3:TrackPointExtension>
        </extensions>
      </trkpt>
      <trkpt lat="36.89635078422725200653076171875" lon="140.05073569715023040771484375">
        <ele>222.399993896484375</ele>
        <time>2025-10-22T23:49:26.000Z</time>
        <extensions>
          <ns3:TrackPointExtension>
            <ns3:hr>128</ns3:hr>
          </ns3:TrackPointExtension>
        </extensions>
      </trkpt>
      <trkpt lat="36.8964613415300846099853515625" lon="140.0507496111094951629638671875">
        <ele>222.8000030517578125</ele>
        <time>2025-10-22T23:49:32.000Z</time>
        <extensions>
          <ns3:TrackPointExtension>
            <ns3:hr>128</ns3:hr>
          </ns3:TrackPointExtension>
        </extensions>
      </trkpt>
      <trkpt lat="36.89663157798349857330322265625" lon="140.05078037269413471221923828125">
        <ele>222.600006103515625</ele>
        <time>2025-10-22T23:49:41.000Z</time>
        <extensions>
          <ns3:TrackPointExtension>
            <ns3:hr>129</ns3:hr>
          </ns3:TrackPointExtension>
        </extensions>
      </trkpt>
      <trkpt lat="36.8968016467988491058349609375" lon="140.050805769860744476318359375">
        <ele>222</ele>
        <time>2025-10-22T23:49:50.000Z</time>
        <extensions>
          <ns3:TrackPointExtension>
            <ns3:hr>130</ns3:hr>
          </ns3:TrackPointExtension>
        </extensions>
      </trkpt>
      <trkpt lat="36.89699082635343074798583984375" lon="140.050827562808990478515625">
        <ele>222</ele>
        <time>2025-10-22T23:50:00.000Z</time>
        <extensions>
          <ns3:TrackPointExtension>
            <ns3:hr>129</ns3:hr>
          </ns3:TrackPointExtension>
        </extensions>
      </trkpt>
      <trkpt lat="36.897179000079631805419921875" lon="140.05086980760097503662109375">
        <ele>222.399993896484375</ele>
        <time>2025-10-22T23:50:09.000Z</time>
        <extensions>
          <ns3:TrackPointExtension>
            <ns3:hr>128</ns3:hr>
          </ns3:TrackPointExtension>
        </extensions>
      </trkpt>
      <trkpt lat="36.89719903282821178436279296875" lon="140.0508726574480533599853515625">
        <ele>222.600006103515625</ele>
        <time>2025-10-22T23:50:10.000Z</time>
        <extensions>
          <ns3:TrackPointExtension>
            <ns3:hr>128</ns3:hr>
          </ns3:TrackPointExtension>
        </extensions>
      </trkpt>
      <trkpt lat="36.8973699398338794708251953125" lon="140.05090534687042236328125">
        <ele>222.8000030517578125</ele>
        <time>2025-10-22T23:50:18.000Z</time>
        <extensions>
          <ns3:TrackPointExtension>
            <ns3:hr>129</ns3:hr>
          </ns3:TrackPointExtension>
        </extensions>
      </trkpt>
      <trkpt lat="36.8975120969116687774658203125" lon="140.05087659694254398345947265625">
        <ele>223.1999969482421875</ele>
        <time>2025-10-22T23:50:26.000Z</time>
        <extensions>
          <ns3:TrackPointExtension>
            <ns3:hr>129</ns3:hr>
          </ns3:TrackPointExtension>
        </extensions>
      </trkpt>
      <trkpt lat="36.89764847047626972198486328125" lon="140.05090492777526378631591796875">
        <ele>223.8000030517578125</ele>
        <time>2025-10-22T23:50:34.000Z</time>
        <extensions>
          <ns3:TrackPointExtension>
            <ns3:hr>130</ns3:hr>
          </ns3:TrackPointExtension>
        </extensions>
      </trkpt>
      <trkpt lat="36.8978369794785976409912109375" lon="140.0509192608296871185302734375">
        <ele>224.600006103515625</ele>
        <time>2025-10-22T23:50:45.000Z</time>
        <extensions>
          <ns3:TrackPointExtension>
            <ns3:hr>129</ns3:hr>
          </ns3:TrackPointExtension>
        </extensions>
      </trkpt>
      <trkpt lat="36.89800503663718700408935546875" lon="140.0509370304644107818603515625">
        <ele>224.399993896484375</ele>
        <time>2025-10-22T23:50:55.000Z</time>
        <extensions>
          <ns3:TrackPointExtension>
            <ns3:hr>130</ns3:hr>
          </ns3:TrackPointExtension>
        </extensions>
      </trkpt>
      <trkpt lat="36.89815440215170383453369140625" lon="140.050962008535861968994140625">
        <ele>224</ele>
        <time>2025-10-22T23:51:03.000Z</time>
        <extensions>
          <ns3:TrackPointExtension>
            <ns3:hr>130</ns3:hr>
          </ns3:TrackPointExtension>
        </extensions>
      </trkpt>
      <trkpt lat="36.8983058631420135498046875" lon="140.05096795968711376190185546875">
        <ele>224</ele>
        <time>2025-10-22T23:51:11.000Z</time>
        <extensions>
          <ns3:TrackPointExtension>
            <ns3:hr>130</ns3:hr>
          </ns3:TrackPointExtension>
        </extensions>
      </trkpt>
      <trkpt lat="36.89847542904317378997802734375" lon="140.05098841153085231781005859375">
        <ele>224.1999969482421875</ele>
        <time>2025-10-22T23:51:20.000Z</time>
        <extensions>
          <ns3:TrackPointExtension>
            <ns3:hr>130</ns3:hr>
          </ns3:TrackPointExtension>
        </extensions>
      </trkpt>
      <trkpt lat="36.89862127415835857391357421875" lon="140.05100215785205364227294921875">
        <ele>224.600006103515625</ele>
        <time>2025-10-22T23:51:28.000Z</time>
        <extensions>
          <ns3:TrackPointExtension>
            <ns3:hr>130</ns3:hr>
          </ns3:TrackPointExtension>
        </extensions>
      </trkpt>
      <trkpt lat="36.89880668185651302337646484375" lon="140.05101732909679412841796875">
        <ele>225.399993896484375</ele>
        <time>2025-10-22T23:51:38.000Z</time>
        <extensions>
          <ns3:TrackPointExtension>
            <ns3:hr>130</ns3:hr>
          </ns3:TrackPointExtension>
        </extensions>
      </trkpt>
      <trkpt lat="36.89900298602879047393798828125" lon="140.05103551782667636871337890625">
        <ele>226</ele>
        <time>2025-10-22T23:51:48.000Z</time>
        <extensions>
          <ns3:TrackPointExtension>
            <ns3:hr>130</ns3:hr>
          </ns3:TrackPointExtension>
        </extensions>
      </trkpt>
      <trkpt lat="36.899194680154323577880859375" lon="140.05107189528644084930419921875">
        <ele>226</ele>
        <time>2025-10-22T23:51:59.000Z</time>
        <extensions>
          <ns3:TrackPointExtension>
            <ns3:hr>131</ns3:hr>
          </ns3:TrackPointExtension>
        </extensions>
      </trkpt>
      <trkpt lat="36.8993477337062358856201171875" lon="140.05109779536724090576171875">
        <ele>226.1999969482421875</ele>
        <time>2025-10-22T23:52:07.000Z</time>
        <extensions>
          <ns3:TrackPointExtension>
            <ns3:hr>133</ns3:hr>
          </ns3:TrackPointExtension>
        </extensions>
      </trkpt>
      <trkpt lat="36.89950942061841487884521484375" lon="140.05113224498927593231201171875">
        <ele>226.8000030517578125</ele>
        <time>2025-10-22T23:52:16.000Z</time>
        <extensions>
          <ns3:TrackPointExtension>
            <ns3:hr>133</ns3:hr>
          </ns3:TrackPointExtension>
        </extensions>
      </trkpt>
      <trkpt lat="36.8996685929596424102783203125" lon="140.0511469133198261260986328125">
        <ele>227</ele>
        <time>2025-10-22T23:52:25.000Z</time>
        <extensions>
          <ns3:TrackPointExtension>
            <ns3:hr>132</ns3:hr>
          </ns3:TrackPointExtension>
        </extensions>
      </trkpt>
      <trkpt lat="36.89981083385646343231201171875" lon="140.05117365159094333648681640625">
        <ele>227</ele>
        <time>2025-10-22T23:52:33.000Z</time>
        <extensions>
          <ns3:TrackPointExtension>
            <ns3:hr>129</ns3:hr>
          </ns3:TrackPointExtension>
        </extensions>
      </trkpt>
      <trkpt lat="36.89994477666914463043212890625" lon="140.05119695328176021575927734375">
        <ele>226.600006103515625</ele>
        <time>2025-10-22T23:52:41.000Z</time>
        <extensions>
          <ns3:TrackPointExtension>
            <ns3:hr>129</ns3:hr>
          </ns3:TrackPointExtension>
        </extensions>
      </trkpt>
      <trkpt lat="36.8999589420855045318603515625" lon="140.05119158886373043060302734375">
        <ele>226.600006103515625</ele>
        <time>2025-10-22T23:52:42.000Z</time>
        <extensions>
          <ns3:TrackPointExtension>
            <ns3:hr>128</ns3:hr>
          </ns3:TrackPointExtension>
        </extensions>
      </trkpt>
      <trkpt lat="36.9000528194010257720947265625" lon="140.0511961989104747772216796875">
        <ele>226.1999969482421875</ele>
        <time>2025-10-22T23:52:47.000Z</time>
        <extensions>
          <ns3:TrackPointExtension>
            <ns3:hr>129</ns3:hr>
          </ns3:TrackPointExtension>
        </extensions>
      </trkpt>
      <trkpt lat="36.90024585463106632232666015625" lon="140.0512283854186534881591796875">
        <ele>226</ele>
        <time>2025-10-22T23:52:57.000Z</time>
        <extensions>
          <ns3:TrackPointExtension>
            <ns3:hr>129</ns3:hr>
          </ns3:TrackPointExtension>
        </extensions>
      </trkpt>
      <trkpt lat="36.900268904864788055419921875" lon="140.05123014561831951141357421875">
        <ele>226</ele>
        <time>2025-10-22T23:52:58.000Z</time>
        <extensions>
          <ns3:TrackPointExtension>
            <ns3:hr>129</ns3:hr>
          </ns3:TrackPointExtension>
        </extensions>
      </trkpt>
      <trkpt lat="36.90041215158998966217041015625" lon="140.05125847645103931427001953125">
        <ele>226</ele>
        <time>2025-10-22T23:53:06.000Z</time>
        <extensions>
          <ns3:TrackPointExtension>
            <ns3:hr>130</ns3:hr>
          </ns3:TrackPointExtension>
        </extensions>
      </trkpt>
      <trkpt lat="36.90059035085141658782958984375" lon="140.05128831602632999420166015625">
        <ele>226</ele>
        <time>2025-10-22T23:53:16.000Z</time>
        <extensions>
          <ns3:TrackPointExtension>
            <ns3:hr>129</ns3:hr>
          </ns3:TrackPointExtension>
        </extensions>
      </trkpt>
      <trkpt lat="36.90076201222836971282958984375" lon="140.051318071782588958740234375">
        <ele>226</ele>
        <time>2025-10-22T23:53:26.000Z</time>
        <extensions>
          <ns3:TrackPointExtension>
            <ns3:hr>129</ns3:hr>
          </ns3:TrackPointExtension>
        </extensions>
      </trkpt>
      <trkpt lat="36.900952868163585662841796875" lon="140.05135201849043369293212890625">
        <ele>226</ele>
        <time>2025-10-22T23:53:37.000Z</time>
        <extensions>
          <ns3:TrackPointExtension>
            <ns3:hr>130</ns3:hr>
          </ns3:TrackPointExtension>
        </extensions>
      </trkpt>
      <trkpt lat="36.90098865889012813568115234375" lon="140.05135738290846347808837890625">
        <ele>226</ele>
        <time>2025-10-22T23:53:39.000Z</time>
        <extensions>
          <ns3:TrackPointExtension>
            <ns3:hr>130</ns3:hr>
          </ns3:TrackPointExtension>
        </extensions>
      </trkpt>
      <trkpt lat="36.90115545876324176788330078125" lon="140.05137850530445575714111328125">
        <ele>226</ele>
        <time>2025-10-22T23:53:48.000Z</time>
        <extensions>
          <ns3:TrackPointExtension>
            <ns3:hr>128</ns3:hr>
          </ns3:TrackPointExtension>
        </extensions>
      </trkpt>
      <trkpt lat="36.90135276876389980316162109375" lon="140.0514064170420169830322265625">
        <ele>226</ele>
        <time>2025-10-22T23:53:59.000Z</time>
        <extensions>
          <ns3:TrackPointExtension>
            <ns3:hr>126</ns3:hr>
          </ns3:TrackPointExtension>
        </extensions>
      </trkpt>
      <trkpt lat="36.9013704545795917510986328125" lon="140.051407255232334136962890625">
        <ele>226</ele>
        <time>2025-10-22T23:54:00.000Z</time>
        <extensions>
          <ns3:TrackPointExtension>
            <ns3:hr>126</ns3:hr>
          </ns3:TrackPointExtension>
        </extensions>
      </trkpt>
      <trkpt lat="36.9015511684119701385498046875" lon="140.05141831934452056884765625">
        <ele>226</ele>
        <time>2025-10-22T23:54:10.000Z</time>
        <extensions>
          <ns3:TrackPointExtension>
            <ns3:hr>126</ns3:hr>
          </ns3:TrackPointExtension>
        </extensions>
      </trkpt>
      <trkpt lat="36.90156969241797924041748046875" lon="140.05141831934452056884765625">
        <ele>226</ele>
        <time>2025-10-22T23:54:11.000Z</time>
        <extensions>
          <ns3:TrackPointExtension>
            <ns3:hr>126</ns3:hr>
          </ns3:TrackPointExtension>
        </extensions>
      </trkpt>
      <trkpt lat="36.90176314674317836761474609375" lon="140.05143349058926105499267578125">
        <ele>226</ele>
        <time>2025-10-22T23:54:22.000Z</time>
        <extensions>
          <ns3:TrackPointExtension>
            <ns3:hr>125</ns3:hr>
          </ns3:TrackPointExtension>
        </extensions>
      </trkpt>
      <trkpt lat="36.9018016196787357330322265625" lon="140.051435418426990509033203125">
        <ele>226</ele>
        <time>2025-10-22T23:54:24.000Z</time>
        <extensions>
          <ns3:TrackPointExtension>
            <ns3:hr>125</ns3:hr>
          </ns3:TrackPointExtension>
        </extensions>
      </trkpt>
      <trkpt lat="36.9019806571304798126220703125" lon="140.05145511589944362640380859375">
        <ele>226</ele>
        <time>2025-10-22T23:54:34.000Z</time>
        <extensions>
          <ns3:TrackPointExtension>
            <ns3:hr>125</ns3:hr>
          </ns3:TrackPointExtension>
        </extensions>
      </trkpt>
      <trkpt lat="36.90213932655751705169677734375" lon="140.05147472955286502838134765625">
        <ele>226.1999969482421875</ele>
        <time>2025-10-22T23:54:43.000Z</time>
        <extensions>
          <ns3:TrackPointExtension>
            <ns3:hr>126</ns3:hr>
          </ns3:TrackPointExtension>
        </extensions>
      </trkpt>
      <trkpt lat="36.90232423134148120880126953125" lon="140.05150339566171169281005859375">
        <ele>226.8000030517578125</ele>
        <time>2025-10-22T23:54:53.000Z</time>
        <extensions>
          <ns3:TrackPointExtension>
            <ns3:hr>126</ns3:hr>
          </ns3:TrackPointExtension>
        </extensions>
      </trkpt>
      <trkpt lat="36.9023440964519977569580078125" lon="140.051504485309123992919921875">
        <ele>227</ele>
        <time>2025-10-22T23:54:54.000Z</time>
        <extensions>
          <ns3:TrackPointExtension>
            <ns3:hr>126</ns3:hr>
          </ns3:TrackPointExtension>
        </extensions>
      </trkpt>
      <trkpt lat="36.90250712446868419647216796875" lon="140.05153189413249492645263671875">
        <ele>227.600006103515625</ele>
        <time>2025-10-22T23:55:03.000Z</time>
        <extensions>
          <ns3:TrackPointExtension>
            <ns3:hr>125</ns3:hr>
          </ns3:TrackPointExtension>
        </extensions>
      </trkpt>
      <trkpt lat="36.90267509780824184417724609375" lon="140.05156793631613254547119140625">
        <ele>228</ele>
        <time>2025-10-22T23:55:12.000Z</time>
        <extensions>
          <ns3:TrackPointExtension>
            <ns3:hr>125</ns3:hr>
          </ns3:TrackPointExtension>
        </extensions>
      </trkpt>
      <trkpt lat="36.90278842113912105560302734375" lon="140.05156525410711765289306640625">
        <ele>228</ele>
        <time>2025-10-22T23:55:19.000Z</time>
        <extensions>
          <ns3:TrackPointExtension>
            <ns3:hr>126</ns3:hr>
          </ns3:TrackPointExtension>
        </extensions>
      </trkpt>
      <trkpt lat="36.90294952131807804107666015625" lon="140.051590315997600555419921875">
        <ele>227.8000030517578125</ele>
        <time>2025-10-22T23:55:28.000Z</time>
        <extensions>
          <ns3:TrackPointExtension>
            <ns3:hr>128</ns3:hr>
          </ns3:TrackPointExtension>
        </extensions>
      </trkpt>
      <trkpt lat="36.9031293131411075592041015625" lon="140.0516132824122905731201171875">
        <ele>227.1999969482421875</ele>
        <time>2025-10-22T23:55:39.000Z</time>
        <extensions>
          <ns3:TrackPointExtension>
            <ns3:hr>129</ns3:hr>
          </ns3:TrackPointExtension>
        </extensions>
      </trkpt>
      <trkpt lat="36.90325998701155185699462890625" lon="140.0516421161592006683349609375">
        <ele>227.399993896484375</ele>
        <time>2025-10-22T23:55:47.000Z</time>
        <extensions>
          <ns3:TrackPointExtension>
            <ns3:hr>128</ns3:hr>
          </ns3:TrackPointExtension>
        </extensions>
      </trkpt>
      <trkpt lat="36.9033767469227313995361328125" lon="140.051665417850017547607421875">
        <ele>227.8000030517578125</ele>
        <time>2025-10-22T23:55:54.000Z</time>
        <extensions>
          <ns3:TrackPointExtension>
            <ns3:hr>128</ns3:hr>
          </ns3:TrackPointExtension>
        </extensions>
      </trkpt>
      <trkpt lat="36.90350725315511226654052734375" lon="140.051680505275726318359375">
        <ele>228.1999969482421875</ele>
        <time>2025-10-22T23:56:02.000Z</time>
        <extensions>
          <ns3:TrackPointExtension>
            <ns3:hr>129</ns3:hr>
          </ns3:TrackPointExtension>
        </extensions>
      </trkpt>
      <trkpt lat="36.9036448001861572265625" lon="140.0516917370259761810302734375">
        <ele>228.8000030517578125</ele>
        <time>2025-10-22T23:56:10.000Z</time>
        <extensions>
          <ns3:TrackPointExtension>
            <ns3:hr>129</ns3:hr>
          </ns3:TrackPointExtension>
        </extensions>
      </trkpt>
      <trkpt lat="36.90378134138882160186767578125" lon="140.05171411670744419097900390625">
        <ele>229</ele>
        <time>2025-10-22T23:56:18.000Z</time>
        <extensions>
          <ns3:TrackPointExtension>
            <ns3:hr>129</ns3:hr>
          </ns3:TrackPointExtension>
        </extensions>
      </trkpt>
      <trkpt lat="36.90392634831368923187255859375" lon="140.05173389799892902374267578125">
        <ele>229</ele>
        <time>2025-10-22T23:56:26.000Z</time>
        <extensions>
          <ns3:TrackPointExtension>
            <ns3:hr>129</ns3:hr>
          </ns3:TrackPointExtension>
        </extensions>
      </trkpt>
      <trkpt lat="36.90408711321651935577392578125" lon="140.05175166763365268707275390625">
        <ele>229</ele>
        <time>2025-10-22T23:56:35.000Z</time>
        <extensions>
          <ns3:TrackPointExtension>
            <ns3:hr>128</ns3:hr>
          </ns3:TrackPointExtension>
        </extensions>
      </trkpt>
      <trkpt lat="36.9042508117854595184326171875" lon="140.05177865736186504364013671875">
        <ele>229</ele>
        <time>2025-10-22T23:56:44.000Z</time>
        <extensions>
          <ns3:TrackPointExtension>
            <ns3:hr>127</ns3:hr>
          </ns3:TrackPointExtension>
        </extensions>
      </trkpt>
      <trkpt lat="36.90444434992969036102294921875" lon="140.05181662738323211669921875">
        <ele>229</ele>
        <time>2025-10-22T23:56:54.000Z</time>
        <extensions>
          <ns3:TrackPointExtension>
            <ns3:hr>127</ns3:hr>
          </ns3:TrackPointExtension>
        </extensions>
      </trkpt>
      <trkpt lat="36.9044620357453823089599609375" lon="140.05181922577321529388427734375">
        <ele>229</ele>
        <time>2025-10-22T23:56:55.000Z</time>
        <extensions>
          <ns3:TrackPointExtension>
            <ns3:hr>127</ns3:hr>
          </ns3:TrackPointExtension>
        </extensions>
      </trkpt>
      <trkpt lat="36.90462648868560791015625" lon="140.0518439523875713348388671875">
        <ele>229.1999969482421875</ele>
        <time>2025-10-22T23:57:04.000Z</time>
        <extensions>
          <ns3:TrackPointExtension>
            <ns3:hr>128</ns3:hr>
          </ns3:TrackPointExtension>
        </extensions>
      </trkpt>
      <trkpt lat="36.90478247590363025665283203125" lon="140.05188904702663421630859375">
        <ele>229.8000030517578125</ele>
        <time>2025-10-22T23:57:13.000Z</time>
        <extensions>
          <ns3:TrackPointExtension>
            <ns3:hr>128</ns3:hr>
          </ns3:TrackPointExtension>
        </extensions>
      </trkpt>
      <trkpt lat="36.904923878610134124755859375" lon="140.05191712640225887298583984375">
        <ele>230.399993896484375</ele>
        <time>2025-10-22T23:57:21.000Z</time>
        <extensions>
          <ns3:TrackPointExtension>
            <ns3:hr>128</ns3:hr>
          </ns3:TrackPointExtension>
        </extensions>
      </trkpt>
      <trkpt lat="36.9050779379904270172119140625" lon="140.05196188576519489288330078125">
        <ele>230.8000030517578125</ele>
        <time>2025-10-22T23:57:30.000Z</time>
        <extensions>
          <ns3:TrackPointExtension>
            <ns3:hr>128</ns3:hr>
          </ns3:TrackPointExtension>
        </extensions>
      </trkpt>
      <trkpt lat="36.9052194245159626007080078125" lon="140.05198552273213863372802734375">
        <ele>231</ele>
        <time>2025-10-22T23:57:38.000Z</time>
        <extensions>
          <ns3:TrackPointExtension>
            <ns3:hr>129</ns3:hr>
          </ns3:TrackPointExtension>
        </extensions>
      </trkpt>
      <trkpt lat="36.905370466411113739013671875" lon="140.0520233251154422760009765625">
        <ele>231</ele>
        <time>2025-10-22T23:57:47.000Z</time>
        <extensions>
          <ns3:TrackPointExtension>
            <ns3:hr>128</ns3:hr>
          </ns3:TrackPointExtension>
        </extensions>
      </trkpt>
      <trkpt lat="36.90553282387554645538330078125" lon="140.05206565372645854949951171875">
        <ele>230.399993896484375</ele>
        <time>2025-10-22T23:57:56.000Z</time>
        <extensions>
          <ns3:TrackPointExtension>
            <ns3:hr>129</ns3:hr>
          </ns3:TrackPointExtension>
        </extensions>
      </trkpt>
      <trkpt lat="36.90566517412662506103515625" lon="140.05210504867136478424072265625">
        <ele>230</ele>
        <time>2025-10-22T23:58:04.000Z</time>
        <extensions>
          <ns3:TrackPointExtension>
            <ns3:hr>129</ns3:hr>
          </ns3:TrackPointExtension>
        </extensions>
      </trkpt>
      <trkpt lat="36.90584488213062286376953125" lon="140.05213002674281597137451171875">
        <ele>230</ele>
        <time>2025-10-22T23:58:14.000Z</time>
        <extensions>
          <ns3:TrackPointExtension>
            <ns3:hr>131</ns3:hr>
          </ns3:TrackPointExtension>
        </extensions>
      </trkpt>
      <trkpt lat="36.906013526022434234619140625" lon="140.05217361263930797576904296875">
        <ele>229.8000030517578125</ele>
        <time>2025-10-22T23:58:23.000Z</time>
        <extensions>
          <ns3:TrackPointExtension>
            <ns3:hr>132</ns3:hr>
          </ns3:TrackPointExtension>
        </extensions>
      </trkpt>
      <trkpt lat="36.90615811385214328765869140625" lon="140.0522167794406414031982421875">
        <ele>229.600006103515625</ele>
        <time>2025-10-22T23:58:31.000Z</time>
        <extensions>
          <ns3:TrackPointExtension>
            <ns3:hr>134</ns3:hr>
          </ns3:TrackPointExtension>
        </extensions>
      </trkpt>
      <trkpt lat="36.90634201280772686004638671875" lon="140.0522623769938945770263671875">
        <ele>229</ele>
        <time>2025-10-22T23:58:41.000Z</time>
        <extensions>
          <ns3:TrackPointExtension>
            <ns3:hr>133</ns3:hr>
          </ns3:TrackPointExtension>
        </extensions>
      </trkpt>
      <trkpt lat="36.9063774682581424713134765625" lon="140.0522664003074169158935546875">
        <ele>228.8000030517578125</ele>
        <time>2025-10-22T23:58:43.000Z</time>
        <extensions>
          <ns3:TrackPointExtension>
            <ns3:hr>133</ns3:hr>
          </ns3:TrackPointExtension>
        </extensions>
      </trkpt>
      <trkpt lat="36.90657050348818302154541015625" lon="140.0522868521511554718017578125">
        <ele>228.399993896484375</ele>
        <time>2025-10-22T23:58:54.000Z</time>
        <extensions>
          <ns3:TrackPointExtension>
            <ns3:hr>134</ns3:hr>
          </ns3:TrackPointExtension>
        </extensions>
      </trkpt>
      <trkpt lat="36.9067548215389251708984375" lon="140.0522918812930583953857421875">
        <ele>228</ele>
        <time>2025-10-22T23:59:04.000Z</time>
        <extensions>
          <ns3:TrackPointExtension>
            <ns3:hr>135</ns3:hr>
          </ns3:TrackPointExtension>
        </extensions>
      </trkpt>
      <trkpt lat="36.90679128281772136688232421875" lon="140.052293725311756134033203125">
        <ele>228</ele>
        <time>2025-10-22T23:59:06.000Z</time>
        <extensions>
          <ns3:TrackPointExtension>
            <ns3:hr>135</ns3:hr>
          </ns3:TrackPointExtension>
        </extensions>
      </trkpt>
      <trkpt lat="36.90694618038833141326904296875" lon="140.05228945054113864898681640625">
        <ele>228</ele>
        <time>2025-10-22T23:59:15.000Z</time>
        <extensions>
          <ns3:TrackPointExtension>
            <ns3:hr>136</ns3:hr>
          </ns3:TrackPointExtension>
        </extensions>
      </trkpt>
      <trkpt lat="36.9071288220584392547607421875" lon="140.05228777416050434112548828125">
        <ele>228.399993896484375</ele>
        <time>2025-10-22T23:59:26.000Z</time>
        <extensions>
          <ns3:TrackPointExtension>
            <ns3:hr>134</ns3:hr>
          </ns3:TrackPointExtension>
        </extensions>
      </trkpt>
      <trkpt lat="36.907164193689823150634765625" lon="140.052291043102741241455078125">
        <ele>228.399993896484375</ele>
        <time>2025-10-22T23:59:28.000Z</time>
        <extensions>
          <ns3:TrackPointExtension>
            <ns3:hr>134</ns3:hr>
          </ns3:TrackPointExtension>
        </extensions>
      </trkpt>
      <trkpt lat="36.907346248626708984375" lon="140.05228458903729915618896484375">
        <ele>228</ele>
        <time>2025-10-22T23:59:38.000Z</time>
        <extensions>
          <ns3:TrackPointExtension>
            <ns3:hr>134</ns3:hr>
          </ns3:TrackPointExtension>
        </extensions>
      </trkpt>
      <trkpt lat="36.90736292861402034759521484375" lon="140.05228743888437747955322265625">
        <ele>228</ele>
        <time>2025-10-22T23:59:39.000Z</time>
        <extensions>
          <ns3:TrackPointExtension>
            <ns3:hr>134</ns3:hr>
          </ns3:TrackPointExtension>
        </extensions>
      </trkpt>
      <trkpt lat="36.90753710456192493438720703125" lon="140.05230789072811603546142578125">
        <ele>228</ele>
        <time>2025-10-22T23:59:49.000Z</time>
        <extensions>
          <ns3:TrackPointExtension>
            <ns3:hr>134</ns3:hr>
          </ns3:TrackPointExtension>
        </extensions>
      </trkpt>
      <trkpt lat="36.90772804431617259979248046875" lon="140.05236513912677764892578125">
        <ele>228.399993896484375</ele>
        <time>2025-10-23T00:00:00.000Z</time>
        <extensions>
          <ns3:TrackPointExtension>
            <ns3:hr>133</ns3:hr>
          </ns3:TrackPointExtension>
        </extensions>
      </trkpt>
      <trkpt lat="36.9078759849071502685546875" lon="140.05242423154413700103759765625">
        <ele>229.1999969482421875</ele>
        <time>2025-10-23T00:00:08.000Z</time>
        <extensions>
          <ns3:TrackPointExtension>
            <ns3:hr>131</ns3:hr>
          </ns3:TrackPointExtension>
        </extensions>
      </trkpt>
      <trkpt lat="36.908027864992618560791015625" lon="140.05249681882560253143310546875">
        <ele>230</ele>
        <time>2025-10-23T00:00:16.000Z</time>
        <extensions>
          <ns3:TrackPointExtension>
            <ns3:hr>131</ns3:hr>
          </ns3:TrackPointExtension>
        </extensions>
      </trkpt>
      <trkpt lat="36.9081882946193218231201171875" lon="140.05260075442492961883544921875">
        <ele>231</ele>
        <time>2025-10-23T00:00:25.000Z</time>
        <extensions>
          <ns3:TrackPointExtension>
            <ns3:hr>131</ns3:hr>
          </ns3:TrackPointExtension>
        </extensions>
      </trkpt>
      <trkpt lat="36.90835165791213512420654296875" lon="140.05270603112876415252685546875">
        <ele>231.600006103515625</ele>
        <time>2025-10-23T00:00:34.000Z</time>
        <extensions>
          <ns3:TrackPointExtension>
            <ns3:hr>131</ns3:hr>
          </ns3:TrackPointExtension>
        </extensions>
      </trkpt>
      <trkpt lat="36.90848409198224544525146484375" lon="140.05279454402625560760498046875">
        <ele>231.8000030517578125</ele>
        <time>2025-10-23T00:00:42.000Z</time>
        <extensions>
          <ns3:TrackPointExtension>
            <ns3:hr>131</ns3:hr>
          </ns3:TrackPointExtension>
        </extensions>
      </trkpt>
      <trkpt lat="36.90864603035151958465576171875" lon="140.05289613269269466400146484375">
        <ele>231.1999969482421875</ele>
        <time>2025-10-23T00:00:51.000Z</time>
        <extensions>
          <ns3:TrackPointExtension>
            <ns3:hr>133</ns3:hr>
          </ns3:TrackPointExtension>
        </extensions>
      </trkpt>
      <trkpt lat="36.9087879359722137451171875" lon="140.05298070609569549560546875">
        <ele>231.1999969482421875</ele>
        <time>2025-10-23T00:00:59.000Z</time>
        <extensions>
          <ns3:TrackPointExtension>
            <ns3:hr>134</ns3:hr>
          </ns3:TrackPointExtension>
        </extensions>
      </trkpt>
      <trkpt lat="36.90896253101527690887451171875" lon="140.05308690480887889862060546875">
        <ele>231.8000030517578125</ele>
        <time>2025-10-23T00:01:09.000Z</time>
        <extensions>
          <ns3:TrackPointExtension>
            <ns3:hr>134</ns3:hr>
          </ns3:TrackPointExtension>
        </extensions>
      </trkpt>
      <trkpt lat="36.9089971482753753662109375" lon="140.05310534499585628509521484375">
        <ele>232</ele>
        <time>2025-10-23T00:01:11.000Z</time>
        <extensions>
          <ns3:TrackPointExtension>
            <ns3:hr>134</ns3:hr>
          </ns3:TrackPointExtension>
        </extensions>
      </trkpt>
      <trkpt lat="36.90916855819523334503173828125" lon="140.05319251678884029388427734375">
        <ele>232</ele>
        <time>2025-10-23T00:01:21.000Z</time>
        <extensions>
          <ns3:TrackPointExtension>
            <ns3:hr>134</ns3:hr>
          </ns3:TrackPointExtension>
        </extensions>
      </trkpt>
      <trkpt lat="36.90931088291108608245849609375" lon="140.05327113904058933258056640625">
        <ele>232.1999969482421875</ele>
        <time>2025-10-23T00:01:29.000Z</time>
        <extensions>
          <ns3:TrackPointExtension>
            <ns3:hr>133</ns3:hr>
          </ns3:TrackPointExtension>
        </extensions>
      </trkpt>
      <trkpt lat="36.90944532863795757293701171875" lon="140.053349174559116363525390625">
        <ele>232.600006103515625</ele>
        <time>2025-10-23T00:01:37.000Z</time>
        <extensions>
          <ns3:TrackPointExtension>
            <ns3:hr>133</ns3:hr>
          </ns3:TrackPointExtension>
        </extensions>
      </trkpt>
      <trkpt lat="36.909623108804225921630859375" lon="140.05345009267330169677734375">
        <ele>233.399993896484375</ele>
        <time>2025-10-23T00:01:47.000Z</time>
        <extensions>
          <ns3:TrackPointExtension>
            <ns3:hr>132</ns3:hr>
          </ns3:TrackPointExtension>
        </extensions>
      </trkpt>
      <trkpt lat="36.90964062698185443878173828125" lon="140.0534586422145366668701171875">
        <ele>233.399993896484375</ele>
        <time>2025-10-23T00:01:48.000Z</time>
        <extensions>
          <ns3:TrackPointExtension>
            <ns3:hr>132</ns3:hr>
          </ns3:TrackPointExtension>
        </extensions>
      </trkpt>
      <trkpt lat="36.90979787148535251617431640625" lon="140.05353969521820545196533203125">
        <ele>233.600006103515625</ele>
        <time>2025-10-23T00:01:57.000Z</time>
        <extensions>
          <ns3:TrackPointExtension>
            <ns3:hr>132</ns3:hr>
          </ns3:TrackPointExtension>
        </extensions>
      </trkpt>
      <trkpt lat="36.90993080846965312957763671875" lon="140.05362309515476226806640625">
        <ele>233.8000030517578125</ele>
        <time>2025-10-23T00:02:05.000Z</time>
        <extensions>
          <ns3:TrackPointExtension>
            <ns3:hr>132</ns3:hr>
          </ns3:TrackPointExtension>
        </extensions>
      </trkpt>
      <trkpt lat="36.9100779108703136444091796875" lon="140.053713284432888031005859375">
        <ele>234</ele>
        <time>2025-10-23T00:02:14.000Z</time>
        <extensions>
          <ns3:TrackPointExtension>
            <ns3:hr>133</ns3:hr>
          </ns3:TrackPointExtension>
        </extensions>
      </trkpt>
      <trkpt lat="36.91020942293107509613037109375" lon="140.05378914065659046173095703125">
        <ele>234.1999969482421875</ele>
        <time>2025-10-23T00:02:22.000Z</time>
        <extensions>
          <ns3:TrackPointExtension>
            <ns3:hr>131</ns3:hr>
          </ns3:TrackPointExtension>
        </extensions>
      </trkpt>
      <trkpt lat="36.91037689335644245147705078125" lon="140.05389005877077579498291015625">
        <ele>234.399993896484375</ele>
        <time>2025-10-23T00:02:32.000Z</time>
        <extensions>
          <ns3:TrackPointExtension>
            <ns3:hr>131</ns3:hr>
          </ns3:TrackPointExtension>
        </extensions>
      </trkpt>
      <trkpt lat="36.9104322977364063262939453125" lon="140.0539176352322101593017578125">
        <ele>234.600006103515625</ele>
        <time>2025-10-23T00:02:35.000Z</time>
        <extensions>
          <ns3:TrackPointExtension>
            <ns3:hr>131</ns3:hr>
          </ns3:TrackPointExtension>
        </extensions>
      </trkpt>
      <trkpt lat="36.9105975888669490814208984375" lon="140.0540101714432239532470703125">
        <ele>234.8000030517578125</ele>
        <time>2025-10-23T00:02:45.000Z</time>
        <extensions>
          <ns3:TrackPointExtension>
            <ns3:hr>131</ns3:hr>
          </ns3:TrackPointExtension>
        </extensions>
      </trkpt>
      <trkpt lat="36.91076262854039669036865234375" lon="140.0541040487587451934814453125">
        <ele>235</ele>
        <time>2025-10-23T00:02:55.000Z</time>
        <extensions>
          <ns3:TrackPointExtension>
            <ns3:hr>133</ns3:hr>
          </ns3:TrackPointExtension>
        </extensions>
      </trkpt>
      <trkpt lat="36.91086731851100921630859375" lon="140.05417353473603725433349609375">
        <ele>235</ele>
        <time>2025-10-23T00:03:02.000Z</time>
        <extensions>
          <ns3:TrackPointExtension>
            <ns3:hr>132</ns3:hr>
          </ns3:TrackPointExtension>
        </extensions>
      </trkpt>
      <trkpt lat="36.91103755496442317962646484375" lon="140.05427713505923748016357421875">
        <ele>235</ele>
        <time>2025-10-23T00:03:12.000Z</time>
        <extensions>
          <ns3:TrackPointExtension>
            <ns3:hr>131</ns3:hr>
          </ns3:TrackPointExtension>
        </extensions>
      </trkpt>
      <trkpt lat="36.91105314530432224273681640625" lon="140.05428434349596500396728515625">
        <ele>235</ele>
        <time>2025-10-23T00:03:13.000Z</time>
        <extensions>
          <ns3:TrackPointExtension>
            <ns3:hr>131</ns3:hr>
          </ns3:TrackPointExtension>
        </extensions>
      </trkpt>
      <trkpt lat="36.91120083443820476531982421875" lon="140.05435491912066936492919921875">
        <ele>235</ele>
        <time>2025-10-23T00:03:22.000Z</time>
        <extensions>
          <ns3:TrackPointExtension>
            <ns3:hr>131</ns3:hr>
          </ns3:TrackPointExtension>
        </extensions>
      </trkpt>
      <trkpt lat="36.91139278002083301544189453125" lon="140.05439557135105133056640625">
        <ele>234.600006103515625</ele>
        <time>2025-10-23T00:03:33.000Z</time>
        <extensions>
          <ns3:TrackPointExtension>
            <ns3:hr>133</ns3:hr>
          </ns3:TrackPointExtension>
        </extensions>
      </trkpt>
      <trkpt lat="36.9115346856415271759033203125" lon="140.05442909896373748779296875">
        <ele>234.1999969482421875</ele>
        <time>2025-10-23T00:03:41.000Z</time>
        <extensions>
          <ns3:TrackPointExtension>
            <ns3:hr>134</ns3:hr>
          </ns3:TrackPointExtension>
        </extensions>
      </trkpt>
      <trkpt lat="36.91169436089694499969482421875" lon="140.0544901192188262939453125">
        <ele>234</ele>
        <time>2025-10-23T00:03:50.000Z</time>
        <extensions>
          <ns3:TrackPointExtension>
            <ns3:hr>133</ns3:hr>
          </ns3:TrackPointExtension>
        </extensions>
      </trkpt>
      <trkpt lat="36.9118458218872547149658203125" lon="140.0545449368655681610107421875">
        <ele>233.8000030517578125</ele>
        <time>2025-10-23T00:03:58.000Z</time>
        <extensions>
          <ns3:TrackPointExtension>
            <ns3:hr>132</ns3:hr>
          </ns3:TrackPointExtension>
        </extensions>
      </trkpt>
      <trkpt lat="36.91202326677739620208740234375" lon="140.05462314002215862274169921875">
        <ele>233.1999969482421875</ele>
        <time>2025-10-23T00:04:08.000Z</time>
        <extensions>
          <ns3:TrackPointExtension>
            <ns3:hr>133</ns3:hr>
          </ns3:TrackPointExtension>
        </extensions>
      </trkpt>
      <trkpt lat="36.91217497922480106353759765625" lon="140.05468382500112056732177734375">
        <ele>233</ele>
        <time>2025-10-23T00:04:16.000Z</time>
        <extensions>
          <ns3:TrackPointExtension>
            <ns3:hr>134</ns3:hr>
          </ns3:TrackPointExtension>
        </extensions>
      </trkpt>
      <trkpt lat="36.9123356603085994720458984375" lon="140.0547467730939388275146484375">
        <ele>233</ele>
        <time>2025-10-23T00:04:25.000Z</time>
        <extensions>
          <ns3:TrackPointExtension>
            <ns3:hr>136</ns3:hr>
          </ns3:TrackPointExtension>
        </extensions>
      </trkpt>
      <trkpt lat="36.91250883042812347412109375" lon="140.0548171810805797576904296875">
        <ele>233.600006103515625</ele>
        <time>2025-10-23T00:04:35.000Z</time>
        <extensions>
          <ns3:TrackPointExtension>
            <ns3:hr>137</ns3:hr>
          </ns3:TrackPointExtension>
        </extensions>
      </trkpt>
      <trkpt lat="36.9125457108020782470703125" lon="140.05483251996338367462158203125">
        <ele>233.8000030517578125</ele>
        <time>2025-10-23T00:04:37.000Z</time>
        <extensions>
          <ns3:TrackPointExtension>
            <ns3:hr>137</ns3:hr>
          </ns3:TrackPointExtension>
        </extensions>
      </trkpt>
      <trkpt lat="36.91273656673729419708251953125" lon="140.05488968454301357269287109375">
        <ele>234.399993896484375</ele>
        <time>2025-10-23T00:04:48.000Z</time>
        <extensions>
          <ns3:TrackPointExtension>
            <ns3:hr>137</ns3:hr>
          </ns3:TrackPointExtension>
        </extensions>
      </trkpt>
      <trkpt lat="36.91292381845414638519287109375" lon="140.05494031123816967010498046875">
        <ele>235.1999969482421875</ele>
        <time>2025-10-23T00:04:58.000Z</time>
        <extensions>
          <ns3:TrackPointExtension>
            <ns3:hr>137</ns3:hr>
          </ns3:TrackPointExtension>
        </extensions>
      </trkpt>
      <trkpt lat="36.91294091753661632537841796875" lon="140.0549469329416751861572265625">
        <ele>235.1999969482421875</ele>
        <time>2025-10-23T00:04:59.000Z</time>
        <extensions>
          <ns3:TrackPointExtension>
            <ns3:hr>136</ns3:hr>
          </ns3:TrackPointExtension>
        </extensions>
      </trkpt>
      <trkpt lat="36.91311341710388660430908203125" lon="140.0550186820328235626220703125">
        <ele>235.8000030517578125</ele>
        <time>2025-10-23T00:05:09.000Z</time>
        <extensions>
          <ns3:TrackPointExtension>
            <ns3:hr>135</ns3:hr>
          </ns3:TrackPointExtension>
        </extensions>
      </trkpt>
      <trkpt lat="36.9132727570831775665283203125" lon="140.0550855696201324462890625">
        <ele>236.8000030517578125</ele>
        <time>2025-10-23T00:05:18.000Z</time>
        <extensions>
          <ns3:TrackPointExtension>
            <ns3:hr>134</ns3:hr>
          </ns3:TrackPointExtension>
        </extensions>
      </trkpt>
      <trkpt lat="36.91344869323074817657470703125" lon="140.0551739148795604705810546875">
        <ele>238</ele>
        <time>2025-10-23T00:05:29.000Z</time>
        <extensions>
          <ns3:TrackPointExtension>
            <ns3:hr>133</ns3:hr>
          </ns3:TrackPointExtension>
        </extensions>
      </trkpt>
      <trkpt lat="36.91362119279801845550537109375" lon="140.05524809472262859344482421875">
        <ele>238.600006103515625</ele>
        <time>2025-10-23T00:05:39.000Z</time>
        <extensions>
          <ns3:TrackPointExtension>
            <ns3:hr>132</ns3:hr>
          </ns3:TrackPointExtension>
        </extensions>
      </trkpt>
      <trkpt lat="36.9137907586991786956787109375" lon="140.05532235838472843170166015625">
        <ele>239</ele>
        <time>2025-10-23T00:05:49.000Z</time>
        <extensions>
          <ns3:TrackPointExtension>
            <ns3:hr>132</ns3:hr>
          </ns3:TrackPointExtension>
        </extensions>
      </trkpt>
      <trkpt lat="36.91394858993589878082275390625" lon="140.05539000034332275390625">
        <ele>239</ele>
        <time>2025-10-23T00:05:58.000Z</time>
        <extensions>
          <ns3:TrackPointExtension>
            <ns3:hr>132</ns3:hr>
          </ns3:TrackPointExtension>
        </extensions>
      </trkpt>
      <trkpt lat="36.91410533152520656585693359375" lon="140.0554602406919002532958984375">
        <ele>238.8000030517578125</ele>
        <time>2025-10-23T00:06:07.000Z</time>
        <extensions>
          <ns3:TrackPointExtension>
            <ns3:hr>131</ns3:hr>
          </ns3:TrackPointExtension>
        </extensions>
      </trkpt>
      <trkpt lat="36.91424815915524959564208984375" lon="140.05555638112127780914306640625">
        <ele>239</ele>
        <time>2025-10-23T00:06:16.000Z</time>
        <extensions>
          <ns3:TrackPointExtension>
            <ns3:hr>130</ns3:hr>
          </ns3:TrackPointExtension>
        </extensions>
      </trkpt>
      <trkpt lat="36.9143741391599178314208984375" lon="140.05562611855566501617431640625">
        <ele>239</ele>
        <time>2025-10-23T00:06:24.000Z</time>
        <extensions>
          <ns3:TrackPointExtension>
            <ns3:hr>130</ns3:hr>
          </ns3:TrackPointExtension>
        </extensions>
      </trkpt>
      <trkpt lat="36.91450263373553752899169921875" lon="140.05570423789322376251220703125">
        <ele>239.1999969482421875</ele>
        <time>2025-10-23T00:06:32.000Z</time>
        <extensions>
          <ns3:TrackPointExtension>
            <ns3:hr>131</ns3:hr>
          </ns3:TrackPointExtension>
        </extensions>
      </trkpt>
      <trkpt lat="36.91462718881666660308837890625" lon="140.055778585374355316162109375">
        <ele>239.1999969482421875</ele>
        <time>2025-10-23T00:06:40.000Z</time>
        <extensions>
          <ns3:TrackPointExtension>
            <ns3:hr>132</ns3:hr>
          </ns3:TrackPointExtension>
        </extensions>
      </trkpt>
      <trkpt lat="36.91478409804403781890869140625" lon="140.0558706186711788177490234375">
        <ele>239.600006103515625</ele>
        <time>2025-10-23T00:06:49.000Z</time>
        <extensions>
          <ns3:TrackPointExtension>
            <ns3:hr>134</ns3:hr>
          </ns3:TrackPointExtension>
        </extensions>
      </trkpt>
      <trkpt lat="36.91493757069110870361328125" lon="140.0559722073376178741455078125">
        <ele>240</ele>
        <time>2025-10-23T00:06:58.000Z</time>
        <extensions>
          <ns3:TrackPointExtension>
            <ns3:hr>135</ns3:hr>
          </ns3:TrackPointExtension>
        </extensions>
      </trkpt>
      <trkpt lat="36.9151063822209835052490234375" lon="140.05607639439404010772705078125">
        <ele>240</ele>
        <time>2025-10-23T00:07:08.000Z</time>
        <extensions>
          <ns3:TrackPointExtension>
            <ns3:hr>135</ns3:hr>
          </ns3:TrackPointExtension>
        </extensions>
      </trkpt>
      <trkpt lat="36.91518944688141345977783203125" lon="140.05614864639937877655029296875">
        <ele>240.1999969482421875</ele>
        <time>2025-10-23T00:07:17.000Z</time>
        <extensions>
          <ns3:TrackPointExtension>
            <ns3:hr>135</ns3:hr>
          </ns3:TrackPointExtension>
        </extensions>
      </trkpt>
      <trkpt lat="36.91524736583232879638671875" lon="140.05619541741907596588134765625">
        <ele>240.399993896484375</ele>
        <time>2025-10-23T00:07:22.000Z</time>
        <extensions>
          <ns3:TrackPointExtension>
            <ns3:hr>132</ns3:hr>
          </ns3:TrackPointExtension>
        </extensions>
      </trkpt>
      <trkpt lat="36.91528181545436382293701171875" lon="140.05621368996798992156982421875">
        <ele>240.600006103515625</ele>
        <time>2025-10-23T00:07:24.000Z</time>
        <extensions>
          <ns3:TrackPointExtension>
            <ns3:hr>130</ns3:hr>
          </ns3:TrackPointExtension>
        </extensions>
      </trkpt>
      <trkpt lat="36.91540871746838092803955078125" lon="140.05629499442875385284423828125">
        <ele>241</ele>
        <time>2025-10-23T00:07:33.000Z</time>
        <extensions>
          <ns3:TrackPointExtension>
            <ns3:hr>130</ns3:hr>
          </ns3:TrackPointExtension>
        </extensions>
      </trkpt>
      <trkpt lat="36.91556453704833984375" lon="140.05638350732624530792236328125">
        <ele>241</ele>
        <time>2025-10-23T00:07:43.000Z</time>
        <extensions>
          <ns3:TrackPointExtension>
            <ns3:hr>133</ns3:hr>
          </ns3:TrackPointExtension>
        </extensions>
      </trkpt>
      <trkpt lat="36.91572421230375766754150390625" lon="140.05648425780236721038818359375">
        <ele>241</ele>
        <time>2025-10-23T00:07:52.000Z</time>
        <extensions>
          <ns3:TrackPointExtension>
            <ns3:hr>131</ns3:hr>
          </ns3:TrackPointExtension>
        </extensions>
      </trkpt>
      <trkpt lat="36.91583300940692424774169921875" lon="140.0565445236861705780029296875">
        <ele>241</ele>
        <time>2025-10-23T00:07:59.000Z</time>
        <extensions>
          <ns3:TrackPointExtension>
            <ns3:hr>133</ns3:hr>
          </ns3:TrackPointExtension>
        </extensions>
      </trkpt>
      <trkpt lat="36.91599360667169094085693359375" lon="140.05664669908583164215087890625">
        <ele>240.8000030517578125</ele>
        <time>2025-10-23T00:08:09.000Z</time>
        <extensions>
          <ns3:TrackPointExtension>
            <ns3:hr>131</ns3:hr>
          </ns3:TrackPointExtension>
        </extensions>
      </trkpt>
      <trkpt lat="36.916144900023937225341796875" lon="140.05673605017364025115966796875">
        <ele>241</ele>
        <time>2025-10-23T00:08:19.000Z</time>
        <extensions>
          <ns3:TrackPointExtension>
            <ns3:hr>130</ns3:hr>
          </ns3:TrackPointExtension>
        </extensions>
      </trkpt>
      <trkpt lat="36.91627289168536663055419921875" lon="140.05681492388248443603515625">
        <ele>241.1999969482421875</ele>
        <time>2025-10-23T00:08:27.000Z</time>
        <extensions>
          <ns3:TrackPointExtension>
            <ns3:hr>131</ns3:hr>
          </ns3:TrackPointExtension>
        </extensions>
      </trkpt>
      <trkpt lat="36.91643516533076763153076171875" lon="140.05690134130418300628662109375">
        <ele>241.8000030517578125</ele>
        <time>2025-10-23T00:08:37.000Z</time>
        <extensions>
          <ns3:TrackPointExtension>
            <ns3:hr>131</ns3:hr>
          </ns3:TrackPointExtension>
        </extensions>
      </trkpt>
      <trkpt lat="36.9165940023958683013916015625" lon="140.05699169822037220001220703125">
        <ele>241.600006103515625</ele>
        <time>2025-10-23T00:08:47.000Z</time>
        <extensions>
          <ns3:TrackPointExtension>
            <ns3:hr>133</ns3:hr>
          </ns3:TrackPointExtension>
        </extensions>
      </trkpt>
      <trkpt lat="36.916728951036930084228515625" lon="140.057065375149250030517578125">
        <ele>241.1999969482421875</ele>
        <time>2025-10-23T00:08:56.000Z</time>
        <extensions>
          <ns3:TrackPointExtension>
            <ns3:hr>133</ns3:hr>
          </ns3:TrackPointExtension>
        </extensions>
      </trkpt>
      <trkpt lat="36.91684705205261707305908203125" lon="140.0571379624307155609130859375">
        <ele>241</ele>
        <time>2025-10-23T00:09:04.000Z</time>
        <extensions>
          <ns3:TrackPointExtension>
            <ns3:hr>134</ns3:hr>
          </ns3:TrackPointExtension>
        </extensions>
      </trkpt>
      <trkpt lat="36.91697747446596622467041015625" lon="140.05719579756259918212890625">
        <ele>240.600006103515625</ele>
        <time>2025-10-23T00:09:12.000Z</time>
        <extensions>
          <ns3:TrackPointExtension>
            <ns3:hr>136</ns3:hr>
          </ns3:TrackPointExtension>
        </extensions>
      </trkpt>
      <trkpt lat="36.917113848030567169189453125" lon="140.05725908093154430389404296875">
        <ele>240.600006103515625</ele>
        <time>2025-10-23T00:09:20.000Z</time>
        <extensions>
          <ns3:TrackPointExtension>
            <ns3:hr>135</ns3:hr>
          </ns3:TrackPointExtension>
        </extensions>
      </trkpt>
      <trkpt lat="36.917253322899341583251953125" lon="140.05732764489948749542236328125">
        <ele>240.8000030517578125</ele>
        <time>2025-10-23T00:09:28.000Z</time>
        <extensions>
          <ns3:TrackPointExtension>
            <ns3:hr>134</ns3:hr>
          </ns3:TrackPointExtension>
        </extensions>
      </trkpt>
      <trkpt lat="36.917394809424877166748046875" lon="140.05740526132285594940185546875">
        <ele>241.1999969482421875</ele>
        <time>2025-10-23T00:09:37.000Z</time>
        <extensions>
          <ns3:TrackPointExtension>
            <ns3:hr>133</ns3:hr>
          </ns3:TrackPointExtension>
        </extensions>
      </trkpt>
      <trkpt lat="36.9175307638943195343017578125" lon="140.057466365396976470947265625">
        <ele>241.600006103515625</ele>
        <time>2025-10-23T00:09:45.000Z</time>
        <extensions>
          <ns3:TrackPointExtension>
            <ns3:hr>132</ns3:hr>
          </ns3:TrackPointExtension>
        </extensions>
      </trkpt>
      <trkpt lat="36.91770385019481182098388671875" lon="140.05755093879997730255126953125">
        <ele>242</ele>
        <time>2025-10-23T00:09:55.000Z</time>
        <extensions>
          <ns3:TrackPointExtension>
            <ns3:hr>131</ns3:hr>
          </ns3:TrackPointExtension>
        </extensions>
      </trkpt>
      <trkpt lat="36.91784785129129886627197265625" lon="140.0576341710984706878662109375">
        <ele>242</ele>
        <time>2025-10-23T00:10:04.000Z</time>
        <extensions>
          <ns3:TrackPointExtension>
            <ns3:hr>131</ns3:hr>
          </ns3:TrackPointExtension>
        </extensions>
      </trkpt>
      <trkpt lat="36.918031163513660430908203125" lon="140.05772419273853302001953125">
        <ele>242.1999969482421875</ele>
        <time>2025-10-23T00:10:14.000Z</time>
        <extensions>
          <ns3:TrackPointExtension>
            <ns3:hr>131</ns3:hr>
          </ns3:TrackPointExtension>
        </extensions>
      </trkpt>
      <trkpt lat="36.91804918460547924041748046875" lon="140.057731904089450836181640625">
        <ele>242.1999969482421875</ele>
        <time>2025-10-23T00:10:15.000Z</time>
        <extensions>
          <ns3:TrackPointExtension>
            <ns3:hr>131</ns3:hr>
          </ns3:TrackPointExtension>
        </extensions>
      </trkpt>
      <trkpt lat="36.918206177651882171630859375" lon="140.05780893377959728240966796875">
        <ele>242.399993896484375</ele>
        <time>2025-10-23T00:10:24.000Z</time>
        <extensions>
          <ns3:TrackPointExtension>
            <ns3:hr>133</ns3:hr>
          </ns3:TrackPointExtension>
        </extensions>
      </trkpt>
      <trkpt lat="36.91838379018008708953857421875" lon="140.05790733732283115386962890625">
        <ele>242</ele>
        <time>2025-10-23T00:10:34.000Z</time>
        <extensions>
          <ns3:TrackPointExtension>
            <ns3:hr>133</ns3:hr>
          </ns3:TrackPointExtension>
        </extensions>
      </trkpt>
      <trkpt lat="36.9185506738722324371337890625" lon="140.0579949282109737396240234375">
        <ele>242</ele>
        <time>2025-10-23T00:10:44.000Z</time>
        <extensions>
          <ns3:TrackPointExtension>
            <ns3:hr>134</ns3:hr>
          </ns3:TrackPointExtension>
        </extensions>
      </trkpt>
      <trkpt lat="36.918685622513294219970703125" lon="140.0580847822129726409912109375">
        <ele>242</ele>
        <time>2025-10-23T00:10:52.000Z</time>
        <extensions>
          <ns3:TrackPointExtension>
            <ns3:hr>134</ns3:hr>
          </ns3:TrackPointExtension>
        </extensions>
      </trkpt>
      <trkpt lat="36.91884580068290233612060546875" lon="140.05819047801196575164794921875">
        <ele>242.8000030517578125</ele>
        <time>2025-10-23T00:11:02.000Z</time>
        <extensions>
          <ns3:TrackPointExtension>
            <ns3:hr>134</ns3:hr>
          </ns3:TrackPointExtension>
        </extensions>
      </trkpt>
      <trkpt lat="36.9188614748418331146240234375" lon="140.05819651298224925994873046875">
        <ele>243</ele>
        <time>2025-10-23T00:11:03.000Z</time>
        <extensions>
          <ns3:TrackPointExtension>
            <ns3:hr>134</ns3:hr>
          </ns3:TrackPointExtension>
        </extensions>
      </trkpt>
      <trkpt lat="36.9190438650548458099365234375" lon="140.05830396898090839385986328125">
        <ele>244.1999969482421875</ele>
        <time>2025-10-23T00:11:13.000Z</time>
        <extensions>
          <ns3:TrackPointExtension>
            <ns3:hr>134</ns3:hr>
          </ns3:TrackPointExtension>
        </extensions>
      </trkpt>
      <trkpt lat="36.9190606288611888885498046875" lon="140.058317966759204864501953125">
        <ele>244.399993896484375</ele>
        <time>2025-10-23T00:11:14.000Z</time>
        <extensions>
          <ns3:TrackPointExtension>
            <ns3:hr>134</ns3:hr>
          </ns3:TrackPointExtension>
        </extensions>
      </trkpt>
      <trkpt lat="36.9192001037299633026123046875" lon="140.0584276020526885986328125">
        <ele>245.399993896484375</ele>
        <time>2025-10-23T00:11:23.000Z</time>
        <extensions>
          <ns3:TrackPointExtension>
            <ns3:hr>134</ns3:hr>
          </ns3:TrackPointExtension>
        </extensions>
      </trkpt>
      <trkpt lat="36.91932474263012409210205078125" lon="140.0585384108126163482666015625">
        <ele>246.1999969482421875</ele>
        <time>2025-10-23T00:11:32.000Z</time>
        <extensions>
          <ns3:TrackPointExtension>
            <ns3:hr>134</ns3:hr>
          </ns3:TrackPointExtension>
        </extensions>
      </trkpt>
      <trkpt lat="36.9194381497800350189208984375" lon="140.058667995035648345947265625">
        <ele>247.1999969482421875</ele>
        <time>2025-10-23T00:11:41.000Z</time>
        <extensions>
          <ns3:TrackPointExtension>
            <ns3:hr>134</ns3:hr>
          </ns3:TrackPointExtension>
        </extensions>
      </trkpt>
      <trkpt lat="36.91956664435565471649169921875" lon="140.05879648961126804351806640625">
        <ele>248</ele>
        <time>2025-10-23T00:11:51.000Z</time>
        <extensions>
          <ns3:TrackPointExtension>
            <ns3:hr>133</ns3:hr>
          </ns3:TrackPointExtension>
        </extensions>
      </trkpt>
      <trkpt lat="36.9195984117686748504638671875" lon="140.0588337890803813934326171875">
        <ele>248.1999969482421875</ele>
        <time>2025-10-23T00:11:54.000Z</time>
        <extensions>
          <ns3:TrackPointExtension>
            <ns3:hr>133</ns3:hr>
          </ns3:TrackPointExtension>
        </extensions>
      </trkpt>
      <trkpt lat="36.91967091523110866546630859375" lon="140.05891366861760616302490234375">
        <ele>248.8000030517578125</ele>
        <time>2025-10-23T00:11:59.000Z</time>
        <extensions>
          <ns3:TrackPointExtension>
            <ns3:hr>132</ns3:hr>
          </ns3:TrackPointExtension>
        </extensions>
      </trkpt>
      <trkpt lat="36.919800750911235809326171875" lon="140.05905180238187313079833984375">
        <ele>249.600006103515625</ele>
        <time>2025-10-23T00:12:09.000Z</time>
        <extensions>
          <ns3:TrackPointExtension>
            <ns3:hr>133</ns3:hr>
          </ns3:TrackPointExtension>
        </extensions>
      </trkpt>
      <trkpt lat="36.9199310056865215301513671875" lon="140.059214495122432708740234375">
        <ele>250</ele>
        <time>2025-10-23T00:12:19.000Z</time>
        <extensions>
          <ns3:TrackPointExtension>
            <ns3:hr>135</ns3:hr>
          </ns3:TrackPointExtension>
        </extensions>
      </trkpt>
      <trkpt lat="36.9199836440384387969970703125" lon="140.0592964701354503631591796875">
        <ele>250.1999969482421875</ele>
        <time>2025-10-23T00:12:24.000Z</time>
        <extensions>
          <ns3:TrackPointExtension>
            <ns3:hr>136</ns3:hr>
          </ns3:TrackPointExtension>
        </extensions>
      </trkpt>
      <trkpt lat="36.9200926087796688079833984375" lon="140.05944943986833095550537109375">
        <ele>250.8000030517578125</ele>
        <time>2025-10-23T00:12:33.000Z</time>
        <extensions>
          <ns3:TrackPointExtension>
            <ns3:hr>138</ns3:hr>
          </ns3:TrackPointExtension>
        </extensions>
      </trkpt>
      <trkpt lat="36.920178271830081939697265625" lon="140.059585310518741607666015625">
        <ele>251.600006103515625</ele>
        <time>2025-10-23T00:12:41.000Z</time>
        <extensions>
          <ns3:TrackPointExtension>
            <ns3:hr>140</ns3:hr>
          </ns3:TrackPointExtension>
        </extensions>
      </trkpt>
      <trkpt lat="36.920262761414051055908203125" lon="140.0597829557955265045166015625">
        <ele>252</ele>
        <time>2025-10-23T00:12:51.000Z</time>
        <extensions>
          <ns3:TrackPointExtension>
            <ns3:hr>140</ns3:hr>
          </ns3:TrackPointExtension>
        </extensions>
      </trkpt>
      <trkpt lat="36.920342557132244110107421875" lon="140.06000013090670108795166015625">
        <ele>251.8000030517578125</ele>
        <time>2025-10-23T00:13:02.000Z</time>
        <extensions>
          <ns3:TrackPointExtension>
            <ns3:hr>140</ns3:hr>
          </ns3:TrackPointExtension>
        </extensions>
      </trkpt>
      <trkpt lat="36.92040793597698211669921875" lon="140.06021060049533843994140625">
        <ele>251</ele>
        <time>2025-10-23T00:13:12.000Z</time>
        <extensions>
          <ns3:TrackPointExtension>
            <ns3:hr>139</ns3:hr>
          </ns3:TrackPointExtension>
        </extensions>
      </trkpt>
      <trkpt lat="36.92048211582005023956298828125" lon="140.06042115390300750732421875">
        <ele>250.600006103515625</ele>
        <time>2025-10-23T00:13:22.000Z</time>
        <extensions>
          <ns3:TrackPointExtension>
            <ns3:hr>137</ns3:hr>
          </ns3:TrackPointExtension>
        </extensions>
      </trkpt>
      <trkpt lat="36.9205368496477603912353515625" lon="140.0605903007090091705322265625">
        <ele>250.600006103515625</ele>
        <time>2025-10-23T00:13:30.000Z</time>
        <extensions>
          <ns3:TrackPointExtension>
            <ns3:hr>134</ns3:hr>
          </ns3:TrackPointExtension>
        </extensions>
      </trkpt>
      <trkpt lat="36.920600049197673797607421875" lon="140.06080244667828083038330078125">
        <ele>250.600006103515625</ele>
        <time>2025-10-23T00:13:40.000Z</time>
        <extensions>
          <ns3:TrackPointExtension>
            <ns3:hr>133</ns3:hr>
          </ns3:TrackPointExtension>
        </extensions>
      </trkpt>
      <trkpt lat="36.920608095824718475341796875" lon="140.0608239881694316864013671875">
        <ele>250.399993896484375</ele>
        <time>2025-10-23T00:13:41.000Z</time>
        <extensions>
          <ns3:TrackPointExtension>
            <ns3:hr>133</ns3:hr>
          </ns3:TrackPointExtension>
        </extensions>
      </trkpt>
      <trkpt lat="36.9206813536584377288818359375" lon="140.0610516406595706939697265625">
        <ele>250.1999969482421875</ele>
        <time>2025-10-23T00:13:52.000Z</time>
        <extensions>
          <ns3:TrackPointExtension>
            <ns3:hr>134</ns3:hr>
          </ns3:TrackPointExtension>
        </extensions>
      </trkpt>
      <trkpt lat="36.92074363119900226593017578125" lon="140.06125339306890964508056640625">
        <ele>251</ele>
        <time>2025-10-23T00:14:02.000Z</time>
        <extensions>
          <ns3:TrackPointExtension>
            <ns3:hr>136</ns3:hr>
          </ns3:TrackPointExtension>
        </extensions>
      </trkpt>
      <trkpt lat="36.920799873769283294677734375" lon="140.06148104555904865264892578125">
        <ele>252.600006103515625</ele>
        <time>2025-10-23T00:14:13.000Z</time>
        <extensions>
          <ns3:TrackPointExtension>
            <ns3:hr>139</ns3:hr>
          </ns3:TrackPointExtension>
        </extensions>
      </trkpt>
      <trkpt lat="36.92085728980600833892822265625" lon="140.0616618432104587554931640625">
        <ele>253.8000030517578125</ele>
        <time>2025-10-23T00:14:22.000Z</time>
        <extensions>
          <ns3:TrackPointExtension>
            <ns3:hr>139</ns3:hr>
          </ns3:TrackPointExtension>
        </extensions>
      </trkpt>
      <trkpt lat="36.920911185443401336669921875" lon="140.06188429892063140869140625">
        <ele>254.8000030517578125</ele>
        <time>2025-10-23T00:14:33.000Z</time>
        <extensions>
          <ns3:TrackPointExtension>
            <ns3:hr>137</ns3:hr>
          </ns3:TrackPointExtension>
        </extensions>
      </trkpt>
      <trkpt lat="36.9209572859108448028564453125" lon="140.06203408353030681610107421875">
        <ele>255</ele>
        <time>2025-10-23T00:14:40.000Z</time>
        <extensions>
          <ns3:TrackPointExtension>
            <ns3:hr>134</ns3:hr>
          </ns3:TrackPointExtension>
        </extensions>
      </trkpt>
      <trkpt lat="36.920966841280460357666015625" lon="140.06207549013197422027587890625">
        <ele>255</ele>
        <time>2025-10-23T00:14:42.000Z</time>
        <extensions>
          <ns3:TrackPointExtension>
            <ns3:hr>134</ns3:hr>
          </ns3:TrackPointExtension>
        </extensions>
      </trkpt>
      <trkpt lat="36.921032555401325225830078125" lon="140.0622921623289585113525390625">
        <ele>254.399993896484375</ele>
        <time>2025-10-23T00:14:52.000Z</time>
        <extensions>
          <ns3:TrackPointExtension>
            <ns3:hr>133</ns3:hr>
          </ns3:TrackPointExtension>
        </extensions>
      </trkpt>
      <trkpt lat="36.9211064837872982025146484375" lon="140.06249944679439067840576171875">
        <ele>253.399993896484375</ele>
        <time>2025-10-23T00:15:01.000Z</time>
        <extensions>
          <ns3:TrackPointExtension>
            <ns3:hr>132</ns3:hr>
          </ns3:TrackPointExtension>
        </extensions>
      </trkpt>
      <trkpt lat="36.92111360840499401092529296875" lon="140.06252107210457324981689453125">
        <ele>253.399993896484375</ele>
        <time>2025-10-23T00:15:02.000Z</time>
        <extensions>
          <ns3:TrackPointExtension>
            <ns3:hr>132</ns3:hr>
          </ns3:TrackPointExtension>
        </extensions>
      </trkpt>
      <trkpt lat="36.92117504775524139404296875" lon="140.0627186335623264312744140625">
        <ele>252.1999969482421875</ele>
        <time>2025-10-23T00:15:11.000Z</time>
        <extensions>
          <ns3:TrackPointExtension>
            <ns3:hr>133</ns3:hr>
          </ns3:TrackPointExtension>
        </extensions>
      </trkpt>
      <trkpt lat="36.92123405635356903076171875" lon="140.06292901933193206787109375">
        <ele>251</ele>
        <time>2025-10-23T00:15:21.000Z</time>
        <extensions>
          <ns3:TrackPointExtension>
            <ns3:hr>133</ns3:hr>
          </ns3:TrackPointExtension>
        </extensions>
      </trkpt>
      <trkpt lat="36.9212841801345348358154296875" lon="140.0631042011082172393798828125">
        <ele>250.1999969482421875</ele>
        <time>2025-10-23T00:15:29.000Z</time>
        <extensions>
          <ns3:TrackPointExtension>
            <ns3:hr>130</ns3:hr>
          </ns3:TrackPointExtension>
        </extensions>
      </trkpt>
      <trkpt lat="36.92129147239029407501220703125" lon="140.0631249882280826568603515625">
        <ele>250</ele>
        <time>2025-10-23T00:15:30.000Z</time>
        <extensions>
          <ns3:TrackPointExtension>
            <ns3:hr>130</ns3:hr>
          </ns3:TrackPointExtension>
        </extensions>
      </trkpt>
      <trkpt lat="36.92135567776858806610107421875" lon="140.063341744244098663330078125">
        <ele>250</ele>
        <time>2025-10-23T00:15:40.000Z</time>
        <extensions>
          <ns3:TrackPointExtension>
            <ns3:hr>130</ns3:hr>
          </ns3:TrackPointExtension>
        </extensions>
      </trkpt>
      <trkpt lat="36.92137361504137516021728515625" lon="140.06340972147881984710693359375">
        <ele>250</ele>
        <time>2025-10-23T00:15:43.000Z</time>
        <extensions>
          <ns3:TrackPointExtension>
            <ns3:hr>130</ns3:hr>
          </ns3:TrackPointExtension>
        </extensions>
      </trkpt>
      <trkpt lat="36.9214447773993015289306640625" lon="140.0636369548738002777099609375">
        <ele>250</ele>
        <time>2025-10-23T00:15:53.000Z</time>
        <extensions>
          <ns3:TrackPointExtension>
            <ns3:hr>130</ns3:hr>
          </ns3:TrackPointExtension>
        </extensions>
      </trkpt>
      <trkpt lat="36.92146581597626209259033203125" lon="140.0636996515095233917236328125">
        <ele>250</ele>
        <time>2025-10-23T00:15:56.000Z</time>
        <extensions>
          <ns3:TrackPointExtension>
            <ns3:hr>130</ns3:hr>
          </ns3:TrackPointExtension>
        </extensions>
      </trkpt>
      <trkpt lat="36.92152264527976512908935546875" lon="140.06389838643372058868408203125">
        <ele>250</ele>
        <time>2025-10-23T00:16:05.000Z</time>
        <extensions>
          <ns3:TrackPointExtension>
            <ns3:hr>130</ns3:hr>
          </ns3:TrackPointExtension>
        </extensions>
      </trkpt>
      <trkpt lat="36.92158215679228305816650390625" lon="140.064128972589969635009765625">
        <ele>250</ele>
        <time>2025-10-23T00:16:15.000Z</time>
        <extensions>
          <ns3:TrackPointExtension>
            <ns3:hr>128</ns3:hr>
          </ns3:TrackPointExtension>
        </extensions>
      </trkpt>
      <trkpt lat="36.92158810794353485107421875" lon="140.064153112471103668212890625">
        <ele>250</ele>
        <time>2025-10-23T00:16:16.000Z</time>
        <extensions>
          <ns3:TrackPointExtension>
            <ns3:hr>128</ns3:hr>
          </ns3:TrackPointExtension>
        </extensions>
      </trkpt>
      <trkpt lat="36.92163295112550258636474609375" lon="140.06431764923036098480224609375">
        <ele>250</ele>
        <time>2025-10-23T00:16:23.000Z</time>
        <extensions>
          <ns3:TrackPointExtension>
            <ns3:hr>127</ns3:hr>
          </ns3:TrackPointExtension>
        </extensions>
      </trkpt>
      <trkpt lat="36.9216999225318431854248046875" lon="140.0645457208156585693359375">
        <ele>249.1999969482421875</ele>
        <time>2025-10-23T00:16:33.000Z</time>
        <extensions>
          <ns3:TrackPointExtension>
            <ns3:hr>127</ns3:hr>
          </ns3:TrackPointExtension>
        </extensions>
      </trkpt>
      <trkpt lat="36.92175666801631450653076171875" lon="140.06473506800830364227294921875">
        <ele>248.600006103515625</ele>
        <time>2025-10-23T00:16:41.000Z</time>
        <extensions>
          <ns3:TrackPointExtension>
            <ns3:hr>126</ns3:hr>
          </ns3:TrackPointExtension>
        </extensions>
      </trkpt>
      <trkpt lat="36.9218152575194835662841796875" lon="140.06495500914752483367919921875">
        <ele>247.600006103515625</ele>
        <time>2025-10-23T00:16:50.000Z</time>
        <extensions>
          <ns3:TrackPointExtension>
            <ns3:hr>126</ns3:hr>
          </ns3:TrackPointExtension>
        </extensions>
      </trkpt>
      <trkpt lat="36.9218246452510356903076171875" lon="140.0650021992623805999755859375">
        <ele>247.1999969482421875</ele>
        <time>2025-10-23T00:16:52.000Z</time>
        <extensions>
          <ns3:TrackPointExtension>
            <ns3:hr>126</ns3:hr>
          </ns3:TrackPointExtension>
        </extensions>
      </trkpt>
      <trkpt lat="36.9218699075281620025634765625" lon="140.0652291812002658843994140625">
        <ele>245.8000030517578125</ele>
        <time>2025-10-23T00:17:02.000Z</time>
        <extensions>
          <ns3:TrackPointExtension>
            <ns3:hr>127</ns3:hr>
          </ns3:TrackPointExtension>
        </extensions>
      </trkpt>
      <trkpt lat="36.92194039933383464813232421875" lon="140.0654595158994197845458984375">
        <ele>244.600006103515625</ele>
        <time>2025-10-23T00:17:12.000Z</time>
        <extensions>
          <ns3:TrackPointExtension>
            <ns3:hr>125</ns3:hr>
          </ns3:TrackPointExtension>
        </extensions>
      </trkpt>
      <trkpt lat="36.92197644151747226715087890625" lon="140.0656496174633502960205078125">
        <ele>244.600006103515625</ele>
        <time>2025-10-23T00:17:20.000Z</time>
        <extensions>
          <ns3:TrackPointExtension>
            <ns3:hr>125</ns3:hr>
          </ns3:TrackPointExtension>
        </extensions>
      </trkpt>
      <trkpt lat="36.921996809542179107666015625" lon="140.0658849813044071197509765625">
        <ele>244.600006103515625</ele>
        <time>2025-10-23T00:17:30.000Z</time>
        <extensions>
          <ns3:TrackPointExtension>
            <ns3:hr>125</ns3:hr>
          </ns3:TrackPointExtension>
        </extensions>
      </trkpt>
      <trkpt lat="36.9219993241131305694580078125" lon="140.0659081153571605682373046875">
        <ele>244.600006103515625</ele>
        <time>2025-10-23T00:17:31.000Z</time>
        <extensions>
          <ns3:TrackPointExtension>
            <ns3:hr>125</ns3:hr>
          </ns3:TrackPointExtension>
        </extensions>
      </trkpt>
      <trkpt lat="36.92201751284301280975341796875" lon="140.066101066768169403076171875">
        <ele>245</ele>
        <time>2025-10-23T00:17:39.000Z</time>
        <extensions>
          <ns3:TrackPointExtension>
            <ns3:hr>125</ns3:hr>
          </ns3:TrackPointExtension>
        </extensions>
      </trkpt>
      <trkpt lat="36.92203846760094165802001953125" lon="140.0663054175674915313720703125">
        <ele>246.1999969482421875</ele>
        <time>2025-10-23T00:17:48.000Z</time>
        <extensions>
          <ns3:TrackPointExtension>
            <ns3:hr>125</ns3:hr>
          </ns3:TrackPointExtension>
        </extensions>
      </trkpt>
      <trkpt lat="36.9220496155321598052978515625" lon="140.0664854608476161956787109375">
        <ele>247.600006103515625</ele>
        <time>2025-10-23T00:17:56.000Z</time>
        <extensions>
          <ns3:TrackPointExtension>
            <ns3:hr>127</ns3:hr>
          </ns3:TrackPointExtension>
        </extensions>
      </trkpt>
      <trkpt lat="36.9220702350139617919921875" lon="140.06670397706329822540283203125">
        <ele>249.600006103515625</ele>
        <time>2025-10-23T00:18:06.000Z</time>
        <extensions>
          <ns3:TrackPointExtension>
            <ns3:hr>128</ns3:hr>
          </ns3:TrackPointExtension>
        </extensions>
      </trkpt>
      <trkpt lat="36.92207300104200839996337890625" lon="140.06680640392005443572998046875">
        <ele>250.8000030517578125</ele>
        <time>2025-10-23T00:18:11.000Z</time>
        <extensions>
          <ns3:TrackPointExtension>
            <ns3:hr>130</ns3:hr>
          </ns3:TrackPointExtension>
        </extensions>
      </trkpt>
      <trkpt lat="36.92207417450845241546630859375" lon="140.06682719103991985321044921875">
        <ele>251</ele>
        <time>2025-10-23T00:18:12.000Z</time>
        <extensions>
          <ns3:TrackPointExtension>
            <ns3:hr>130</ns3:hr>
          </ns3:TrackPointExtension>
        </extensions>
      </trkpt>
      <trkpt lat="36.9220824725925922393798828125" lon="140.0669974274933338165283203125">
        <ele>252</ele>
        <time>2025-10-23T00:18:20.000Z</time>
        <extensions>
          <ns3:TrackPointExtension>
            <ns3:hr>133</ns3:hr>
          </ns3:TrackPointExtension>
        </extensions>
      </trkpt>
      <trkpt lat="36.92208205349743366241455078125" lon="140.06714813411235809326171875">
        <ele>253.399993896484375</ele>
        <time>2025-10-23T00:18:27.000Z</time>
        <extensions>
          <ns3:TrackPointExtension>
            <ns3:hr>134</ns3:hr>
          </ns3:TrackPointExtension>
        </extensions>
      </trkpt>
      <trkpt lat="36.9220583327114582061767578125" lon="140.0672532431781291961669921875">
        <ele>254.600006103515625</ele>
        <time>2025-10-23T00:18:32.000Z</time>
        <extensions>
          <ns3:TrackPointExtension>
            <ns3:hr>134</ns3:hr>
          </ns3:TrackPointExtension>
        </extensions>
      </trkpt>
      <trkpt lat="36.92205674014985561370849609375" lon="140.067295320332050323486328125">
        <ele>255.1999969482421875</ele>
        <time>2025-10-23T00:18:34.000Z</time>
        <extensions>
          <ns3:TrackPointExtension>
            <ns3:hr>135</ns3:hr>
          </ns3:TrackPointExtension>
        </extensions>
      </trkpt>
      <trkpt lat="36.92205422557890415191650390625" lon="140.06747075356543064117431640625">
        <ele>256.399993896484375</ele>
        <time>2025-10-23T00:18:42.000Z</time>
        <extensions>
          <ns3:TrackPointExtension>
            <ns3:hr>135</ns3:hr>
          </ns3:TrackPointExtension>
        </extensions>
      </trkpt>
      <trkpt lat="36.922070570290088653564453125" lon="140.067636631429195404052734375">
        <ele>256.79998779296875</ele>
        <time>2025-10-23T00:18:49.000Z</time>
        <extensions>
          <ns3:TrackPointExtension>
            <ns3:hr>136</ns3:hr>
          </ns3:TrackPointExtension>
        </extensions>
      </trkpt>
      <trkpt lat="36.92206864245235919952392578125" lon="140.06779228337109088897705078125">
        <ele>257</ele>
        <time>2025-10-23T00:18:56.000Z</time>
        <extensions>
          <ns3:TrackPointExtension>
            <ns3:hr>137</ns3:hr>
          </ns3:TrackPointExtension>
        </extensions>
      </trkpt>
      <trkpt lat="36.92205154336988925933837890625" lon="140.068000070750713348388671875">
        <ele>257</ele>
        <time>2025-10-23T00:19:05.000Z</time>
        <extensions>
          <ns3:TrackPointExtension>
            <ns3:hr>137</ns3:hr>
          </ns3:TrackPointExtension>
        </extensions>
      </trkpt>
      <trkpt lat="36.9220472685992717742919921875" lon="140.06808749400079250335693359375">
        <ele>257.20001220703125</ele>
        <time>2025-10-23T00:19:09.000Z</time>
        <extensions>
          <ns3:TrackPointExtension>
            <ns3:hr>137</ns3:hr>
          </ns3:TrackPointExtension>
        </extensions>
      </trkpt>
      <trkpt lat="36.9220526330173015594482421875" lon="140.06813124753534793853759765625">
        <ele>257</ele>
        <time>2025-10-23T00:19:11.000Z</time>
        <extensions>
          <ns3:TrackPointExtension>
            <ns3:hr>138</ns3:hr>
          </ns3:TrackPointExtension>
        </extensions>
      </trkpt>
      <trkpt lat="36.92206612788140773773193359375" lon="140.06829184480011463165283203125">
        <ele>256.600006103515625</ele>
        <time>2025-10-23T00:19:18.000Z</time>
        <extensions>
          <ns3:TrackPointExtension>
            <ns3:hr>137</ns3:hr>
          </ns3:TrackPointExtension>
        </extensions>
      </trkpt>
      <trkpt lat="36.9220724143087863922119140625" lon="140.0684749893844127655029296875">
        <ele>256</ele>
        <time>2025-10-23T00:19:26.000Z</time>
        <extensions>
          <ns3:TrackPointExtension>
            <ns3:hr>137</ns3:hr>
          </ns3:TrackPointExtension>
        </extensions>
      </trkpt>
      <trkpt lat="36.92206596024334430694580078125" lon="140.06865813396871089935302734375">
        <ele>255.399993896484375</ele>
        <time>2025-10-23T00:19:34.000Z</time>
        <extensions>
          <ns3:TrackPointExtension>
            <ns3:hr>136</ns3:hr>
          </ns3:TrackPointExtension>
        </extensions>
      </trkpt>
      <trkpt lat="36.92208372987806797027587890625" lon="140.06884236820042133331298828125">
        <ele>254.600006103515625</ele>
        <time>2025-10-23T00:19:42.000Z</time>
        <extensions>
          <ns3:TrackPointExtension>
            <ns3:hr>135</ns3:hr>
          </ns3:TrackPointExtension>
        </extensions>
      </trkpt>
      <trkpt lat="36.92208926193416118621826171875" lon="140.06894026882946491241455078125">
        <ele>254.1999969482421875</ele>
        <time>2025-10-23T00:19:48.000Z</time>
        <extensions>
          <ns3:TrackPointExtension>
            <ns3:hr>134</ns3:hr>
          </ns3:TrackPointExtension>
        </extensions>
      </trkpt>
      <trkpt lat="36.922089345753192901611328125" lon="140.0689745508134365081787109375">
        <ele>254</ele>
        <time>2025-10-23T00:19:50.000Z</time>
        <extensions>
          <ns3:TrackPointExtension>
            <ns3:hr>134</ns3:hr>
          </ns3:TrackPointExtension>
        </extensions>
      </trkpt>
      <trkpt lat="36.9221076183021068572998046875" lon="140.069055855274200439453125">
        <ele>253.600006103515625</ele>
        <time>2025-10-23T00:19:53.000Z</time>
        <extensions>
          <ns3:TrackPointExtension>
            <ns3:hr>135</ns3:hr>
          </ns3:TrackPointExtension>
        </extensions>
      </trkpt>
      <trkpt lat="36.9221119768917560577392578125" lon="140.06918518804013729095458984375">
        <ele>253.8000030517578125</ele>
        <time>2025-10-23T00:19:58.000Z</time>
        <extensions>
          <ns3:TrackPointExtension>
            <ns3:hr>132</ns3:hr>
          </ns3:TrackPointExtension>
        </extensions>
      </trkpt>
      <trkpt lat="36.922109462320804595947265625" lon="140.06923950277268886566162109375">
        <ele>254</ele>
        <time>2025-10-23T00:20:00.000Z</time>
        <extensions>
          <ns3:TrackPointExtension>
            <ns3:hr>132</ns3:hr>
          </ns3:TrackPointExtension>
        </extensions>
      </trkpt>
      <trkpt lat="36.92210535518825054168701171875" lon="140.06932181306183338165283203125">
        <ele>254.399993896484375</ele>
        <time>2025-10-23T00:20:03.000Z</time>
        <extensions>
          <ns3:TrackPointExtension>
            <ns3:hr>133</ns3:hr>
          </ns3:TrackPointExtension>
        </extensions>
      </trkpt>
      <trkpt lat="36.92211323417723178863525390625" lon="140.06942323409020900726318359375">
        <ele>254.1999969482421875</ele>
        <time>2025-10-23T00:20:07.000Z</time>
        <extensions>
          <ns3:TrackPointExtension>
            <ns3:hr>130</ns3:hr>
          </ns3:TrackPointExtension>
        </extensions>
      </trkpt>
      <trkpt lat="36.922117508947849273681640625" lon="140.06962272338569164276123046875">
        <ele>254.1999969482421875</ele>
        <time>2025-10-23T00:20:15.000Z</time>
        <extensions>
          <ns3:TrackPointExtension>
            <ns3:hr>132</ns3:hr>
          </ns3:TrackPointExtension>
        </extensions>
      </trkpt>
      <trkpt lat="36.92213418893516063690185546875" lon="140.06986931897699832916259765625">
        <ele>254</ele>
        <time>2025-10-23T00:20:25.000Z</time>
        <extensions>
          <ns3:TrackPointExtension>
            <ns3:hr>134</ns3:hr>
          </ns3:TrackPointExtension>
        </extensions>
      </trkpt>
      <trkpt lat="36.92213804461061954498291015625" lon="140.06991877220571041107177734375">
        <ele>254</ele>
        <time>2025-10-23T00:20:27.000Z</time>
        <extensions>
          <ns3:TrackPointExtension>
            <ns3:hr>133</ns3:hr>
          </ns3:TrackPointExtension>
        </extensions>
      </trkpt>
      <trkpt lat="36.92216436378657817840576171875" lon="140.0701490230858325958251953125">
        <ele>252.399993896484375</ele>
        <time>2025-10-23T00:20:37.000Z</time>
        <extensions>
          <ns3:TrackPointExtension>
            <ns3:hr>134</ns3:hr>
          </ns3:TrackPointExtension>
        </extensions>
      </trkpt>
      <trkpt lat="36.92216319032013416290283203125" lon="140.070187747478485107421875">
        <ele>252.1999969482421875</ele>
        <time>2025-10-23T00:20:39.000Z</time>
        <extensions>
          <ns3:TrackPointExtension>
            <ns3:hr>134</ns3:hr>
          </ns3:TrackPointExtension>
        </extensions>
      </trkpt>
      <trkpt lat="36.9221642799675464630126953125" lon="140.070226304233074188232421875">
        <ele>252</ele>
        <time>2025-10-23T00:20:42.000Z</time>
        <extensions>
          <ns3:TrackPointExtension>
            <ns3:hr>135</ns3:hr>
          </ns3:TrackPointExtension>
        </extensions>
      </trkpt>
      <trkpt lat="36.9221679680049419403076171875" lon="140.0702519528567790985107421875">
        <ele>251.8000030517578125</ele>
        <time>2025-10-23T00:20:45.000Z</time>
        <extensions>
          <ns3:TrackPointExtension>
            <ns3:hr>134</ns3:hr>
          </ns3:TrackPointExtension>
        </extensions>
      </trkpt>
      <trkpt lat="36.9221716560423374176025390625" lon="140.0702740810811519622802734375">
        <ele>251.8000030517578125</ele>
        <time>2025-10-23T00:20:48.000Z</time>
        <extensions>
          <ns3:TrackPointExtension>
            <ns3:hr>131</ns3:hr>
          </ns3:TrackPointExtension>
        </extensions>
      </trkpt>
      <trkpt lat="36.92217693664133548736572265625" lon="140.07031288929283618927001953125">
        <ele>251.399993896484375</ele>
        <time>2025-10-23T00:20:51.000Z</time>
        <extensions>
          <ns3:TrackPointExtension>
            <ns3:hr>128</ns3:hr>
          </ns3:TrackPointExtension>
        </extensions>
      </trkpt>
      <trkpt lat="36.92219026386737823486328125" lon="140.07038732059299945831298828125">
        <ele>250.8000030517578125</ele>
        <time>2025-10-23T00:20:55.000Z</time>
        <extensions>
          <ns3:TrackPointExtension>
            <ns3:hr>126</ns3:hr>
          </ns3:TrackPointExtension>
        </extensions>
      </trkpt>
      <trkpt lat="36.9221998192369937896728515625" lon="140.0704480893909931182861328125">
        <ele>250.600006103515625</ele>
        <time>2025-10-23T00:20:58.000Z</time>
        <extensions>
          <ns3:TrackPointExtension>
            <ns3:hr>123</ns3:hr>
          </ns3:TrackPointExtension>
        </extensions>
      </trkpt>
      <trkpt lat="36.92220224998891353607177734375" lon="140.070526041090488433837890625">
        <ele>250.399993896484375</ele>
        <time>2025-10-23T00:21:02.000Z</time>
        <extensions>
          <ns3:TrackPointExtension>
            <ns3:hr>121</ns3:hr>
          </ns3:TrackPointExtension>
        </extensions>
      </trkpt>
      <trkpt lat="36.92222303710877895355224609375" lon="140.070643723011016845703125">
        <ele>250</ele>
        <time>2025-10-23T00:21:08.000Z</time>
        <extensions>
          <ns3:TrackPointExtension>
            <ns3:hr>124</ns3:hr>
          </ns3:TrackPointExtension>
        </extensions>
      </trkpt>
      <trkpt lat="36.9222340174019336700439453125" lon="140.0707260333001613616943359375">
        <ele>249.600006103515625</ele>
        <time>2025-10-23T00:21:12.000Z</time>
        <extensions>
          <ns3:TrackPointExtension>
            <ns3:hr>125</ns3:hr>
          </ns3:TrackPointExtension>
        </extensions>
      </trkpt>
      <trkpt lat="36.9222598336637020111083984375" lon="140.070937089622020721435546875">
        <ele>249.600006103515625</ele>
        <time>2025-10-23T00:21:22.000Z</time>
        <extensions>
          <ns3:TrackPointExtension>
            <ns3:hr>125</ns3:hr>
          </ns3:TrackPointExtension>
        </extensions>
      </trkpt>
      <trkpt lat="36.9222906790673732757568359375" lon="140.07118108682334423065185546875">
        <ele>249.600006103515625</ele>
        <time>2025-10-23T00:21:33.000Z</time>
        <extensions>
          <ns3:TrackPointExtension>
            <ns3:hr>125</ns3:hr>
          </ns3:TrackPointExtension>
        </extensions>
      </trkpt>
      <trkpt lat="36.92230802960693836212158203125" lon="140.07133883424103260040283203125">
        <ele>249.8000030517578125</ele>
        <time>2025-10-23T00:21:40.000Z</time>
        <extensions>
          <ns3:TrackPointExtension>
            <ns3:hr>125</ns3:hr>
          </ns3:TrackPointExtension>
        </extensions>
      </trkpt>
      <trkpt lat="36.92233166657388210296630859375" lon="140.07152927108108997344970703125">
        <ele>250</ele>
        <time>2025-10-23T00:21:48.000Z</time>
        <extensions>
          <ns3:TrackPointExtension>
            <ns3:hr>126</ns3:hr>
          </ns3:TrackPointExtension>
        </extensions>
      </trkpt>
      <trkpt lat="36.9223711453378200531005859375" lon="140.07171384058892726898193359375">
        <ele>250</ele>
        <time>2025-10-23T00:21:56.000Z</time>
        <extensions>
          <ns3:TrackPointExtension>
            <ns3:hr>127</ns3:hr>
          </ns3:TrackPointExtension>
        </extensions>
      </trkpt>
      <trkpt lat="36.922428645193576812744140625" lon="140.07190343923866748809814453125">
        <ele>250.1999969482421875</ele>
        <time>2025-10-23T00:22:04.000Z</time>
        <extensions>
          <ns3:TrackPointExtension>
            <ns3:hr>127</ns3:hr>
          </ns3:TrackPointExtension>
        </extensions>
      </trkpt>
      <trkpt lat="36.9224891625344753265380859375" lon="140.07211265154182910919189453125">
        <ele>251</ele>
        <time>2025-10-23T00:22:12.000Z</time>
        <extensions>
          <ns3:TrackPointExtension>
            <ns3:hr>127</ns3:hr>
          </ns3:TrackPointExtension>
        </extensions>
      </trkpt>
      <trkpt lat="36.9225679524242877960205078125" lon="140.072325132787227630615234375">
        <ele>251</ele>
        <time>2025-10-23T00:22:20.000Z</time>
        <extensions>
          <ns3:TrackPointExtension>
            <ns3:hr>130</ns3:hr>
          </ns3:TrackPointExtension>
        </extensions>
      </trkpt>
      <trkpt lat="36.9226427190005779266357421875" lon="140.0725056789815425872802734375">
        <ele>251</ele>
        <time>2025-10-23T00:22:27.000Z</time>
        <extensions>
          <ns3:TrackPointExtension>
            <ns3:hr>130</ns3:hr>
          </ns3:TrackPointExtension>
        </extensions>
      </trkpt>
      <trkpt lat="36.922743134200572967529296875" lon="140.07270290516316890716552734375">
        <ele>249.1999969482421875</ele>
        <time>2025-10-23T00:22:36.000Z</time>
        <extensions>
          <ns3:TrackPointExtension>
            <ns3:hr>128</ns3:hr>
          </ns3:TrackPointExtension>
        </extensions>
      </trkpt>
      <trkpt lat="36.92276425659656524658203125" lon="140.07274095900356769561767578125">
        <ele>248.600006103515625</ele>
        <time>2025-10-23T00:22:38.000Z</time>
        <extensions>
          <ns3:TrackPointExtension>
            <ns3:hr>127</ns3:hr>
          </ns3:TrackPointExtension>
        </extensions>
      </trkpt>
      <trkpt lat="36.92287833429872989654541015625" lon="140.072939693927764892578125">
        <ele>245.399993896484375</ele>
        <time>2025-10-23T00:22:48.000Z</time>
        <extensions>
          <ns3:TrackPointExtension>
            <ns3:hr>127</ns3:hr>
          </ns3:TrackPointExtension>
        </extensions>
      </trkpt>
      <trkpt lat="36.92301412113010883331298828125" lon="140.07311345078051090240478515625">
        <ele>243</ele>
        <time>2025-10-23T00:22:57.000Z</time>
        <extensions>
          <ns3:TrackPointExtension>
            <ns3:hr>127</ns3:hr>
          </ns3:TrackPointExtension>
        </extensions>
      </trkpt>
      <trkpt lat="36.9230316393077373504638671875" lon="140.0731316395103931427001953125">
        <ele>242.8000030517578125</ele>
        <time>2025-10-23T00:22:58.000Z</time>
        <extensions>
          <ns3:TrackPointExtension>
            <ns3:hr>127</ns3:hr>
          </ns3:TrackPointExtension>
        </extensions>
      </trkpt>
      <trkpt lat="36.92309827543795108795166015625" lon="140.07324689067900180816650390625">
        <ele>241.600006103515625</ele>
        <time>2025-10-23T00:23:04.000Z</time>
        <extensions>
          <ns3:TrackPointExtension>
            <ns3:hr>128</ns3:hr>
          </ns3:TrackPointExtension>
        </extensions>
      </trkpt>
      <trkpt lat="36.92318460904061794281005859375" lon="140.07345400750637054443359375">
        <ele>240.1999969482421875</ele>
        <time>2025-10-23T00:23:15.000Z</time>
        <extensions>
          <ns3:TrackPointExtension>
            <ns3:hr>128</ns3:hr>
          </ns3:TrackPointExtension>
        </extensions>
      </trkpt>
      <trkpt lat="36.92320573143661022186279296875" lon="140.073487870395183563232421875">
        <ele>240</ele>
        <time>2025-10-23T00:23:20.000Z</time>
        <extensions>
          <ns3:TrackPointExtension>
            <ns3:hr>128</ns3:hr>
          </ns3:TrackPointExtension>
        </extensions>
      </trkpt>
      <trkpt lat="36.92324982024729251861572265625" lon="140.073544196784496307373046875">
        <ele>240</ele>
        <time>2025-10-23T00:23:24.000Z</time>
        <extensions>
          <ns3:TrackPointExtension>
            <ns3:hr>124</ns3:hr>
          </ns3:TrackPointExtension>
        </extensions>
      </trkpt>
      <trkpt lat="36.92326038144528865814208984375" lon="140.0735628046095371246337890625">
        <ele>240</ele>
        <time>2025-10-23T00:23:25.000Z</time>
        <extensions>
          <ns3:TrackPointExtension>
            <ns3:hr>121</ns3:hr>
          </ns3:TrackPointExtension>
        </extensions>
      </trkpt>
      <trkpt lat="36.92327328957617282867431640625" lon="140.073582418262958526611328125">
        <ele>240</ele>
        <time>2025-10-23T00:23:26.000Z</time>
        <extensions>
          <ns3:TrackPointExtension>
            <ns3:hr>121</ns3:hr>
          </ns3:TrackPointExtension>
        </extensions>
      </trkpt>
      <trkpt lat="36.92334034480154514312744140625" lon="140.07369213737547397613525390625">
        <ele>240</ele>
        <time>2025-10-23T00:23:32.000Z</time>
        <extensions>
          <ns3:TrackPointExtension>
            <ns3:hr>121</ns3:hr>
          </ns3:TrackPointExtension>
        </extensions>
      </trkpt>
      <trkpt lat="36.92343807779252529144287109375" lon="140.07385793142020702362060546875">
        <ele>240.399993896484375</ele>
        <time>2025-10-23T00:23:41.000Z</time>
        <extensions>
          <ns3:TrackPointExtension>
            <ns3:hr>124</ns3:hr>
          </ns3:TrackPointExtension>
        </extensions>
      </trkpt>
      <trkpt lat="36.9235466234385967254638671875" lon="140.07404233328998088836669921875">
        <ele>240.600006103515625</ele>
        <time>2025-10-23T00:23:51.000Z</time>
        <extensions>
          <ns3:TrackPointExtension>
            <ns3:hr>124</ns3:hr>
          </ns3:TrackPointExtension>
        </extensions>
      </trkpt>
      <trkpt lat="36.92364326678216457366943359375" lon="140.07419672794640064239501953125">
        <ele>240.399993896484375</ele>
        <time>2025-10-23T00:24:00.000Z</time>
        <extensions>
          <ns3:TrackPointExtension>
            <ns3:hr>125</ns3:hr>
          </ns3:TrackPointExtension>
        </extensions>
      </trkpt>
      <trkpt lat="36.92375659011304378509521484375" lon="140.07437626831233501434326171875">
        <ele>239.8000030517578125</ele>
        <time>2025-10-23T00:24:10.000Z</time>
        <extensions>
          <ns3:TrackPointExtension>
            <ns3:hr>123</ns3:hr>
          </ns3:TrackPointExtension>
        </extensions>
      </trkpt>
      <trkpt lat="36.9238466955721378326416015625" lon="140.07452596910297870635986328125">
        <ele>239.1999969482421875</ele>
        <time>2025-10-23T00:24:18.000Z</time>
        <extensions>
          <ns3:TrackPointExtension>
            <ns3:hr>123</ns3:hr>
          </ns3:TrackPointExtension>
        </extensions>
      </trkpt>
      <trkpt lat="36.92396295256912708282470703125" lon="140.0747178308665752410888671875">
        <ele>239.399993896484375</ele>
        <time>2025-10-23T00:24:28.000Z</time>
        <extensions>
          <ns3:TrackPointExtension>
            <ns3:hr>124</ns3:hr>
          </ns3:TrackPointExtension>
        </extensions>
      </trkpt>
      <trkpt lat="36.92406169138848781585693359375" lon="140.07488085888326168060302734375">
        <ele>240.1999969482421875</ele>
        <time>2025-10-23T00:24:37.000Z</time>
        <extensions>
          <ns3:TrackPointExtension>
            <ns3:hr>124</ns3:hr>
          </ns3:TrackPointExtension>
        </extensions>
      </trkpt>
      <trkpt lat="36.9241759367287158966064453125" lon="140.07506039924919605255126953125">
        <ele>240.600006103515625</ele>
        <time>2025-10-23T00:24:46.000Z</time>
        <extensions>
          <ns3:TrackPointExtension>
            <ns3:hr>123</ns3:hr>
          </ns3:TrackPointExtension>
        </extensions>
      </trkpt>
      <trkpt lat="36.92418976686894893646240234375" lon="140.07508118636906147003173828125">
        <ele>240.8000030517578125</ele>
        <time>2025-10-23T00:24:47.000Z</time>
        <extensions>
          <ns3:TrackPointExtension>
            <ns3:hr>123</ns3:hr>
          </ns3:TrackPointExtension>
        </extensions>
      </trkpt>
      <trkpt lat="36.9242776930332183837890625" lon="140.07523843087255954742431640625">
        <ele>241.1999969482421875</ele>
        <time>2025-10-23T00:24:55.000Z</time>
        <extensions>
          <ns3:TrackPointExtension>
            <ns3:hr>124</ns3:hr>
          </ns3:TrackPointExtension>
        </extensions>
      </trkpt>
      <trkpt lat="36.92436821758747100830078125" lon="140.07537304423749446868896484375">
        <ele>241.1999969482421875</ele>
        <time>2025-10-23T00:25:02.000Z</time>
        <extensions>
          <ns3:TrackPointExtension>
            <ns3:hr>127</ns3:hr>
          </ns3:TrackPointExtension>
        </extensions>
      </trkpt>
      <trkpt lat="36.92440710961818695068359375" lon="140.0754339806735515594482421875">
        <ele>241.1999969482421875</ele>
        <time>2025-10-23T00:25:05.000Z</time>
        <extensions>
          <ns3:TrackPointExtension>
            <ns3:hr>128</ns3:hr>
          </ns3:TrackPointExtension>
        </extensions>
      </trkpt>
      <trkpt lat="36.9244967959821224212646484375" lon="140.07553531788289546966552734375">
        <ele>240.399993896484375</ele>
        <time>2025-10-23T00:25:11.000Z</time>
        <extensions>
          <ns3:TrackPointExtension>
            <ns3:hr>129</ns3:hr>
          </ns3:TrackPointExtension>
        </extensions>
      </trkpt>
      <trkpt lat="36.92459025420248508453369140625" lon="140.0756985135376453399658203125">
        <ele>239.8000030517578125</ele>
        <time>2025-10-23T00:25:19.000Z</time>
        <extensions>
          <ns3:TrackPointExtension>
            <ns3:hr>130</ns3:hr>
          </ns3:TrackPointExtension>
        </extensions>
      </trkpt>
      <trkpt lat="36.924694441258907318115234375" lon="140.07589892484247684478759765625">
        <ele>239.8000030517578125</ele>
        <time>2025-10-23T00:25:29.000Z</time>
        <extensions>
          <ns3:TrackPointExtension>
            <ns3:hr>129</ns3:hr>
          </ns3:TrackPointExtension>
        </extensions>
      </trkpt>
      <trkpt lat="36.92470273934304714202880859375" lon="140.07591652683913707733154296875">
        <ele>239.8000030517578125</ele>
        <time>2025-10-23T00:25:30.000Z</time>
        <extensions>
          <ns3:TrackPointExtension>
            <ns3:hr>129</ns3:hr>
          </ns3:TrackPointExtension>
        </extensions>
      </trkpt>
      <trkpt lat="36.92479963414371013641357421875" lon="140.076091289520263671875">
        <ele>239.600006103515625</ele>
        <time>2025-10-23T00:25:39.000Z</time>
        <extensions>
          <ns3:TrackPointExtension>
            <ns3:hr>129</ns3:hr>
          </ns3:TrackPointExtension>
        </extensions>
      </trkpt>
      <trkpt lat="36.9248947687447071075439453125" lon="140.07625917904078960418701171875">
        <ele>240</ele>
        <time>2025-10-23T00:25:48.000Z</time>
        <extensions>
          <ns3:TrackPointExtension>
            <ns3:hr>131</ns3:hr>
          </ns3:TrackPointExtension>
        </extensions>
      </trkpt>
      <trkpt lat="36.92498990334570407867431640625" lon="140.07640418596565723419189453125">
        <ele>240.399993896484375</ele>
        <time>2025-10-23T00:25:56.000Z</time>
        <extensions>
          <ns3:TrackPointExtension>
            <ns3:hr>133</ns3:hr>
          </ns3:TrackPointExtension>
        </extensions>
      </trkpt>
      <trkpt lat="36.92510440014302730560302734375" lon="140.07660484872758388519287109375">
        <ele>241.1999969482421875</ele>
        <time>2025-10-23T00:26:06.000Z</time>
        <extensions>
          <ns3:TrackPointExtension>
            <ns3:hr>134</ns3:hr>
          </ns3:TrackPointExtension>
        </extensions>
      </trkpt>
      <trkpt lat="36.9252126105129718780517578125" lon="140.07679612375795841217041015625">
        <ele>242.1999969482421875</ele>
        <time>2025-10-23T00:26:16.000Z</time>
        <extensions>
          <ns3:TrackPointExtension>
            <ns3:hr>134</ns3:hr>
          </ns3:TrackPointExtension>
        </extensions>
      </trkpt>
      <trkpt lat="36.92531646229326725006103515625" lon="140.07695018313825130462646484375">
        <ele>243.1999969482421875</ele>
        <time>2025-10-23T00:26:24.000Z</time>
        <extensions>
          <ns3:TrackPointExtension>
            <ns3:hr>134</ns3:hr>
          </ns3:TrackPointExtension>
        </extensions>
      </trkpt>
      <trkpt lat="36.92542928270995616912841796875" lon="140.077123604714870452880859375">
        <ele>244</ele>
        <time>2025-10-23T00:26:33.000Z</time>
        <extensions>
          <ns3:TrackPointExtension>
            <ns3:hr>135</ns3:hr>
          </ns3:TrackPointExtension>
        </extensions>
      </trkpt>
      <trkpt lat="36.9255036301910877227783203125" lon="140.0772401131689548492431640625">
        <ele>244.399993896484375</ele>
        <time>2025-10-23T00:26:39.000Z</time>
        <extensions>
          <ns3:TrackPointExtension>
            <ns3:hr>133</ns3:hr>
          </ns3:TrackPointExtension>
        </extensions>
      </trkpt>
      <trkpt lat="36.92562994547188282012939453125" lon="140.07738620974123477935791015625">
        <ele>244.8000030517578125</ele>
        <time>2025-10-23T00:26:47.000Z</time>
        <extensions>
          <ns3:TrackPointExtension>
            <ns3:hr>132</ns3:hr>
          </ns3:TrackPointExtension>
        </extensions>
      </trkpt>
      <trkpt lat="36.9257058016955852508544921875" lon="140.0775448791682720184326171875">
        <ele>244.399993896484375</ele>
        <time>2025-10-23T00:26:55.000Z</time>
        <extensions>
          <ns3:TrackPointExtension>
            <ns3:hr>131</ns3:hr>
          </ns3:TrackPointExtension>
        </extensions>
      </trkpt>
      <trkpt lat="36.925802528858184814453125" lon="140.077751912176609039306640625">
        <ele>243.600006103515625</ele>
        <time>2025-10-23T00:27:05.000Z</time>
        <extensions>
          <ns3:TrackPointExtension>
            <ns3:hr>130</ns3:hr>
          </ns3:TrackPointExtension>
        </extensions>
      </trkpt>
      <trkpt lat="36.925918199121952056884765625" lon="140.0779378227889537811279296875">
        <ele>243</ele>
        <time>2025-10-23T00:27:15.000Z</time>
        <extensions>
          <ns3:TrackPointExtension>
            <ns3:hr>131</ns3:hr>
          </ns3:TrackPointExtension>
        </extensions>
      </trkpt>
      <trkpt lat="36.92601199261844158172607421875" lon="140.07812716998159885406494140625">
        <ele>241.1999969482421875</ele>
        <time>2025-10-23T00:27:25.000Z</time>
        <extensions>
          <ns3:TrackPointExtension>
            <ns3:hr>131</ns3:hr>
          </ns3:TrackPointExtension>
        </extensions>
      </trkpt>
      <trkpt lat="36.9260839931666851043701171875" lon="140.07826496846973896026611328125">
        <ele>239.8000030517578125</ele>
        <time>2025-10-23T00:27:32.000Z</time>
        <extensions>
          <ns3:TrackPointExtension>
            <ns3:hr>131</ns3:hr>
          </ns3:TrackPointExtension>
        </extensions>
      </trkpt>
      <trkpt lat="36.92616152577102184295654296875" lon="140.07842171005904674530029296875">
        <ele>238.8000030517578125</ele>
        <time>2025-10-23T00:27:40.000Z</time>
        <extensions>
          <ns3:TrackPointExtension>
            <ns3:hr>131</ns3:hr>
          </ns3:TrackPointExtension>
        </extensions>
      </trkpt>
      <trkpt lat="36.92628272809088230133056640625" lon="140.07859873585402965545654296875">
        <ele>237.600006103515625</ele>
        <time>2025-10-23T00:27:49.000Z</time>
        <extensions>
          <ns3:TrackPointExtension>
            <ns3:hr>132</ns3:hr>
          </ns3:TrackPointExtension>
        </extensions>
      </trkpt>
      <trkpt lat="36.926383562386035919189453125" lon="140.07877475582063198089599609375">
        <ele>237</ele>
        <time>2025-10-23T00:27:58.000Z</time>
        <extensions>
          <ns3:TrackPointExtension>
            <ns3:hr>132</ns3:hr>
          </ns3:TrackPointExtension>
        </extensions>
      </trkpt>
      <trkpt lat="36.92644164897501468658447265625" lon="140.0788745842874050140380859375">
        <ele>237</ele>
        <time>2025-10-23T00:28:03.000Z</time>
        <extensions>
          <ns3:TrackPointExtension>
            <ns3:hr>133</ns3:hr>
          </ns3:TrackPointExtension>
        </extensions>
      </trkpt>
      <trkpt lat="36.926475428044795989990234375" lon="140.07893786765635013580322265625">
        <ele>237</ele>
        <time>2025-10-23T00:28:06.000Z</time>
        <extensions>
          <ns3:TrackPointExtension>
            <ns3:hr>133</ns3:hr>
          </ns3:TrackPointExtension>
        </extensions>
      </trkpt>
      <trkpt lat="36.92658883519470691680908203125" lon="140.0791052542626857757568359375">
        <ele>237.399993896484375</ele>
        <time>2025-10-23T00:28:15.000Z</time>
        <extensions>
          <ns3:TrackPointExtension>
            <ns3:hr>134</ns3:hr>
          </ns3:TrackPointExtension>
        </extensions>
      </trkpt>
      <trkpt lat="36.926690004765987396240234375" lon="140.07927213795483112335205078125">
        <ele>238.399993896484375</ele>
        <time>2025-10-23T00:28:24.000Z</time>
        <extensions>
          <ns3:TrackPointExtension>
            <ns3:hr>131</ns3:hr>
          </ns3:TrackPointExtension>
        </extensions>
      </trkpt>
      <trkpt lat="36.92680659703910350799560546875" lon="140.07946743629872798919677734375">
        <ele>239</ele>
        <time>2025-10-23T00:28:34.000Z</time>
        <extensions>
          <ns3:TrackPointExtension>
            <ns3:hr>130</ns3:hr>
          </ns3:TrackPointExtension>
        </extensions>
      </trkpt>
      <trkpt lat="36.92682000808417797088623046875" lon="140.07948805578052997589111328125">
        <ele>239</ele>
        <time>2025-10-23T00:28:35.000Z</time>
        <extensions>
          <ns3:TrackPointExtension>
            <ns3:hr>130</ns3:hr>
          </ns3:TrackPointExtension>
        </extensions>
      </trkpt>
      <trkpt lat="36.92691606469452381134033203125" lon="140.07965016178786754608154296875">
        <ele>238.8000030517578125</ele>
        <time>2025-10-23T00:28:44.000Z</time>
        <extensions>
          <ns3:TrackPointExtension>
            <ns3:hr>131</ns3:hr>
          </ns3:TrackPointExtension>
        </extensions>
      </trkpt>
      <trkpt lat="36.92701849155128002166748046875" lon="140.079821236431598663330078125">
        <ele>238.1999969482421875</ele>
        <time>2025-10-23T00:28:53.000Z</time>
        <extensions>
          <ns3:TrackPointExtension>
            <ns3:hr>131</ns3:hr>
          </ns3:TrackPointExtension>
        </extensions>
      </trkpt>
      <trkpt lat="36.92709309048950672149658203125" lon="140.07997001521289348602294921875">
        <ele>237.1999969482421875</ele>
        <time>2025-10-23T00:29:01.000Z</time>
        <extensions>
          <ns3:TrackPointExtension>
            <ns3:hr>130</ns3:hr>
          </ns3:TrackPointExtension>
        </extensions>
      </trkpt>
      <trkpt lat="36.9271665997803211212158203125" lon="140.08010596968233585357666015625">
        <ele>236</ele>
        <time>2025-10-23T00:29:08.000Z</time>
        <extensions>
          <ns3:TrackPointExtension>
            <ns3:hr>128</ns3:hr>
          </ns3:TrackPointExtension>
        </extensions>
      </trkpt>
      <trkpt lat="36.9272527657449245452880859375" lon="140.08031400851905345916748046875">
        <ele>234.8000030517578125</ele>
        <time>2025-10-23T00:29:18.000Z</time>
        <extensions>
          <ns3:TrackPointExtension>
            <ns3:hr>127</ns3:hr>
          </ns3:TrackPointExtension>
        </extensions>
      </trkpt>
      <trkpt lat="36.92727212794125080108642578125" lon="140.08035273291170597076416015625">
        <ele>234.600006103515625</ele>
        <time>2025-10-23T00:29:20.000Z</time>
        <extensions>
          <ns3:TrackPointExtension>
            <ns3:hr>127</ns3:hr>
          </ns3:TrackPointExtension>
        </extensions>
      </trkpt>
      <trkpt lat="36.9273191504180431365966796875" lon="140.0804654695093631744384765625">
        <ele>234.1999969482421875</ele>
        <time>2025-10-23T00:29:26.000Z</time>
        <extensions>
          <ns3:TrackPointExtension>
            <ns3:hr>127</ns3:hr>
          </ns3:TrackPointExtension>
        </extensions>
      </trkpt>
      <trkpt lat="36.92739634774625301361083984375" lon="140.0806827284395694732666015625">
        <ele>235.1999969482421875</ele>
        <time>2025-10-23T00:29:37.000Z</time>
        <extensions>
          <ns3:TrackPointExtension>
            <ns3:hr>128</ns3:hr>
          </ns3:TrackPointExtension>
        </extensions>
      </trkpt>
      <trkpt lat="36.927476227283477783203125" lon="140.08090543560683727264404296875">
        <ele>236</ele>
        <time>2025-10-23T00:29:48.000Z</time>
        <extensions>
          <ns3:TrackPointExtension>
            <ns3:hr>128</ns3:hr>
          </ns3:TrackPointExtension>
        </extensions>
      </trkpt>
      <trkpt lat="36.92748226225376129150390625" lon="140.0809261389076709747314453125">
        <ele>236</ele>
        <time>2025-10-23T00:29:49.000Z</time>
        <extensions>
          <ns3:TrackPointExtension>
            <ns3:hr>128</ns3:hr>
          </ns3:TrackPointExtension>
        </extensions>
      </trkpt>
      <trkpt lat="36.92755560390651226043701171875" lon="140.08112655021250247955322265625">
        <ele>237</ele>
        <time>2025-10-23T00:29:58.000Z</time>
        <extensions>
          <ns3:TrackPointExtension>
            <ns3:hr>131</ns3:hr>
          </ns3:TrackPointExtension>
        </extensions>
      </trkpt>
      <trkpt lat="36.9276178814470767974853515625" lon="140.0813083536922931671142578125">
        <ele>238.1999969482421875</ele>
        <time>2025-10-23T00:30:06.000Z</time>
        <extensions>
          <ns3:TrackPointExtension>
            <ns3:hr>132</ns3:hr>
          </ns3:TrackPointExtension>
        </extensions>
      </trkpt>
      <trkpt lat="36.92767714150249958038330078125" lon="140.08152033202350139617919921875">
        <ele>239.1999969482421875</ele>
        <time>2025-10-23T00:30:16.000Z</time>
        <extensions>
          <ns3:TrackPointExtension>
            <ns3:hr>133</ns3:hr>
          </ns3:TrackPointExtension>
        </extensions>
      </trkpt>
      <trkpt lat="36.92769281566143035888671875" lon="140.08156291209161281585693359375">
        <ele>239.399993896484375</ele>
        <time>2025-10-23T00:30:18.000Z</time>
        <extensions>
          <ns3:TrackPointExtension>
            <ns3:hr>133</ns3:hr>
          </ns3:TrackPointExtension>
        </extensions>
      </trkpt>
      <trkpt lat="36.92775442264974117279052734375" lon="140.081758461892604827880859375">
        <ele>240.1999969482421875</ele>
        <time>2025-10-23T00:30:27.000Z</time>
        <extensions>
          <ns3:TrackPointExtension>
            <ns3:hr>134</ns3:hr>
          </ns3:TrackPointExtension>
        </extensions>
      </trkpt>
      <trkpt lat="36.92782566882669925689697265625" lon="140.08190623484551906585693359375">
        <ele>240.8000030517578125</ele>
        <time>2025-10-23T00:30:34.000Z</time>
        <extensions>
          <ns3:TrackPointExtension>
            <ns3:hr>133</ns3:hr>
          </ns3:TrackPointExtension>
        </extensions>
      </trkpt>
      <trkpt lat="36.9279119186103343963623046875" lon="140.0820918940007686614990234375">
        <ele>241</ele>
        <time>2025-10-23T00:30:43.000Z</time>
        <extensions>
          <ns3:TrackPointExtension>
            <ns3:hr>132</ns3:hr>
          </ns3:TrackPointExtension>
        </extensions>
      </trkpt>
      <trkpt lat="36.92797218449413776397705078125" lon="140.082228519022464752197265625">
        <ele>241</ele>
        <time>2025-10-23T00:30:50.000Z</time>
        <extensions>
          <ns3:TrackPointExtension>
            <ns3:hr>133</ns3:hr>
          </ns3:TrackPointExtension>
        </extensions>
      </trkpt>
      <trkpt lat="36.9280969910323619842529296875" lon="140.08241300471127033233642578125">
        <ele>240.8000030517578125</ele>
        <time>2025-10-23T00:31:00.000Z</time>
        <extensions>
          <ns3:TrackPointExtension>
            <ns3:hr>134</ns3:hr>
          </ns3:TrackPointExtension>
        </extensions>
      </trkpt>
      <trkpt lat="36.92817695438861846923828125" lon="140.08256186731159687042236328125">
        <ele>240.399993896484375</ele>
        <time>2025-10-23T00:31:08.000Z</time>
        <extensions>
          <ns3:TrackPointExtension>
            <ns3:hr>134</ns3:hr>
          </ns3:TrackPointExtension>
        </extensions>
      </trkpt>
      <trkpt lat="36.9282773695886135101318359375" lon="140.08272564969956874847412109375">
        <ele>240.399993896484375</ele>
        <time>2025-10-23T00:31:17.000Z</time>
        <extensions>
          <ns3:TrackPointExtension>
            <ns3:hr>134</ns3:hr>
          </ns3:TrackPointExtension>
        </extensions>
      </trkpt>
      <trkpt lat="36.92840360105037689208984375" lon="140.082895718514919281005859375">
        <ele>240.8000030517578125</ele>
        <time>2025-10-23T00:31:27.000Z</time>
        <extensions>
          <ns3:TrackPointExtension>
            <ns3:hr>134</ns3:hr>
          </ns3:TrackPointExtension>
        </extensions>
      </trkpt>
      <trkpt lat="36.928416676819324493408203125" lon="140.082912147045135498046875">
        <ele>240.8000030517578125</ele>
        <time>2025-10-23T00:31:28.000Z</time>
        <extensions>
          <ns3:TrackPointExtension>
            <ns3:hr>135</ns3:hr>
          </ns3:TrackPointExtension>
        </extensions>
      </trkpt>
      <trkpt lat="36.928532682359218597412109375" lon="140.08306662552058696746826171875">
        <ele>240.8000030517578125</ele>
        <time>2025-10-23T00:31:37.000Z</time>
        <extensions>
          <ns3:TrackPointExtension>
            <ns3:hr>136</ns3:hr>
          </ns3:TrackPointExtension>
        </extensions>
      </trkpt>
      <trkpt lat="36.9286096282303333282470703125" lon="140.08318967185914516448974609375">
        <ele>240.600006103515625</ele>
        <time>2025-10-23T00:31:44.000Z</time>
        <extensions>
          <ns3:TrackPointExtension>
            <ns3:hr>136</ns3:hr>
          </ns3:TrackPointExtension>
        </extensions>
      </trkpt>
      <trkpt lat="36.92870006896555423736572265625" lon="140.08335093967616558074951171875">
        <ele>240.8000030517578125</ele>
        <time>2025-10-23T00:31:53.000Z</time>
        <extensions>
          <ns3:TrackPointExtension>
            <ns3:hr>135</ns3:hr>
          </ns3:TrackPointExtension>
        </extensions>
      </trkpt>
      <trkpt lat="36.9287950359284877777099609375" lon="140.0834941864013671875">
        <ele>240.8000030517578125</ele>
        <time>2025-10-23T00:32:01.000Z</time>
        <extensions>
          <ns3:TrackPointExtension>
            <ns3:hr>135</ns3:hr>
          </ns3:TrackPointExtension>
        </extensions>
      </trkpt>
      <trkpt lat="36.92887256853282451629638671875" lon="140.08361312560737133026123046875">
        <ele>241</ele>
        <time>2025-10-23T00:32:08.000Z</time>
        <extensions>
          <ns3:TrackPointExtension>
            <ns3:hr>134</ns3:hr>
          </ns3:TrackPointExtension>
        </extensions>
      </trkpt>
      <trkpt lat="36.9288778491318225860595703125" lon="140.08362955413758754730224609375">
        <ele>241</ele>
        <time>2025-10-23T00:32:09.000Z</time>
        <extensions>
          <ns3:TrackPointExtension>
            <ns3:hr>134</ns3:hr>
          </ns3:TrackPointExtension>
        </extensions>
      </trkpt>
      <trkpt lat="36.92891665734350681304931640625" lon="140.0836995430290699005126953125">
        <ele>241</ele>
        <time>2025-10-23T00:32:13.000Z</time>
        <extensions>
          <ns3:TrackPointExtension>
            <ns3:hr>132</ns3:hr>
          </ns3:TrackPointExtension>
        </extensions>
      </trkpt>
      <trkpt lat="36.9290139712393283843994140625" lon="140.083850584924221038818359375">
        <ele>241</ele>
        <time>2025-10-23T00:32:21.000Z</time>
        <extensions>
          <ns3:TrackPointExtension>
            <ns3:hr>129</ns3:hr>
          </ns3:TrackPointExtension>
        </extensions>
      </trkpt>
      <trkpt lat="36.92903735674917697906494140625" lon="140.08388788439333438873291015625">
        <ele>240.8000030517578125</ele>
        <time>2025-10-23T00:32:23.000Z</time>
        <extensions>
          <ns3:TrackPointExtension>
            <ns3:hr>129</ns3:hr>
          </ns3:TrackPointExtension>
        </extensions>
      </trkpt>
      <trkpt lat="36.9291044957935810089111328125" lon="140.083980672061443328857421875">
        <ele>240.600006103515625</ele>
        <time>2025-10-23T00:32:30.000Z</time>
        <extensions>
          <ns3:TrackPointExtension>
            <ns3:hr>127</ns3:hr>
          </ns3:TrackPointExtension>
        </extensions>
      </trkpt>
      <trkpt lat="36.92914581857621669769287109375" lon="140.08405015803873538970947265625">
        <ele>240.600006103515625</ele>
        <time>2025-10-23T00:32:34.000Z</time>
        <extensions>
          <ns3:TrackPointExtension>
            <ns3:hr>130</ns3:hr>
          </ns3:TrackPointExtension>
        </extensions>
      </trkpt>
      <trkpt lat="36.9291705451905727386474609375" lon="140.08408972062170505523681640625">
        <ele>240.600006103515625</ele>
        <time>2025-10-23T00:32:36.000Z</time>
        <extensions>
          <ns3:TrackPointExtension>
            <ns3:hr>130</ns3:hr>
          </ns3:TrackPointExtension>
        </extensions>
      </trkpt>
      <trkpt lat="36.92929769866168498992919921875" lon="140.0842544250190258026123046875">
        <ele>240.8000030517578125</ele>
        <time>2025-10-23T00:32:45.000Z</time>
        <extensions>
          <ns3:TrackPointExtension>
            <ns3:hr>132</ns3:hr>
          </ns3:TrackPointExtension>
        </extensions>
      </trkpt>
      <trkpt lat="36.92942644469439983367919921875" lon="140.08442424237728118896484375">
        <ele>241.600006103515625</ele>
        <time>2025-10-23T00:32:55.000Z</time>
        <extensions>
          <ns3:TrackPointExtension>
            <ns3:hr>134</ns3:hr>
          </ns3:TrackPointExtension>
        </extensions>
      </trkpt>
      <trkpt lat="36.92943918518722057342529296875" lon="140.0844418443739414215087890625">
        <ele>241.600006103515625</ele>
        <time>2025-10-23T00:32:56.000Z</time>
        <extensions>
          <ns3:TrackPointExtension>
            <ns3:hr>134</ns3:hr>
          </ns3:TrackPointExtension>
        </extensions>
      </trkpt>
      <trkpt lat="36.9295517541468143463134765625" lon="140.08461057208478450775146484375">
        <ele>242</ele>
        <time>2025-10-23T00:33:06.000Z</time>
        <extensions>
          <ns3:TrackPointExtension>
            <ns3:hr>133</ns3:hr>
          </ns3:TrackPointExtension>
        </extensions>
      </trkpt>
      <trkpt lat="36.92967287264764308929443359375" lon="140.0847586803138256072998046875">
        <ele>241.399993896484375</ele>
        <time>2025-10-23T00:33:15.000Z</time>
        <extensions>
          <ns3:TrackPointExtension>
            <ns3:hr>133</ns3:hr>
          </ns3:TrackPointExtension>
        </extensions>
      </trkpt>
      <trkpt lat="36.9297723658382892608642578125" lon="140.08491734974086284637451171875">
        <ele>241</ele>
        <time>2025-10-23T00:33:24.000Z</time>
        <extensions>
          <ns3:TrackPointExtension>
            <ns3:hr>133</ns3:hr>
          </ns3:TrackPointExtension>
        </extensions>
      </trkpt>
      <trkpt lat="36.9298942387104034423828125" lon="140.085093118250370025634765625">
        <ele>240.8000030517578125</ele>
        <time>2025-10-23T00:33:34.000Z</time>
        <extensions>
          <ns3:TrackPointExtension>
            <ns3:hr>133</ns3:hr>
          </ns3:TrackPointExtension>
        </extensions>
      </trkpt>
      <trkpt lat="36.93000965751707553863525390625" lon="140.08525371551513671875">
        <ele>240.399993896484375</ele>
        <time>2025-10-23T00:33:43.000Z</time>
        <extensions>
          <ns3:TrackPointExtension>
            <ns3:hr>133</ns3:hr>
          </ns3:TrackPointExtension>
        </extensions>
      </trkpt>
      <trkpt lat="36.9301093183457851409912109375" lon="140.0853960402309894561767578125">
        <ele>240</ele>
        <time>2025-10-23T00:33:51.000Z</time>
        <extensions>
          <ns3:TrackPointExtension>
            <ns3:hr>133</ns3:hr>
          </ns3:TrackPointExtension>
        </extensions>
      </trkpt>
      <trkpt lat="36.93017184734344482421875" lon="140.08550592698156833648681640625">
        <ele>240</ele>
        <time>2025-10-23T00:33:57.000Z</time>
        <extensions>
          <ns3:TrackPointExtension>
            <ns3:hr>132</ns3:hr>
          </ns3:TrackPointExtension>
        </extensions>
      </trkpt>
      <trkpt lat="36.93026329390704631805419921875" lon="140.08565001189708709716796875">
        <ele>240</ele>
        <time>2025-10-23T00:34:05.000Z</time>
        <extensions>
          <ns3:TrackPointExtension>
            <ns3:hr>131</ns3:hr>
          </ns3:TrackPointExtension>
        </extensions>
      </trkpt>
      <trkpt lat="36.93036220036447048187255859375" lon="140.0857888162136077880859375">
        <ele>240</ele>
        <time>2025-10-23T00:34:13.000Z</time>
        <extensions>
          <ns3:TrackPointExtension>
            <ns3:hr>131</ns3:hr>
          </ns3:TrackPointExtension>
        </extensions>
      </trkpt>
      <trkpt lat="36.930467896163463592529296875" lon="140.08593700826168060302734375">
        <ele>240</ele>
        <time>2025-10-23T00:34:21.000Z</time>
        <extensions>
          <ns3:TrackPointExtension>
            <ns3:hr>131</ns3:hr>
          </ns3:TrackPointExtension>
        </extensions>
      </trkpt>
      <trkpt lat="36.93056403659284114837646484375" lon="140.08605544455349445343017578125">
        <ele>240.1999969482421875</ele>
        <time>2025-10-23T00:34:28.000Z</time>
        <extensions>
          <ns3:TrackPointExtension>
            <ns3:hr>132</ns3:hr>
          </ns3:TrackPointExtension>
        </extensions>
      </trkpt>
      <trkpt lat="36.93066881038248538970947265625" lon="140.0861735455691814422607421875">
        <ele>240.600006103515625</ele>
        <time>2025-10-23T00:34:36.000Z</time>
        <extensions>
          <ns3:TrackPointExtension>
            <ns3:hr>132</ns3:hr>
          </ns3:TrackPointExtension>
        </extensions>
      </trkpt>
      <trkpt lat="36.930762268602848052978515625" lon="140.08623733185231685638427734375">
        <ele>240.8000030517578125</ele>
        <time>2025-10-23T00:34:42.000Z</time>
        <extensions>
          <ns3:TrackPointExtension>
            <ns3:hr>133</ns3:hr>
          </ns3:TrackPointExtension>
        </extensions>
      </trkpt>
      <trkpt lat="36.93085388280451297760009765625" lon="140.08632190525531768798828125">
        <ele>241.1999969482421875</ele>
        <time>2025-10-23T00:34:48.000Z</time>
        <extensions>
          <ns3:TrackPointExtension>
            <ns3:hr>133</ns3:hr>
          </ns3:TrackPointExtension>
        </extensions>
      </trkpt>
      <trkpt lat="36.93094440735876560211181640625" lon="140.08644604124128818511962890625">
        <ele>241.600006103515625</ele>
        <time>2025-10-23T00:34:55.000Z</time>
        <extensions>
          <ns3:TrackPointExtension>
            <ns3:hr>134</ns3:hr>
          </ns3:TrackPointExtension>
        </extensions>
      </trkpt>
      <trkpt lat="36.93103744648396968841552734375" lon="140.08655735291540622711181640625">
        <ele>242</ele>
        <time>2025-10-23T00:35:02.000Z</time>
        <extensions>
          <ns3:TrackPointExtension>
            <ns3:hr>135</ns3:hr>
          </ns3:TrackPointExtension>
        </extensions>
      </trkpt>
      <trkpt lat="36.9311513565480709075927734375" lon="140.08673186413943767547607421875">
        <ele>242.600006103515625</ele>
        <time>2025-10-23T00:35:12.000Z</time>
        <extensions>
          <ns3:TrackPointExtension>
            <ns3:hr>136</ns3:hr>
          </ns3:TrackPointExtension>
        </extensions>
      </trkpt>
      <trkpt lat="36.931264512240886688232421875" lon="140.0869088061153888702392578125">
        <ele>242.8000030517578125</ele>
        <time>2025-10-23T00:35:22.000Z</time>
        <extensions>
          <ns3:TrackPointExtension>
            <ns3:hr>136</ns3:hr>
          </ns3:TrackPointExtension>
        </extensions>
      </trkpt>
      <trkpt lat="36.93127532489597797393798828125" lon="140.0869260728359222412109375">
        <ele>242.8000030517578125</ele>
        <time>2025-10-23T00:35:23.000Z</time>
        <extensions>
          <ns3:TrackPointExtension>
            <ns3:hr>136</ns3:hr>
          </ns3:TrackPointExtension>
        </extensions>
      </trkpt>
      <trkpt lat="36.93136853165924549102783203125" lon="140.0870600156486034393310546875">
        <ele>242.600006103515625</ele>
        <time>2025-10-23T00:35:31.000Z</time>
        <extensions>
          <ns3:TrackPointExtension>
            <ns3:hr>135</ns3:hr>
          </ns3:TrackPointExtension>
        </extensions>
      </trkpt>
      <trkpt lat="36.93146224133670330047607421875" lon="140.087189264595508575439453125">
        <ele>242.600006103515625</ele>
        <time>2025-10-23T00:35:39.000Z</time>
        <extensions>
          <ns3:TrackPointExtension>
            <ns3:hr>134</ns3:hr>
          </ns3:TrackPointExtension>
        </extensions>
      </trkpt>
      <trkpt lat="36.93158327601850032806396484375" lon="140.0873600877821445465087890625">
        <ele>241.8000030517578125</ele>
        <time>2025-10-23T00:35:49.000Z</time>
        <extensions>
          <ns3:TrackPointExtension>
            <ns3:hr>133</ns3:hr>
          </ns3:TrackPointExtension>
        </extensions>
      </trkpt>
      <trkpt lat="36.931670866906642913818359375" lon="140.08748606778681278228759765625">
        <ele>241.399993896484375</ele>
        <time>2025-10-23T00:35:56.000Z</time>
        <extensions>
          <ns3:TrackPointExtension>
            <ns3:hr>133</ns3:hr>
          </ns3:TrackPointExtension>
        </extensions>
      </trkpt>
      <trkpt lat="36.93179584108293056488037109375" lon="140.087663345038890838623046875">
        <ele>241</ele>
        <time>2025-10-23T00:36:06.000Z</time>
        <extensions>
          <ns3:TrackPointExtension>
            <ns3:hr>132</ns3:hr>
          </ns3:TrackPointExtension>
        </extensions>
      </trkpt>
      <trkpt lat="36.9318074919283390045166015625" lon="140.0876816175878047943115234375">
        <ele>241</ele>
        <time>2025-10-23T00:36:07.000Z</time>
        <extensions>
          <ns3:TrackPointExtension>
            <ns3:hr>133</ns3:hr>
          </ns3:TrackPointExtension>
        </extensions>
      </trkpt>
      <trkpt lat="36.93183423019945621490478515625" lon="140.08771724067628383636474609375">
        <ele>241</ele>
        <time>2025-10-23T00:36:09.000Z</time>
        <extensions>
          <ns3:TrackPointExtension>
            <ns3:hr>133</ns3:hr>
          </ns3:TrackPointExtension>
        </extensions>
      </trkpt>
      <trkpt lat="36.93191863596439361572265625" lon="140.08783861063420772552490234375">
        <ele>241</ele>
        <time>2025-10-23T00:36:16.000Z</time>
        <extensions>
          <ns3:TrackPointExtension>
            <ns3:hr>135</ns3:hr>
          </ns3:TrackPointExtension>
        </extensions>
      </trkpt>
      <trkpt lat="36.93204243667423725128173828125" lon="140.0880178995430469512939453125">
        <ele>241</ele>
        <time>2025-10-23T00:36:26.000Z</time>
        <extensions>
          <ns3:TrackPointExtension>
            <ns3:hr>136</ns3:hr>
          </ns3:TrackPointExtension>
        </extensions>
      </trkpt>
      <trkpt lat="36.93206892348825931549072265625" lon="140.08805670775473117828369140625">
        <ele>241</ele>
        <time>2025-10-23T00:36:28.000Z</time>
        <extensions>
          <ns3:TrackPointExtension>
            <ns3:hr>135</ns3:hr>
          </ns3:TrackPointExtension>
        </extensions>
      </trkpt>
      <trkpt lat="36.93219448439776897430419921875" lon="140.08823507465422153472900390625">
        <ele>241</ele>
        <time>2025-10-23T00:36:38.000Z</time>
        <extensions>
          <ns3:TrackPointExtension>
            <ns3:hr>135</ns3:hr>
          </ns3:TrackPointExtension>
        </extensions>
      </trkpt>
      <trkpt lat="36.93220571614801883697509765625" lon="140.08825049735605716705322265625">
        <ele>241</ele>
        <time>2025-10-23T00:36:39.000Z</time>
        <extensions>
          <ns3:TrackPointExtension>
            <ns3:hr>135</ns3:hr>
          </ns3:TrackPointExtension>
        </extensions>
      </trkpt>
      <trkpt lat="36.93229020573198795318603515625" lon="140.0883514992892742156982421875">
        <ele>241</ele>
        <time>2025-10-23T00:36:46.000Z</time>
        <extensions>
          <ns3:TrackPointExtension>
            <ns3:hr>137</ns3:hr>
          </ns3:TrackPointExtension>
        </extensions>
      </trkpt>
      <trkpt lat="36.9323975779116153717041015625" lon="140.08846792392432689666748046875">
        <ele>241</ele>
        <time>2025-10-23T00:36:53.000Z</time>
        <extensions>
          <ns3:TrackPointExtension>
            <ns3:hr>137</ns3:hr>
          </ns3:TrackPointExtension>
        </extensions>
      </trkpt>
      <trkpt lat="36.93251182325184345245361328125" lon="140.0886418484151363372802734375">
        <ele>241</ele>
        <time>2025-10-23T00:37:02.000Z</time>
        <extensions>
          <ns3:TrackPointExtension>
            <ns3:hr>138</ns3:hr>
          </ns3:TrackPointExtension>
        </extensions>
      </trkpt>
      <trkpt lat="36.9326409883797168731689453125" lon="140.08878886699676513671875">
        <ele>241</ele>
        <time>2025-10-23T00:37:11.000Z</time>
        <extensions>
          <ns3:TrackPointExtension>
            <ns3:hr>139</ns3:hr>
          </ns3:TrackPointExtension>
        </extensions>
      </trkpt>
      <trkpt lat="36.93276512436568737030029296875" lon="140.08894250728189945220947265625">
        <ele>241.600006103515625</ele>
        <time>2025-10-23T00:37:20.000Z</time>
        <extensions>
          <ns3:TrackPointExtension>
            <ns3:hr>137</ns3:hr>
          </ns3:TrackPointExtension>
        </extensions>
      </trkpt>
      <trkpt lat="36.9328565709292888641357421875" lon="140.0890552438795566558837890625">
        <ele>241.8000030517578125</ele>
        <time>2025-10-23T00:37:27.000Z</time>
        <extensions>
          <ns3:TrackPointExtension>
            <ns3:hr>136</ns3:hr>
          </ns3:TrackPointExtension>
        </extensions>
      </trkpt>
      <trkpt lat="36.9329856522381305694580078125" lon="140.0891977362334728240966796875">
        <ele>241.600006103515625</ele>
        <time>2025-10-23T00:37:36.000Z</time>
        <extensions>
          <ns3:TrackPointExtension>
            <ns3:hr>134</ns3:hr>
          </ns3:TrackPointExtension>
        </extensions>
      </trkpt>
      <trkpt lat="36.9330858998000621795654296875" lon="140.0893221236765384674072265625">
        <ele>241.399993896484375</ele>
        <time>2025-10-23T00:37:44.000Z</time>
        <extensions>
          <ns3:TrackPointExtension>
            <ns3:hr>133</ns3:hr>
          </ns3:TrackPointExtension>
        </extensions>
      </trkpt>
      <trkpt lat="36.933201067149639129638671875" lon="140.089446343481540679931640625">
        <ele>241</ele>
        <time>2025-10-23T00:37:52.000Z</time>
        <extensions>
          <ns3:TrackPointExtension>
            <ns3:hr>134</ns3:hr>
          </ns3:TrackPointExtension>
        </extensions>
      </trkpt>
      <trkpt lat="36.93331338465213775634765625" lon="140.08957274258136749267578125">
        <ele>241</ele>
        <time>2025-10-23T00:38:00.000Z</time>
        <extensions>
          <ns3:TrackPointExtension>
            <ns3:hr>134</ns3:hr>
          </ns3:TrackPointExtension>
        </extensions>
      </trkpt>
      <trkpt lat="36.93346358835697174072265625" lon="140.08973090909421443939208984375">
        <ele>241.399993896484375</ele>
        <time>2025-10-23T00:38:10.000Z</time>
        <extensions>
          <ns3:TrackPointExtension>
            <ns3:hr>134</ns3:hr>
          </ns3:TrackPointExtension>
        </extensions>
      </trkpt>
      <trkpt lat="36.93347842432558536529541015625" lon="140.08974532596766948699951171875">
        <ele>241.399993896484375</ele>
        <time>2025-10-23T00:38:11.000Z</time>
        <extensions>
          <ns3:TrackPointExtension>
            <ns3:hr>134</ns3:hr>
          </ns3:TrackPointExtension>
        </extensions>
      </trkpt>
      <trkpt lat="36.93358135409653186798095703125" lon="140.08987792767584323883056640625">
        <ele>241.600006103515625</ele>
        <time>2025-10-23T00:38:19.000Z</time>
        <extensions>
          <ns3:TrackPointExtension>
            <ns3:hr>134</ns3:hr>
          </ns3:TrackPointExtension>
        </extensions>
      </trkpt>
      <trkpt lat="36.93370792083442211151123046875" lon="140.0900520198047161102294921875">
        <ele>240.399993896484375</ele>
        <time>2025-10-23T00:38:29.000Z</time>
        <extensions>
          <ns3:TrackPointExtension>
            <ns3:hr>134</ns3:hr>
          </ns3:TrackPointExtension>
        </extensions>
      </trkpt>
      <trkpt lat="36.9337202422320842742919921875" lon="140.09006953798234462738037109375">
        <ele>240.399993896484375</ele>
        <time>2025-10-23T00:38:30.000Z</time>
        <extensions>
          <ns3:TrackPointExtension>
            <ns3:hr>134</ns3:hr>
          </ns3:TrackPointExtension>
        </extensions>
      </trkpt>
      <trkpt lat="36.9338000379502773284912109375" lon="140.09020247496664524078369140625">
        <ele>239.8000030517578125</ele>
        <time>2025-10-23T00:38:37.000Z</time>
        <extensions>
          <ns3:TrackPointExtension>
            <ns3:hr>134</ns3:hr>
          </ns3:TrackPointExtension>
        </extensions>
      </trkpt>
      <trkpt lat="36.933907829225063323974609375" lon="140.09037338197231292724609375">
        <ele>239.399993896484375</ele>
        <time>2025-10-23T00:38:46.000Z</time>
        <extensions>
          <ns3:TrackPointExtension>
            <ns3:hr>135</ns3:hr>
          </ns3:TrackPointExtension>
        </extensions>
      </trkpt>
      <trkpt lat="36.9340216554701328277587890625" lon="140.0905685126781463623046875">
        <ele>239.600006103515625</ele>
        <time>2025-10-23T00:38:56.000Z</time>
        <extensions>
          <ns3:TrackPointExtension>
            <ns3:hr>135</ns3:hr>
          </ns3:TrackPointExtension>
        </extensions>
      </trkpt>
      <trkpt lat="36.93410773761570453643798828125" lon="140.09070203639566898345947265625">
        <ele>240.1999969482421875</ele>
        <time>2025-10-23T00:39:03.000Z</time>
        <extensions>
          <ns3:TrackPointExtension>
            <ns3:hr>135</ns3:hr>
          </ns3:TrackPointExtension>
        </extensions>
      </trkpt>
      <trkpt lat="36.93418988026678562164306640625" lon="140.09083648212254047393798828125">
        <ele>240.600006103515625</ele>
        <time>2025-10-23T00:39:10.000Z</time>
        <extensions>
          <ns3:TrackPointExtension>
            <ns3:hr>135</ns3:hr>
          </ns3:TrackPointExtension>
        </extensions>
      </trkpt>
      <trkpt lat="36.9342811591923236846923828125" lon="140.0909800641238689422607421875">
        <ele>241</ele>
        <time>2025-10-23T00:39:18.000Z</time>
        <extensions>
          <ns3:TrackPointExtension>
            <ns3:hr>135</ns3:hr>
          </ns3:TrackPointExtension>
        </extensions>
      </trkpt>
      <trkpt lat="36.9343941472470760345458984375" lon="140.0911478698253631591796875">
        <ele>241</ele>
        <time>2025-10-23T00:39:27.000Z</time>
        <extensions>
          <ns3:TrackPointExtension>
            <ns3:hr>136</ns3:hr>
          </ns3:TrackPointExtension>
        </extensions>
      </trkpt>
      <trkpt lat="36.93449464626610279083251953125" lon="140.09130000136792659759521484375">
        <ele>241</ele>
        <time>2025-10-23T00:39:35.000Z</time>
        <extensions>
          <ns3:TrackPointExtension>
            <ns3:hr>136</ns3:hr>
          </ns3:TrackPointExtension>
        </extensions>
      </trkpt>
      <trkpt lat="36.93459539674222469329833984375" lon="140.09147317148745059967041015625">
        <ele>240</ele>
        <time>2025-10-23T00:39:44.000Z</time>
        <extensions>
          <ns3:TrackPointExtension>
            <ns3:hr>138</ns3:hr>
          </ns3:TrackPointExtension>
        </extensions>
      </trkpt>
      <trkpt lat="36.93468173034489154815673828125" lon="140.09160225279629230499267578125">
        <ele>239</ele>
        <time>2025-10-23T00:39:51.000Z</time>
        <extensions>
          <ns3:TrackPointExtension>
            <ns3:hr>138</ns3:hr>
          </ns3:TrackPointExtension>
        </extensions>
      </trkpt>
      <trkpt lat="36.93479186855256557464599609375" lon="140.0917984731495380401611328125">
        <ele>237.399993896484375</ele>
        <time>2025-10-23T00:40:01.000Z</time>
        <extensions>
          <ns3:TrackPointExtension>
            <ns3:hr>138</ns3:hr>
          </ns3:TrackPointExtension>
        </extensions>
      </trkpt>
      <trkpt lat="36.934921704232692718505859375" lon="140.09197072125971317291259765625">
        <ele>236.399993896484375</ele>
        <time>2025-10-23T00:40:11.000Z</time>
        <extensions>
          <ns3:TrackPointExtension>
            <ns3:hr>138</ns3:hr>
          </ns3:TrackPointExtension>
        </extensions>
      </trkpt>
      <trkpt lat="36.9350372068583965301513671875" lon="140.0921216793358325958251953125">
        <ele>236</ele>
        <time>2025-10-23T00:40:20.000Z</time>
        <extensions>
          <ns3:TrackPointExtension>
            <ns3:hr>137</ns3:hr>
          </ns3:TrackPointExtension>
        </extensions>
      </trkpt>
      <trkpt lat="36.93515681661665439605712890625" lon="140.09227414615452289581298828125">
        <ele>236.1999969482421875</ele>
        <time>2025-10-23T00:40:29.000Z</time>
        <extensions>
          <ns3:TrackPointExtension>
            <ns3:hr>137</ns3:hr>
          </ns3:TrackPointExtension>
        </extensions>
      </trkpt>
      <trkpt lat="36.93525756709277629852294921875" lon="140.092409513890743255615234375">
        <ele>237</ele>
        <time>2025-10-23T00:40:37.000Z</time>
        <extensions>
          <ns3:TrackPointExtension>
            <ns3:hr>137</ns3:hr>
          </ns3:TrackPointExtension>
        </extensions>
      </trkpt>
      <trkpt lat="36.9353925995528697967529296875" lon="140.09257824160158634185791015625">
        <ele>238</ele>
        <time>2025-10-23T00:40:47.000Z</time>
        <extensions>
          <ns3:TrackPointExtension>
            <ns3:hr>137</ns3:hr>
          </ns3:TrackPointExtension>
        </extensions>
      </trkpt>
      <trkpt lat="36.93540458567440509796142578125" lon="140.09259550832211971282958984375">
        <ele>238</ele>
        <time>2025-10-23T00:40:48.000Z</time>
        <extensions>
          <ns3:TrackPointExtension>
            <ns3:hr>137</ns3:hr>
          </ns3:TrackPointExtension>
        </extensions>
      </trkpt>
      <trkpt lat="36.9355054199695587158203125" lon="140.092734396457672119140625">
        <ele>238.600006103515625</ele>
        <time>2025-10-23T00:40:56.000Z</time>
        <extensions>
          <ns3:TrackPointExtension>
            <ns3:hr>138</ns3:hr>
          </ns3:TrackPointExtension>
        </extensions>
      </trkpt>
      <trkpt lat="36.9356065057218074798583984375" lon="140.09287261404097080230712890625">
        <ele>238.8000030517578125</ele>
        <time>2025-10-23T00:41:04.000Z</time>
        <extensions>
          <ns3:TrackPointExtension>
            <ns3:hr>139</ns3:hr>
          </ns3:TrackPointExtension>
        </extensions>
      </trkpt>
      <trkpt lat="36.93572795949876308441162109375" lon="140.09305047802627086639404296875">
        <ele>239.1999969482421875</ele>
        <time>2025-10-23T00:41:14.000Z</time>
        <extensions>
          <ns3:TrackPointExtension>
            <ns3:hr>140</ns3:hr>
          </ns3:TrackPointExtension>
        </extensions>
      </trkpt>
      <trkpt lat="36.935818903148174285888671875" lon="140.09316279552876949310302734375">
        <ele>239.600006103515625</ele>
        <time>2025-10-23T00:41:21.000Z</time>
        <extensions>
          <ns3:TrackPointExtension>
            <ns3:hr>139</ns3:hr>
          </ns3:TrackPointExtension>
        </extensions>
      </trkpt>
      <trkpt lat="36.93594756536185741424560546875" lon="140.0933285057544708251953125">
        <ele>240</ele>
        <time>2025-10-23T00:41:31.000Z</time>
        <extensions>
          <ns3:TrackPointExtension>
            <ns3:hr>137</ns3:hr>
          </ns3:TrackPointExtension>
        </extensions>
      </trkpt>
      <trkpt lat="36.9360400177538394927978515625" lon="140.09343872778117656707763671875">
        <ele>240.399993896484375</ele>
        <time>2025-10-23T00:41:38.000Z</time>
        <extensions>
          <ns3:TrackPointExtension>
            <ns3:hr>135</ns3:hr>
          </ns3:TrackPointExtension>
        </extensions>
      </trkpt>
      <trkpt lat="36.93614923395216464996337890625" lon="140.0935958884656429290771484375">
        <ele>240.399993896484375</ele>
        <time>2025-10-23T00:41:47.000Z</time>
        <extensions>
          <ns3:TrackPointExtension>
            <ns3:hr>135</ns3:hr>
          </ns3:TrackPointExtension>
        </extensions>
      </trkpt>
      <trkpt lat="36.9362390041351318359375" lon="140.09370242245495319366455078125">
        <ele>240.1999969482421875</ele>
        <time>2025-10-23T00:41:54.000Z</time>
        <extensions>
          <ns3:TrackPointExtension>
            <ns3:hr>136</ns3:hr>
          </ns3:TrackPointExtension>
        </extensions>
      </trkpt>
      <trkpt lat="36.9362824223935604095458984375" lon="140.09375791065394878387451171875">
        <ele>240</ele>
        <time>2025-10-23T00:41:58.000Z</time>
        <extensions>
          <ns3:TrackPointExtension>
            <ns3:hr>136</ns3:hr>
          </ns3:TrackPointExtension>
        </extensions>
      </trkpt>
      <trkpt lat="36.93629859946668148040771484375" lon="140.093770064413547515869140625">
        <ele>240</ele>
        <time>2025-10-23T00:41:59.000Z</time>
        <extensions>
          <ns3:TrackPointExtension>
            <ns3:hr>136</ns3:hr>
          </ns3:TrackPointExtension>
        </extensions>
      </trkpt>
      <trkpt lat="36.93641376681625843048095703125" lon="140.09387106634676456451416015625">
        <ele>240</ele>
        <time>2025-10-23T00:42:07.000Z</time>
        <extensions>
          <ns3:TrackPointExtension>
            <ns3:hr>136</ns3:hr>
          </ns3:TrackPointExtension>
        </extensions>
      </trkpt>
      <trkpt lat="36.93655592389404773712158203125" lon="140.093987993896007537841796875">
        <ele>240.1999969482421875</ele>
        <time>2025-10-23T00:42:16.000Z</time>
        <extensions>
          <ns3:TrackPointExtension>
            <ns3:hr>135</ns3:hr>
          </ns3:TrackPointExtension>
        </extensions>
      </trkpt>
      <trkpt lat="36.9366659782826900482177734375" lon="140.0940947793424129486083984375">
        <ele>240.600006103515625</ele>
        <time>2025-10-23T00:42:24.000Z</time>
        <extensions>
          <ns3:TrackPointExtension>
            <ns3:hr>136</ns3:hr>
          </ns3:TrackPointExtension>
        </extensions>
      </trkpt>
      <trkpt lat="36.93679028190672397613525390625" lon="140.09423031471669673919677734375">
        <ele>241</ele>
        <time>2025-10-23T00:42:33.000Z</time>
        <extensions>
          <ns3:TrackPointExtension>
            <ns3:hr>139</ns3:hr>
          </ns3:TrackPointExtension>
        </extensions>
      </trkpt>
      <trkpt lat="36.93691835738718509674072265625" lon="140.0943529419600963592529296875">
        <ele>242.399993896484375</ele>
        <time>2025-10-23T00:42:42.000Z</time>
        <extensions>
          <ns3:TrackPointExtension>
            <ns3:hr>140</ns3:hr>
          </ns3:TrackPointExtension>
        </extensions>
      </trkpt>
      <trkpt lat="36.93704433739185333251953125" lon="140.0944577157497406005859375">
        <ele>243.399993896484375</ele>
        <time>2025-10-23T00:42:50.000Z</time>
        <extensions>
          <ns3:TrackPointExtension>
            <ns3:hr>140</ns3:hr>
          </ns3:TrackPointExtension>
        </extensions>
      </trkpt>
      <trkpt lat="36.937143243849277496337890625" lon="140.09455737657845020294189453125">
        <ele>243.399993896484375</ele>
        <time>2025-10-23T00:42:57.000Z</time>
        <extensions>
          <ns3:TrackPointExtension>
            <ns3:hr>138</ns3:hr>
          </ns3:TrackPointExtension>
        </extensions>
      </trkpt>
      <trkpt lat="36.93728984333574771881103515625" lon="140.0946912355720996856689453125">
        <ele>243.8000030517578125</ele>
        <time>2025-10-23T00:43:07.000Z</time>
        <extensions>
          <ns3:TrackPointExtension>
            <ns3:hr>137</ns3:hr>
          </ns3:TrackPointExtension>
        </extensions>
      </trkpt>
      <trkpt lat="36.937389671802520751953125" lon="140.0947822630405426025390625">
        <ele>243.8000030517578125</ele>
        <time>2025-10-23T00:43:14.000Z</time>
        <extensions>
          <ns3:TrackPointExtension>
            <ns3:hr>137</ns3:hr>
          </ns3:TrackPointExtension>
        </extensions>
      </trkpt>
      <trkpt lat="36.93750794045627117156982421875" lon="140.09488309733569622039794921875">
        <ele>243.399993896484375</ele>
        <time>2025-10-23T00:43:22.000Z</time>
        <extensions>
          <ns3:TrackPointExtension>
            <ns3:hr>135</ns3:hr>
          </ns3:TrackPointExtension>
        </extensions>
      </trkpt>
      <trkpt lat="36.9376124627888202667236328125" lon="140.0949742086231708526611328125">
        <ele>243</ele>
        <time>2025-10-23T00:43:29.000Z</time>
        <extensions>
          <ns3:TrackPointExtension>
            <ns3:hr>134</ns3:hr>
          </ns3:TrackPointExtension>
        </extensions>
      </trkpt>
      <trkpt lat="36.93775990046560764312744140625" lon="140.095097087323665618896484375">
        <ele>243.399993896484375</ele>
        <time>2025-10-23T00:43:38.000Z</time>
        <extensions>
          <ns3:TrackPointExtension>
            <ns3:hr>133</ns3:hr>
          </ns3:TrackPointExtension>
        </extensions>
      </trkpt>
      <trkpt lat="36.9378578849136829376220703125" lon="140.09521401487290859222412109375">
        <ele>243.8000030517578125</ele>
        <time>2025-10-23T00:43:46.000Z</time>
        <extensions>
          <ns3:TrackPointExtension>
            <ns3:hr>134</ns3:hr>
          </ns3:TrackPointExtension>
        </extensions>
      </trkpt>
      <trkpt lat="36.93794027902185916900634765625" lon="140.095320045948028564453125">
        <ele>244.600006103515625</ele>
        <time>2025-10-23T00:43:54.000Z</time>
        <extensions>
          <ns3:TrackPointExtension>
            <ns3:hr>136</ns3:hr>
          </ns3:TrackPointExtension>
        </extensions>
      </trkpt>
      <trkpt lat="36.93797665648162364959716796875" lon="140.09536094963550567626953125">
        <ele>245.1999969482421875</ele>
        <time>2025-10-23T00:43:57.000Z</time>
        <extensions>
          <ns3:TrackPointExtension>
            <ns3:hr>137</ns3:hr>
          </ns3:TrackPointExtension>
        </extensions>
      </trkpt>
      <trkpt lat="36.93800968118011951446533203125" lon="140.0953959859907627105712890625">
        <ele>245.600006103515625</ele>
        <time>2025-10-23T00:44:00.000Z</time>
        <extensions>
          <ns3:TrackPointExtension>
            <ns3:hr>137</ns3:hr>
          </ns3:TrackPointExtension>
        </extensions>
      </trkpt>
      <trkpt lat="36.93802761845290660858154296875" lon="140.0954348780214786529541015625">
        <ele>245.8000030517578125</ele>
        <time>2025-10-23T00:44:02.000Z</time>
        <extensions>
          <ns3:TrackPointExtension>
            <ns3:hr>138</ns3:hr>
          </ns3:TrackPointExtension>
        </extensions>
      </trkpt>
      <trkpt lat="36.9380835257470607757568359375" lon="140.09554090909659862518310546875">
        <ele>247</ele>
        <time>2025-10-23T00:44:07.000Z</time>
        <extensions>
          <ns3:TrackPointExtension>
            <ns3:hr>138</ns3:hr>
          </ns3:TrackPointExtension>
        </extensions>
      </trkpt>
      <trkpt lat="36.9381485693156719207763671875" lon="140.0956427492201328277587890625">
        <ele>248.399993896484375</ele>
        <time>2025-10-23T00:44:12.000Z</time>
        <extensions>
          <ns3:TrackPointExtension>
            <ns3:hr>139</ns3:hr>
          </ns3:TrackPointExtension>
        </extensions>
      </trkpt>
      <trkpt lat="36.93816441111266613006591796875" lon="140.09565641172230243682861328125">
        <ele>248.600006103515625</ele>
        <time>2025-10-23T00:44:13.000Z</time>
        <extensions>
          <ns3:TrackPointExtension>
            <ns3:hr>139</ns3:hr>
          </ns3:TrackPointExtension>
        </extensions>
      </trkpt>
      <trkpt lat="36.9381747208535671234130859375" lon="140.09566546417772769927978515625">
        <ele>248.8000030517578125</ele>
        <time>2025-10-23T00:44:14.000Z</time>
        <extensions>
          <ns3:TrackPointExtension>
            <ns3:hr>139</ns3:hr>
          </ns3:TrackPointExtension>
        </extensions>
      </trkpt>
      <trkpt lat="36.93820732645690441131591796875" lon="140.09570770896971225738525390625">
        <ele>249.600006103515625</ele>
        <time>2025-10-23T00:44:19.000Z</time>
        <extensions>
          <ns3:TrackPointExtension>
            <ns3:hr>140</ns3:hr>
          </ns3:TrackPointExtension>
        </extensions>
      </trkpt>
      <trkpt lat="36.9382152892649173736572265625" lon="140.09571592323482036590576171875">
        <ele>249.8000030517578125</ele>
        <time>2025-10-23T00:44:20.000Z</time>
        <extensions>
          <ns3:TrackPointExtension>
            <ns3:hr>140</ns3:hr>
          </ns3:TrackPointExtension>
        </extensions>
      </trkpt>
      <trkpt lat="36.938247643411159515380859375" lon="140.09580007754266262054443359375">
        <ele>250.1999969482421875</ele>
        <time>2025-10-23T00:44:26.000Z</time>
        <extensions>
          <ns3:TrackPointExtension>
            <ns3:hr>137</ns3:hr>
          </ns3:TrackPointExtension>
        </extensions>
      </trkpt>
      <trkpt lat="36.93825401365756988525390625" lon="140.09581265039741992950439453125">
        <ele>250.399993896484375</ele>
        <time>2025-10-23T00:44:27.000Z</time>
        <extensions>
          <ns3:TrackPointExtension>
            <ns3:hr>136</ns3:hr>
          </ns3:TrackPointExtension>
        </extensions>
      </trkpt>
      <trkpt lat="36.9382680952548980712890625" lon="140.09585003368556499481201171875">
        <ele>250.600006103515625</ele>
        <time>2025-10-23T00:44:30.000Z</time>
        <extensions>
          <ns3:TrackPointExtension>
            <ns3:hr>133</ns3:hr>
          </ns3:TrackPointExtension>
        </extensions>
      </trkpt>
      <trkpt lat="36.938296258449554443359375" lon="140.09590409696102142333984375">
        <ele>251.1999969482421875</ele>
        <time>2025-10-23T00:44:36.000Z</time>
        <extensions>
          <ns3:TrackPointExtension>
            <ns3:hr>129</ns3:hr>
          </ns3:TrackPointExtension>
        </extensions>
      </trkpt>
      <trkpt lat="36.93829818628728389739990234375" lon="140.09590770117938518524169921875">
        <ele>251.1999969482421875</ele>
        <time>2025-10-23T00:44:38.000Z</time>
        <extensions>
          <ns3:TrackPointExtension>
            <ns3:hr>128</ns3:hr>
          </ns3:TrackPointExtension>
        </extensions>
      </trkpt>
      <trkpt lat="36.9383215717971324920654296875" lon="140.09594256989657878875732421875">
        <ele>251.600006103515625</ele>
        <time>2025-10-23T00:44:49.000Z</time>
        <extensions>
          <ns3:TrackPointExtension>
            <ns3:hr>127</ns3:hr>
          </ns3:TrackPointExtension>
        </extensions>
      </trkpt>
      <trkpt lat="36.9383416883647441864013671875" lon="140.09598716162145137786865234375">
        <ele>252</ele>
        <time>2025-10-23T00:44:57.000Z</time>
        <extensions>
          <ns3:TrackPointExtension>
            <ns3:hr>126</ns3:hr>
          </ns3:TrackPointExtension>
        </extensions>
      </trkpt>
      <trkpt lat="36.938373036682605743408203125" lon="140.096029154956340789794921875">
        <ele>252.1999969482421875</ele>
        <time>2025-10-23T00:45:05.000Z</time>
        <extensions>
          <ns3:TrackPointExtension>
            <ns3:hr>123</ns3:hr>
          </ns3:TrackPointExtension>
        </extensions>
      </trkpt>
      <trkpt lat="36.9383614696562290191650390625" lon="140.096017085015773773193359375">
        <ele>252.1999969482421875</ele>
        <time>2025-10-23T00:45:10.000Z</time>
        <extensions>
          <ns3:TrackPointExtension>
            <ns3:hr>120</ns3:hr>
          </ns3:TrackPointExtension>
        </extensions>
      </trkpt>
      <trkpt lat="36.938365995883941650390625" lon="140.0959931127727031707763671875">
        <ele>252.399993896484375</ele>
        <time>2025-10-23T00:45:13.000Z</time>
        <extensions>
          <ns3:TrackPointExtension>
            <ns3:hr>118</ns3:hr>
          </ns3:TrackPointExtension>
        </extensions>
      </trkpt>
      <trkpt lat="36.9383795745670795440673828125" lon="140.09597609750926494598388671875">
        <ele>252.600006103515625</ele>
        <time>2025-10-23T00:45:19.000Z</time>
        <extensions>
          <ns3:TrackPointExtension>
            <ns3:hr>117</ns3:hr>
          </ns3:TrackPointExtension>
        </extensions>
      </trkpt>
      <trkpt lat="36.93839793093502521514892578125" lon="140.095948018133640289306640625">
        <ele>253</ele>
        <time>2025-10-23T00:45:24.000Z</time>
        <extensions>
          <ns3:TrackPointExtension>
            <ns3:hr>118</ns3:hr>
          </ns3:TrackPointExtension>
        </extensions>
      </trkpt>
      <trkpt lat="36.93841067142784595489501953125" lon="140.09593955241143703460693359375">
        <ele>253.1999969482421875</ele>
        <time>2025-10-23T00:45:30.000Z</time>
        <extensions>
          <ns3:TrackPointExtension>
            <ns3:hr>121</ns3:hr>
          </ns3:TrackPointExtension>
        </extensions>
      </trkpt>
      <trkpt lat="36.93842810578644275665283203125" lon="140.0959240458905696868896484375">
        <ele>253.600006103515625</ele>
        <time>2025-10-23T00:45:33.000Z</time>
        <extensions>
          <ns3:TrackPointExtension>
            <ns3:hr>121</ns3:hr>
          </ns3:TrackPointExtension>
        </extensions>
      </trkpt>
      <trkpt lat="36.93843179382383823394775390625" lon="140.0959141552448272705078125">
        <ele>253.8000030517578125</ele>
        <time>2025-10-23T00:45:41.000Z</time>
        <extensions>
          <ns3:TrackPointExtension>
            <ns3:hr>121</ns3:hr>
          </ns3:TrackPointExtension>
        </extensions>
      </trkpt>
      <trkpt lat="36.938428692519664764404296875" lon="140.09592480026185512542724609375">
        <ele>253.600006103515625</ele>
        <time>2025-10-23T00:45:45.000Z</time>
        <extensions>
          <ns3:TrackPointExtension>
            <ns3:hr>124</ns3:hr>
          </ns3:TrackPointExtension>
        </extensions>
      </trkpt>
      <trkpt lat="36.938428692519664764404296875" lon="140.09592480026185512542724609375">
        <ele>253.600006103515625</ele>
        <time>2025-10-23T00:45:47.000Z</time>
        <extensions>
          <ns3:TrackPointExtension>
            <ns3:hr>125</ns3:hr>
          </ns3:TrackPointExtension>
        </extensions>
      </trkpt>
      <trkpt lat="36.938428692519664764404296875" lon="140.09592480026185512542724609375">
        <ele>253.600006103515625</ele>
        <time>2025-10-23T00:46:00.000Z</time>
        <extensions>
          <ns3:TrackPointExtension>
            <ns3:hr>122</ns3:hr>
          </ns3:TrackPointExtension>
        </extensions>
      </trkpt>
      <trkpt lat="36.93843011744320392608642578125" lon="140.095922537147998809814453125">
        <ele>253.8000030517578125</ele>
        <time>2025-10-23T00:46:10.000Z</time>
        <extensions>
          <ns3:TrackPointExtension>
            <ns3:hr>119</ns3:hr>
          </ns3:TrackPointExtension>
        </extensions>
      </trkpt>
      <trkpt lat="36.93843011744320392608642578125" lon="140.095922537147998809814453125">
        <ele>253.8000030517578125</ele>
        <time>2025-10-23T00:46:12.000Z</time>
        <extensions>
          <ns3:TrackPointExtension>
            <ns3:hr>116</ns3:hr>
          </ns3:TrackPointExtension>
        </extensions>
      </trkpt>
      <trkpt lat="36.93843062035739421844482421875" lon="140.0959233753383159637451171875">
        <ele>253.8000030517578125</ele>
        <time>2025-10-23T00:46:24.000Z</time>
        <extensions>
          <ns3:TrackPointExtension>
            <ns3:hr>113</ns3:hr>
          </ns3:TrackPointExtension>
        </extensions>
      </trkpt>
      <trkpt lat="36.93840430118143558502197265625" lon="140.0959595851600170135498046875">
        <ele>253</ele>
        <time>2025-10-23T00:46:39.000Z</time>
        <extensions>
          <ns3:TrackPointExtension>
            <ns3:hr>110</ns3:hr>
          </ns3:TrackPointExtension>
        </extensions>
      </trkpt>
      <trkpt lat="36.9384285248816013336181640625" lon="140.09607114829123020172119140625">
        <ele>252.8000030517578125</ele>
        <time>2025-10-23T00:46:45.000Z</time>
        <extensions>
          <ns3:TrackPointExtension>
            <ns3:hr>110</ns3:hr>
          </ns3:TrackPointExtension>
        </extensions>
      </trkpt>
      <trkpt lat="36.93847320042550563812255859375" lon="140.096218921244144439697265625">
        <ele>251.8000030517578125</ele>
        <time>2025-10-23T00:46:51.000Z</time>
        <extensions>
          <ns3:TrackPointExtension>
            <ns3:hr>112</ns3:hr>
          </ns3:TrackPointExtension>
        </extensions>
      </trkpt>
      <trkpt lat="36.93850806914269924163818359375" lon="140.0963065959513187408447265625">
        <ele>251.1999969482421875</ele>
        <time>2025-10-23T00:46:56.000Z</time>
        <extensions>
          <ns3:TrackPointExtension>
            <ns3:hr>109</ns3:hr>
          </ns3:TrackPointExtension>
        </extensions>
      </trkpt>
      <trkpt lat="36.9385344721376895904541015625" lon="140.09637792594730854034423828125">
        <ele>250.600006103515625</ele>
        <time>2025-10-23T00:47:01.000Z</time>
        <extensions>
          <ns3:TrackPointExtension>
            <ns3:hr>107</ns3:hr>
          </ns3:TrackPointExtension>
        </extensions>
      </trkpt>
      <trkpt lat="36.93856892175972461700439453125" lon="140.09642587043344974517822265625">
        <ele>250.399993896484375</ele>
        <time>2025-10-23T00:47:05.000Z</time>
        <extensions>
          <ns3:TrackPointExtension>
            <ns3:hr>108</ns3:hr>
          </ns3:TrackPointExtension>
        </extensions>
      </trkpt>
      <trkpt lat="36.93858752958476543426513671875" lon="140.096441544592380523681640625">
        <ele>250.399993896484375</ele>
        <time>2025-10-23T00:47:07.000Z</time>
        <extensions>
          <ns3:TrackPointExtension>
            <ns3:hr>109</ns3:hr>
          </ns3:TrackPointExtension>
        </extensions>
      </trkpt>
      <trkpt lat="36.93864000029861927032470703125" lon="140.09650952182710170745849609375">
        <ele>250.1999969482421875</ele>
        <time>2025-10-23T00:47:14.000Z</time>
        <extensions>
          <ns3:TrackPointExtension>
            <ns3:hr>110</ns3:hr>
          </ns3:TrackPointExtension>
        </extensions>
      </trkpt>
      <trkpt lat="36.93866615183651447296142578125" lon="140.09656299836933612823486328125">
        <ele>250</ele>
        <time>2025-10-23T00:47:19.000Z</time>
        <extensions>
          <ns3:TrackPointExtension>
            <ns3:hr>110</ns3:hr>
          </ns3:TrackPointExtension>
        </extensions>
      </trkpt>
      <trkpt lat="36.93868190981447696685791015625" lon="140.09657464921474456787109375">
        <ele>249.8000030517578125</ele>
        <time>2025-10-23T00:47:21.000Z</time>
        <extensions>
          <ns3:TrackPointExtension>
            <ns3:hr>110</ns3:hr>
          </ns3:TrackPointExtension>
        </extensions>
      </trkpt>
      <trkpt lat="36.93868660368025302886962890625" lon="140.0965842045843601226806640625">
        <ele>249.8000030517578125</ele>
        <time>2025-10-23T00:47:22.000Z</time>
        <extensions>
          <ns3:TrackPointExtension>
            <ns3:hr>110</ns3:hr>
          </ns3:TrackPointExtension>
        </extensions>
      </trkpt>
      <trkpt lat="36.93872029893100261688232421875" lon="140.09661982767283916473388671875">
        <ele>249.600006103515625</ele>
        <time>2025-10-23T00:47:26.000Z</time>
        <extensions>
          <ns3:TrackPointExtension>
            <ns3:hr>110</ns3:hr>
          </ns3:TrackPointExtension>
        </extensions>
      </trkpt>
      <trkpt lat="36.93872884847223758697509765625" lon="140.0966318137943744659423828125">
        <ele>249.399993896484375</ele>
        <time>2025-10-23T00:47:27.000Z</time>
        <extensions>
          <ns3:TrackPointExtension>
            <ns3:hr>110</ns3:hr>
          </ns3:TrackPointExtension>
        </extensions>
      </trkpt>
      <trkpt lat="36.93877997808158397674560546875" lon="140.09671051986515522003173828125">
        <ele>248.600006103515625</ele>
        <time>2025-10-23T00:47:34.000Z</time>
        <extensions>
          <ns3:TrackPointExtension>
            <ns3:hr>110</ns3:hr>
          </ns3:TrackPointExtension>
        </extensions>
      </trkpt>
      <trkpt lat="36.93883496336638927459716796875" lon="140.0967582128942012786865234375">
        <ele>247.8000030517578125</ele>
        <time>2025-10-23T00:47:40.000Z</time>
        <extensions>
          <ns3:TrackPointExtension>
            <ns3:hr>108</ns3:hr>
          </ns3:TrackPointExtension>
        </extensions>
      </trkpt>
      <trkpt lat="36.93885139189660549163818359375" lon="140.09677573107182979583740234375">
        <ele>247.600006103515625</ele>
        <time>2025-10-23T00:47:42.000Z</time>
        <extensions>
          <ns3:TrackPointExtension>
            <ns3:hr>108</ns3:hr>
          </ns3:TrackPointExtension>
        </extensions>
      </trkpt>
      <trkpt lat="36.93886279128491878509521484375" lon="140.0967873819172382354736328125">
        <ele>247.399993896484375</ele>
        <time>2025-10-23T00:47:43.000Z</time>
        <extensions>
          <ns3:TrackPointExtension>
            <ns3:hr>107</ns3:hr>
          </ns3:TrackPointExtension>
        </extensions>
      </trkpt>
      <trkpt lat="36.93890118040144443511962890625" lon="140.09683859534561634063720703125">
        <ele>246.8000030517578125</ele>
        <time>2025-10-23T00:47:47.000Z</time>
        <extensions>
          <ns3:TrackPointExtension>
            <ns3:hr>104</ns3:hr>
          </ns3:TrackPointExtension>
        </extensions>
      </trkpt>
      <trkpt lat="36.93894661031663417816162109375" lon="140.09687882848083972930908203125">
        <ele>246</ele>
        <time>2025-10-23T00:47:50.000Z</time>
        <extensions>
          <ns3:TrackPointExtension>
            <ns3:hr>103</ns3:hr>
          </ns3:TrackPointExtension>
        </extensions>
      </trkpt>
      <trkpt lat="36.93900494836270809173583984375" lon="140.0969218276441097259521484375">
        <ele>245</ele>
        <time>2025-10-23T00:47:56.000Z</time>
        <extensions>
          <ns3:TrackPointExtension>
            <ns3:hr>100</ns3:hr>
          </ns3:TrackPointExtension>
        </extensions>
      </trkpt>
      <trkpt lat="36.9390164315700531005859375" lon="140.0969422794878482818603515625">
        <ele>244.8000030517578125</ele>
        <time>2025-10-23T00:47:58.000Z</time>
        <extensions>
          <ns3:TrackPointExtension>
            <ns3:hr>101</ns3:hr>
          </ns3:TrackPointExtension>
        </extensions>
      </trkpt>
      <trkpt lat="36.93902648985385894775390625" lon="140.09694739244878292083740234375">
        <ele>244.600006103515625</ele>
        <time>2025-10-23T00:47:59.000Z</time>
        <extensions>
          <ns3:TrackPointExtension>
            <ns3:hr>101</ns3:hr>
          </ns3:TrackPointExtension>
        </extensions>
      </trkpt>
      <trkpt lat="36.93903797306120395660400390625" lon="140.0969493202865123748779296875">
        <ele>244.600006103515625</ele>
        <time>2025-10-23T00:48:00.000Z</time>
        <extensions>
          <ns3:TrackPointExtension>
            <ns3:hr>98</ns3:hr>
          </ns3:TrackPointExtension>
        </extensions>
      </trkpt>
      <trkpt lat="36.9390860013663768768310546875" lon="140.09696633554995059967041015625">
        <ele>244</ele>
        <time>2025-10-23T00:48:04.000Z</time>
        <extensions>
          <ns3:TrackPointExtension>
            <ns3:hr>100</ns3:hr>
          </ns3:TrackPointExtension>
        </extensions>
      </trkpt>
      <trkpt lat="36.93919873796403408050537109375" lon="140.0970197282731533050537109375">
        <ele>242.600006103515625</ele>
        <time>2025-10-23T00:48:11.000Z</time>
        <extensions>
          <ns3:TrackPointExtension>
            <ns3:hr>98</ns3:hr>
          </ns3:TrackPointExtension>
        </extensions>
      </trkpt>
      <trkpt lat="36.9393408112227916717529296875" lon="140.09709206409752368927001953125">
        <ele>240.8000030517578125</ele>
        <time>2025-10-23T00:48:23.000Z</time>
        <extensions>
          <ns3:TrackPointExtension>
            <ns3:hr>99</ns3:hr>
          </ns3:TrackPointExtension>
        </extensions>
      </trkpt>
      <trkpt lat="36.9395044259727001190185546875" lon="140.09719868190586566925048828125">
        <ele>240.1999969482421875</ele>
        <time>2025-10-23T00:48:37.000Z</time>
        <extensions>
          <ns3:TrackPointExtension>
            <ns3:hr>98</ns3:hr>
          </ns3:TrackPointExtension>
        </extensions>
      </trkpt>
      <trkpt lat="36.9396469183266162872314453125" lon="140.09730286896228790283203125">
        <ele>240.1999969482421875</ele>
        <time>2025-10-23T00:48:47.000Z</time>
        <extensions>
          <ns3:TrackPointExtension>
            <ns3:hr>99</ns3:hr>
          </ns3:TrackPointExtension>
        </extensions>
      </trkpt>
      <trkpt lat="36.939775161445140838623046875" lon="140.0973670743405818939208984375">
        <ele>240.8000030517578125</ele>
        <time>2025-10-23T00:48:57.000Z</time>
        <extensions>
          <ns3:TrackPointExtension>
            <ns3:hr>99</ns3:hr>
          </ns3:TrackPointExtension>
        </extensions>
      </trkpt>
      <trkpt lat="36.93991161882877349853515625" lon="140.09744745679199695587158203125">
        <ele>241</ele>
        <time>2025-10-23T00:49:08.000Z</time>
        <extensions>
          <ns3:TrackPointExtension>
            <ns3:hr>99</ns3:hr>
          </ns3:TrackPointExtension>
        </extensions>
      </trkpt>
      <trkpt lat="36.94003231823444366455078125" lon="140.0975159369409084320068359375">
        <ele>241</ele>
        <time>2025-10-23T00:49:16.000Z</time>
        <extensions>
          <ns3:TrackPointExtension>
            <ns3:hr>98</ns3:hr>
          </ns3:TrackPointExtension>
        </extensions>
      </trkpt>
      <trkpt lat="36.94012217223644256591796875" lon="140.0975766219198703765869140625">
        <ele>241</ele>
        <time>2025-10-23T00:49:24.000Z</time>
        <extensions>
          <ns3:TrackPointExtension>
            <ns3:hr>95</ns3:hr>
          </ns3:TrackPointExtension>
        </extensions>
      </trkpt>
      <trkpt lat="36.94013047032058238983154296875" lon="140.0975813157856464385986328125">
        <ele>241</ele>
        <time>2025-10-23T00:49:25.000Z</time>
        <extensions>
          <ns3:TrackPointExtension>
            <ns3:hr>95</ns3:hr>
          </ns3:TrackPointExtension>
        </extensions>
      </trkpt>
      <trkpt lat="36.940170116722583770751953125" lon="140.097605288028717041015625">
        <ele>240.600006103515625</ele>
        <time>2025-10-23T00:49:29.000Z</time>
        <extensions>
          <ns3:TrackPointExtension>
            <ns3:hr>92</ns3:hr>
          </ns3:TrackPointExtension>
        </extensions>
      </trkpt>
      <trkpt lat="36.94018922746181488037109375" lon="140.09762632660567760467529296875">
        <ele>240.600006103515625</ele>
        <time>2025-10-23T00:49:34.000Z</time>
        <extensions>
          <ns3:TrackPointExtension>
            <ns3:hr>92</ns3:hr>
          </ns3:TrackPointExtension>
        </extensions>
      </trkpt>
      <trkpt lat="36.94015108980238437652587890625" lon="140.0976768694818019866943359375">
        <ele>240.8000030517578125</ele>
        <time>2025-10-23T00:49:41.000Z</time>
        <extensions>
          <ns3:TrackPointExtension>
            <ns3:hr>94</ns3:hr>
          </ns3:TrackPointExtension>
        </extensions>
      </trkpt>
      <trkpt lat="36.9400837831199169158935546875" lon="140.09775507263839244842529296875">
        <ele>240.600006103515625</ele>
        <time>2025-10-23T00:49:50.000Z</time>
        <extensions>
          <ns3:TrackPointExtension>
            <ns3:hr>96</ns3:hr>
          </ns3:TrackPointExtension>
        </extensions>
      </trkpt>
      <trkpt lat="36.9400893151760101318359375" lon="140.097763203084468841552734375">
        <ele>240.600006103515625</ele>
        <time>2025-10-23T00:49:54.000Z</time>
        <extensions>
          <ns3:TrackPointExtension>
            <ns3:hr>95</ns3:hr>
          </ns3:TrackPointExtension>
        </extensions>
      </trkpt>
      <trkpt lat="36.9400904886424541473388671875" lon="140.097763203084468841552734375">
        <ele>240.600006103515625</ele>
        <time>2025-10-23T00:50:02.000Z</time>
        <extensions>
          <ns3:TrackPointExtension>
            <ns3:hr>94</ns3:hr>
          </ns3:TrackPointExtension>
        </extensions>
      </trkpt>
      <trkpt lat="36.9400904886424541473388671875" lon="140.09776378981769084930419921875">
        <ele>240.600006103515625</ele>
        <time>2025-10-23T00:50:07.000Z</time>
        <extensions>
          <ns3:TrackPointExtension>
            <ns3:hr>91</ns3:hr>
          </ns3:TrackPointExtension>
        </extensions>
      </trkpt>
      <trkpt lat="36.94012560881674289703369140625" lon="140.09781810455024242401123046875">
        <ele>240.399993896484375</ele>
        <time>2025-10-23T00:50:21.000Z</time>
        <extensions>
          <ns3:TrackPointExtension>
            <ns3:hr>92</ns3:hr>
          </ns3:TrackPointExtension>
        </extensions>
      </trkpt>
      <trkpt lat="36.9401709549129009246826171875" lon="140.09788624942302703857421875">
        <ele>240</ele>
        <time>2025-10-23T00:50:24.000Z</time>
        <extensions>
          <ns3:TrackPointExtension>
            <ns3:hr>95</ns3:hr>
          </ns3:TrackPointExtension>
        </extensions>
      </trkpt>
      <trkpt lat="36.940188221633434295654296875" lon="140.097901336848735809326171875">
        <ele>240</ele>
        <time>2025-10-23T00:50:25.000Z</time>
        <extensions>
          <ns3:TrackPointExtension>
            <ns3:hr>98</ns3:hr>
          </ns3:TrackPointExtension>
        </extensions>
      </trkpt>
      <trkpt lat="36.9402413628995418548583984375" lon="140.09792958386242389678955078125">
        <ele>239.600006103515625</ele>
        <time>2025-10-23T00:50:28.000Z</time>
        <extensions>
          <ns3:TrackPointExtension>
            <ns3:hr>97</ns3:hr>
          </ns3:TrackPointExtension>
        </extensions>
      </trkpt>
      <trkpt lat="36.9402537681162357330322265625" lon="140.097930841147899627685546875">
        <ele>239.600006103515625</ele>
        <time>2025-10-23T00:50:29.000Z</time>
        <extensions>
          <ns3:TrackPointExtension>
            <ns3:hr>101</ns3:hr>
          </ns3:TrackPointExtension>
        </extensions>
      </trkpt>
      <trkpt lat="36.9402819313108921051025390625" lon="140.0979373790323734283447265625">
        <ele>239.399993896484375</ele>
        <time>2025-10-23T00:50:31.000Z</time>
        <extensions>
          <ns3:TrackPointExtension>
            <ns3:hr>105</ns3:hr>
          </ns3:TrackPointExtension>
        </extensions>
      </trkpt>
      <trkpt lat="36.94031587801873683929443359375" lon="140.0979561544954776763916015625">
        <ele>239.1999969482421875</ele>
        <time>2025-10-23T00:50:33.000Z</time>
        <extensions>
          <ns3:TrackPointExtension>
            <ns3:hr>108</ns3:hr>
          </ns3:TrackPointExtension>
        </extensions>
      </trkpt>
      <trkpt lat="36.94034705869853496551513671875" lon="140.09798339568078517913818359375">
        <ele>239</ele>
        <time>2025-10-23T00:50:35.000Z</time>
        <extensions>
          <ns3:TrackPointExtension>
            <ns3:hr>111</ns3:hr>
          </ns3:TrackPointExtension>
        </extensions>
      </trkpt>
      <trkpt lat="36.94036222994327545166015625" lon="140.09799798019230365753173828125">
        <ele>239</ele>
        <time>2025-10-23T00:50:36.000Z</time>
        <extensions>
          <ns3:TrackPointExtension>
            <ns3:hr>110</ns3:hr>
          </ns3:TrackPointExtension>
        </extensions>
      </trkpt>
      <trkpt lat="36.94045367650687694549560546875" lon="140.09808498434722423553466796875">
        <ele>238.399993896484375</ele>
        <time>2025-10-23T00:50:42.000Z</time>
        <extensions>
          <ns3:TrackPointExtension>
            <ns3:hr>113</ns3:hr>
          </ns3:TrackPointExtension>
        </extensions>
      </trkpt>
      <trkpt lat="36.94051184691488742828369140625" lon="140.09815002791583538055419921875">
        <ele>238.1999969482421875</ele>
        <time>2025-10-23T00:50:46.000Z</time>
        <extensions>
          <ns3:TrackPointExtension>
            <ns3:hr>115</ns3:hr>
          </ns3:TrackPointExtension>
        </extensions>
      </trkpt>
      <trkpt lat="36.9405560195446014404296875" lon="140.09819964878261089324951171875">
        <ele>238</ele>
        <time>2025-10-23T00:50:49.000Z</time>
        <extensions>
          <ns3:TrackPointExtension>
            <ns3:hr>118</ns3:hr>
          </ns3:TrackPointExtension>
        </extensions>
      </trkpt>
      <trkpt lat="36.94060203619301319122314453125" lon="140.0982595793902873992919921875">
        <ele>238</ele>
        <time>2025-10-23T00:50:53.000Z</time>
        <extensions>
          <ns3:TrackPointExtension>
            <ns3:hr>120</ns3:hr>
          </ns3:TrackPointExtension>
        </extensions>
      </trkpt>
      <trkpt lat="36.94070027209818363189697265625" lon="140.09836879558861255645751953125">
        <ele>238</ele>
        <time>2025-10-23T00:51:00.000Z</time>
        <extensions>
          <ns3:TrackPointExtension>
            <ns3:hr>122</ns3:hr>
          </ns3:TrackPointExtension>
        </extensions>
      </trkpt>
      <trkpt lat="36.9408267550170421600341796875" lon="140.09848278947174549102783203125">
        <ele>238</ele>
        <time>2025-10-23T00:51:08.000Z</time>
        <extensions>
          <ns3:TrackPointExtension>
            <ns3:hr>119</ns3:hr>
          </ns3:TrackPointExtension>
        </extensions>
      </trkpt>
      <trkpt lat="36.94091585464775562286376953125" lon="140.09856493212282657623291015625">
        <ele>238</ele>
        <time>2025-10-23T00:51:14.000Z</time>
        <extensions>
          <ns3:TrackPointExtension>
            <ns3:hr>119</ns3:hr>
          </ns3:TrackPointExtension>
        </extensions>
      </trkpt>
      <trkpt lat="36.9410240650177001953125" lon="140.0986682809889316558837890625">
        <ele>238</ele>
        <time>2025-10-23T00:51:21.000Z</time>
        <extensions>
          <ns3:TrackPointExtension>
            <ns3:hr>119</ns3:hr>
          </ns3:TrackPointExtension>
        </extensions>
      </trkpt>
      <trkpt lat="36.9411308504641056060791015625" lon="140.0987960211932659149169921875">
        <ele>238</ele>
        <time>2025-10-23T00:51:29.000Z</time>
        <extensions>
          <ns3:TrackPointExtension>
            <ns3:hr>120</ns3:hr>
          </ns3:TrackPointExtension>
        </extensions>
      </trkpt>
      <trkpt lat="36.94124124012887477874755859375" lon="140.0989629887044429779052734375">
        <ele>238</ele>
        <time>2025-10-23T00:51:38.000Z</time>
        <extensions>
          <ns3:TrackPointExtension>
            <ns3:hr>121</ns3:hr>
          </ns3:TrackPointExtension>
        </extensions>
      </trkpt>
      <trkpt lat="36.9413487799465656280517578125" lon="140.09912408888339996337890625">
        <ele>238.399993896484375</ele>
        <time>2025-10-23T00:51:47.000Z</time>
        <extensions>
          <ns3:TrackPointExtension>
            <ns3:hr>124</ns3:hr>
          </ns3:TrackPointExtension>
        </extensions>
      </trkpt>
      <trkpt lat="36.94136193953454494476318359375" lon="140.099142529070377349853515625">
        <ele>238.399993896484375</ele>
        <time>2025-10-23T00:51:48.000Z</time>
        <extensions>
          <ns3:TrackPointExtension>
            <ns3:hr>124</ns3:hr>
          </ns3:TrackPointExtension>
        </extensions>
      </trkpt>
      <trkpt lat="36.9414292462170124053955078125" lon="140.09925157763063907623291015625">
        <ele>238.8000030517578125</ele>
        <time>2025-10-23T00:51:54.000Z</time>
        <extensions>
          <ns3:TrackPointExtension>
            <ns3:hr>127</ns3:hr>
          </ns3:TrackPointExtension>
        </extensions>
      </trkpt>
      <trkpt lat="36.94146436639130115509033203125" lon="140.09930941276252269744873046875">
        <ele>238.8000030517578125</ele>
        <time>2025-10-23T00:51:57.000Z</time>
        <extensions>
          <ns3:TrackPointExtension>
            <ns3:hr>126</ns3:hr>
          </ns3:TrackPointExtension>
        </extensions>
      </trkpt>
      <trkpt lat="36.94157349877059459686279296875" lon="140.09948643855750560760498046875">
        <ele>238.8000030517578125</ele>
        <time>2025-10-23T00:52:06.000Z</time>
        <extensions>
          <ns3:TrackPointExtension>
            <ns3:hr>125</ns3:hr>
          </ns3:TrackPointExtension>
        </extensions>
      </trkpt>
      <trkpt lat="36.941635273396968841552734375" lon="140.09957469999790191650390625">
        <ele>238.600006103515625</ele>
        <time>2025-10-23T00:52:11.000Z</time>
        <extensions>
          <ns3:TrackPointExtension>
            <ns3:hr>128</ns3:hr>
          </ns3:TrackPointExtension>
        </extensions>
      </trkpt>
      <trkpt lat="36.941662095487117767333984375" lon="140.099608898162841796875">
        <ele>238.399993896484375</ele>
        <time>2025-10-23T00:52:13.000Z</time>
        <extensions>
          <ns3:TrackPointExtension>
            <ns3:hr>129</ns3:hr>
          </ns3:TrackPointExtension>
        </extensions>
      </trkpt>
      <trkpt lat="36.94174197502434253692626953125" lon="140.09974141605198383331298828125">
        <ele>238.600006103515625</ele>
        <time>2025-10-23T00:52:20.000Z</time>
        <extensions>
          <ns3:TrackPointExtension>
            <ns3:hr>129</ns3:hr>
          </ns3:TrackPointExtension>
        </extensions>
      </trkpt>
      <trkpt lat="36.94180651567876338958740234375" lon="140.0998516380786895751953125">
        <ele>238.8000030517578125</ele>
        <time>2025-10-23T00:52:26.000Z</time>
        <extensions>
          <ns3:TrackPointExtension>
            <ns3:hr>130</ns3:hr>
          </ns3:TrackPointExtension>
        </extensions>
      </trkpt>
      <trkpt lat="36.9418944418430328369140625" lon="140.0999892689287662506103515625">
        <ele>238.600006103515625</ele>
        <time>2025-10-23T00:52:34.000Z</time>
        <extensions>
          <ns3:TrackPointExtension>
            <ns3:hr>131</ns3:hr>
          </ns3:TrackPointExtension>
        </extensions>
      </trkpt>
      <trkpt lat="36.9419053383171558380126953125" lon="140.1000070385634899139404296875">
        <ele>238.600006103515625</ele>
        <time>2025-10-23T00:52:35.000Z</time>
        <extensions>
          <ns3:TrackPointExtension>
            <ns3:hr>134</ns3:hr>
          </ns3:TrackPointExtension>
        </extensions>
      </trkpt>
      <trkpt lat="36.94191833026707172393798828125" lon="140.100025646388530731201171875">
        <ele>238.600006103515625</ele>
        <time>2025-10-23T00:52:36.000Z</time>
        <extensions>
          <ns3:TrackPointExtension>
            <ns3:hr>131</ns3:hr>
          </ns3:TrackPointExtension>
        </extensions>
      </trkpt>
      <trkpt lat="36.94199125282466411590576171875" lon="140.10014860890805721282958984375">
        <ele>238</ele>
        <time>2025-10-23T00:52:43.000Z</time>
        <extensions>
          <ns3:TrackPointExtension>
            <ns3:hr>132</ns3:hr>
          </ns3:TrackPointExtension>
        </extensions>
      </trkpt>
      <trkpt lat="36.94206082262098789215087890625" lon="140.10029344819486141204833984375">
        <ele>237.600006103515625</ele>
        <time>2025-10-23T00:52:51.000Z</time>
        <extensions>
          <ns3:TrackPointExtension>
            <ns3:hr>130</ns3:hr>
          </ns3:TrackPointExtension>
        </extensions>
      </trkpt>
      <trkpt lat="36.94214665330946445465087890625" lon="140.10044465772807598114013671875">
        <ele>237</ele>
        <time>2025-10-23T00:52:59.000Z</time>
        <extensions>
          <ns3:TrackPointExtension>
            <ns3:hr>131</ns3:hr>
          </ns3:TrackPointExtension>
        </extensions>
      </trkpt>
      <trkpt lat="36.94223307073116302490234375" lon="140.10056116618216037750244140625">
        <ele>237</ele>
        <time>2025-10-23T00:53:06.000Z</time>
        <extensions>
          <ns3:TrackPointExtension>
            <ns3:hr>131</ns3:hr>
          </ns3:TrackPointExtension>
        </extensions>
      </trkpt>
      <trkpt lat="36.94232820533215999603271484375" lon="140.1006772555410861968994140625">
        <ele>237</ele>
        <time>2025-10-23T00:53:13.000Z</time>
        <extensions>
          <ns3:TrackPointExtension>
            <ns3:hr>131</ns3:hr>
          </ns3:TrackPointExtension>
        </extensions>
      </trkpt>
      <trkpt lat="36.9423948414623737335205078125" lon="140.10083575733006000518798828125">
        <ele>236.600006103515625</ele>
        <time>2025-10-23T00:53:21.000Z</time>
        <extensions>
          <ns3:TrackPointExtension>
            <ns3:hr>132</ns3:hr>
          </ns3:TrackPointExtension>
        </extensions>
      </trkpt>
      <trkpt lat="36.94243800826370716094970703125" lon="140.10094262659549713134765625">
        <ele>236</ele>
        <time>2025-10-23T00:53:28.000Z</time>
        <extensions>
          <ns3:TrackPointExtension>
            <ns3:hr>130</ns3:hr>
          </ns3:TrackPointExtension>
        </extensions>
      </trkpt>
      <trkpt lat="36.9424749724566936492919921875" lon="140.1010061614215373992919921875">
        <ele>236</ele>
        <time>2025-10-23T00:53:36.000Z</time>
        <extensions>
          <ns3:TrackPointExtension>
            <ns3:hr>130</ns3:hr>
          </ns3:TrackPointExtension>
        </extensions>
      </trkpt>
      <trkpt lat="36.94248645566403865814208984375" lon="140.1010410301387310028076171875">
        <ele>235.8000030517578125</ele>
        <time>2025-10-23T00:53:39.000Z</time>
        <extensions>
          <ns3:TrackPointExtension>
            <ns3:hr>127</ns3:hr>
          </ns3:TrackPointExtension>
        </extensions>
      </trkpt>
      <trkpt lat="36.9425033032894134521484375" lon="140.10109676979482173919677734375">
        <ele>235.8000030517578125</ele>
        <time>2025-10-23T00:53:42.000Z</time>
        <extensions>
          <ns3:TrackPointExtension>
            <ns3:hr>126</ns3:hr>
          </ns3:TrackPointExtension>
        </extensions>
      </trkpt>
      <trkpt lat="36.9425500743091106414794921875" lon="140.1012136973440647125244140625">
        <ele>235.8000030517578125</ele>
        <time>2025-10-23T00:53:48.000Z</time>
        <extensions>
          <ns3:TrackPointExtension>
            <ns3:hr>123</ns3:hr>
          </ns3:TrackPointExtension>
        </extensions>
      </trkpt>
      <trkpt lat="36.94256566464900970458984375" lon="140.10125384666025638580322265625">
        <ele>235.8000030517578125</ele>
        <time>2025-10-23T00:53:50.000Z</time>
        <extensions>
          <ns3:TrackPointExtension>
            <ns3:hr>123</ns3:hr>
          </ns3:TrackPointExtension>
        </extensions>
      </trkpt>
      <trkpt lat="36.942641437053680419921875" lon="140.10143883526325225830078125">
        <ele>236.1999969482421875</ele>
        <time>2025-10-23T00:54:00.000Z</time>
        <extensions>
          <ns3:TrackPointExtension>
            <ns3:hr>126</ns3:hr>
          </ns3:TrackPointExtension>
        </extensions>
      </trkpt>
      <trkpt lat="36.9426466338336467742919921875" lon="140.10145668871700763702392578125">
        <ele>236.1999969482421875</ele>
        <time>2025-10-23T00:54:01.000Z</time>
        <extensions>
          <ns3:TrackPointExtension>
            <ns3:hr>125</ns3:hr>
          </ns3:TrackPointExtension>
        </extensions>
      </trkpt>
      <trkpt lat="36.94269977509975433349609375" lon="140.101588033139705657958984375">
        <ele>236.399993896484375</ele>
        <time>2025-10-23T00:54:08.000Z</time>
        <extensions>
          <ns3:TrackPointExtension>
            <ns3:hr>127</ns3:hr>
          </ns3:TrackPointExtension>
        </extensions>
      </trkpt>
      <trkpt lat="36.942775882780551910400390625" lon="140.10173815302550792694091796875">
        <ele>236.600006103515625</ele>
        <time>2025-10-23T00:54:16.000Z</time>
        <extensions>
          <ns3:TrackPointExtension>
            <ns3:hr>126</ns3:hr>
          </ns3:TrackPointExtension>
        </extensions>
      </trkpt>
      <trkpt lat="36.9428447820246219635009765625" lon="140.10190009139478206634521484375">
        <ele>236.8000030517578125</ele>
        <time>2025-10-23T00:54:24.000Z</time>
        <extensions>
          <ns3:TrackPointExtension>
            <ns3:hr>124</ns3:hr>
          </ns3:TrackPointExtension>
        </extensions>
      </trkpt>
      <trkpt lat="36.9429175369441509246826171875" lon="140.10206303559243679046630859375">
        <ele>237</ele>
        <time>2025-10-23T00:54:32.000Z</time>
        <extensions>
          <ns3:TrackPointExtension>
            <ns3:hr>125</ns3:hr>
          </ns3:TrackPointExtension>
        </extensions>
      </trkpt>
      <trkpt lat="36.9429959915578365325927734375" lon="140.102245174348354339599609375">
        <ele>237</ele>
        <time>2025-10-23T00:54:41.000Z</time>
        <extensions>
          <ns3:TrackPointExtension>
            <ns3:hr>126</ns3:hr>
          </ns3:TrackPointExtension>
        </extensions>
      </trkpt>
      <trkpt lat="36.9430878572165966033935546875" lon="140.102431587874889373779296875">
        <ele>236.8000030517578125</ele>
        <time>2025-10-23T00:54:50.000Z</time>
        <extensions>
          <ns3:TrackPointExtension>
            <ns3:hr>127</ns3:hr>
          </ns3:TrackPointExtension>
        </extensions>
      </trkpt>
      <trkpt lat="36.94313622079789638519287109375" lon="140.1025380380451679229736328125">
        <ele>236.399993896484375</ele>
        <time>2025-10-23T00:54:55.000Z</time>
        <extensions>
          <ns3:TrackPointExtension>
            <ns3:hr>130</ns3:hr>
          </ns3:TrackPointExtension>
        </extensions>
      </trkpt>
      <trkpt lat="36.94314770400524139404296875" lon="140.10257550515234470367431640625">
        <ele>236.399993896484375</ele>
        <time>2025-10-23T00:54:57.000Z</time>
        <extensions>
          <ns3:TrackPointExtension>
            <ns3:hr>128</ns3:hr>
          </ns3:TrackPointExtension>
        </extensions>
      </trkpt>
      <trkpt lat="36.943237222731113433837890625" lon="140.1027779281139373779296875">
        <ele>236</ele>
        <time>2025-10-23T00:55:07.000Z</time>
        <extensions>
          <ns3:TrackPointExtension>
            <ns3:hr>128</ns3:hr>
          </ns3:TrackPointExtension>
        </extensions>
      </trkpt>
      <trkpt lat="36.94331911392509937286376953125" lon="140.10293039493262767791748046875">
        <ele>236</ele>
        <time>2025-10-23T00:55:15.000Z</time>
        <extensions>
          <ns3:TrackPointExtension>
            <ns3:hr>128</ns3:hr>
          </ns3:TrackPointExtension>
        </extensions>
      </trkpt>
      <trkpt lat="36.9433932937681674957275390625" lon="140.103134997189044952392578125">
        <ele>236.600006103515625</ele>
        <time>2025-10-23T00:55:25.000Z</time>
        <extensions>
          <ns3:TrackPointExtension>
            <ns3:hr>127</ns3:hr>
          </ns3:TrackPointExtension>
        </extensions>
      </trkpt>
      <trkpt lat="36.94345473311841487884521484375" lon="140.1032451353967189788818359375">
        <ele>237</ele>
        <time>2025-10-23T00:55:31.000Z</time>
        <extensions>
          <ns3:TrackPointExtension>
            <ns3:hr>127</ns3:hr>
          </ns3:TrackPointExtension>
        </extensions>
      </trkpt>
      <trkpt lat="36.9435270689427852630615234375" lon="140.1034121029078960418701171875">
        <ele>237.600006103515625</ele>
        <time>2025-10-23T00:55:40.000Z</time>
        <extensions>
          <ns3:TrackPointExtension>
            <ns3:hr>128</ns3:hr>
          </ns3:TrackPointExtension>
        </extensions>
      </trkpt>
      <trkpt lat="36.9435763545334339141845703125" lon="140.10352618061006069183349609375">
        <ele>238</ele>
        <time>2025-10-23T00:55:47.000Z</time>
        <extensions>
          <ns3:TrackPointExtension>
            <ns3:hr>128</ns3:hr>
          </ns3:TrackPointExtension>
        </extensions>
      </trkpt>
      <trkpt lat="36.943614743649959564208984375" lon="140.1036022044718265533447265625">
        <ele>238</ele>
        <time>2025-10-23T00:55:51.000Z</time>
        <extensions>
          <ns3:TrackPointExtension>
            <ns3:hr>127</ns3:hr>
          </ns3:TrackPointExtension>
        </extensions>
      </trkpt>
      <trkpt lat="36.9436544738709926605224609375" lon="140.103674791753292083740234375">
        <ele>238</ele>
        <time>2025-10-23T00:55:55.000Z</time>
        <extensions>
          <ns3:TrackPointExtension>
            <ns3:hr>127</ns3:hr>
          </ns3:TrackPointExtension>
        </extensions>
      </trkpt>
      <trkpt lat="36.9437312521040439605712890625" lon="140.10380362160503864288330078125">
        <ele>238</ele>
        <time>2025-10-23T00:56:04.000Z</time>
        <extensions>
          <ns3:TrackPointExtension>
            <ns3:hr>127</ns3:hr>
          </ns3:TrackPointExtension>
        </extensions>
      </trkpt>
      <trkpt lat="36.94378548301756381988525390625" lon="140.1037929765880107879638671875">
        <ele>237.600006103515625</ele>
        <time>2025-10-23T00:56:10.000Z</time>
        <extensions>
          <ns3:TrackPointExtension>
            <ns3:hr>127</ns3:hr>
          </ns3:TrackPointExtension>
        </extensions>
      </trkpt>
      <trkpt lat="36.94385312497615814208984375" lon="140.1037470437586307525634765625">
        <ele>237.1999969482421875</ele>
        <time>2025-10-23T00:56:14.000Z</time>
        <extensions>
          <ns3:TrackPointExtension>
            <ns3:hr>124</ns3:hr>
          </ns3:TrackPointExtension>
        </extensions>
      </trkpt>
      <trkpt lat="36.94389008916914463043212890625" lon="140.103726089000701904296875">
        <ele>236.8000030517578125</ele>
        <time>2025-10-23T00:56:16.000Z</time>
        <extensions>
          <ns3:TrackPointExtension>
            <ns3:hr>123</ns3:hr>
          </ns3:TrackPointExtension>
        </extensions>
      </trkpt>
      <trkpt lat="36.94403392262756824493408203125" lon="140.1036296971142292022705078125">
        <ele>235.8000030517578125</ele>
        <time>2025-10-23T00:56:26.000Z</time>
        <extensions>
          <ns3:TrackPointExtension>
            <ns3:hr>124</ns3:hr>
          </ns3:TrackPointExtension>
        </extensions>
      </trkpt>
      <trkpt lat="36.9440702162683010101318359375" lon="140.1036779768764972686767578125">
        <ele>235.600006103515625</ele>
        <time>2025-10-23T00:56:30.000Z</time>
        <extensions>
          <ns3:TrackPointExtension>
            <ns3:hr>125</ns3:hr>
          </ns3:TrackPointExtension>
        </extensions>
      </trkpt>
      <trkpt lat="36.9441003911197185516357421875" lon="140.10368308983743190765380859375">
        <ele>235.399993896484375</ele>
        <time>2025-10-23T00:56:35.000Z</time>
        <extensions>
          <ns3:TrackPointExtension>
            <ns3:hr>125</ns3:hr>
          </ns3:TrackPointExtension>
        </extensions>
      </trkpt>
      <trkpt lat="36.94412008859217166900634765625" lon="140.10367588140070438385009765625">
        <ele>235.1999969482421875</ele>
        <time>2025-10-23T00:56:36.000Z</time>
        <extensions>
          <ns3:TrackPointExtension>
            <ns3:hr>125</ns3:hr>
          </ns3:TrackPointExtension>
        </extensions>
      </trkpt>
      <trkpt lat="36.94415621459484100341796875" lon="140.1036608777940273284912109375">
        <ele>235</ele>
        <time>2025-10-23T00:56:38.000Z</time>
        <extensions>
          <ns3:TrackPointExtension>
            <ns3:hr>122</ns3:hr>
          </ns3:TrackPointExtension>
        </extensions>
      </trkpt>
      <trkpt lat="36.9441922567784786224365234375" lon="140.1036642305552959442138671875">
        <ele>234.8000030517578125</ele>
        <time>2025-10-23T00:56:40.000Z</time>
        <extensions>
          <ns3:TrackPointExtension>
            <ns3:hr>121</ns3:hr>
          </ns3:TrackPointExtension>
        </extensions>
      </trkpt>
      <trkpt lat="36.944222263991832733154296875" lon="140.10369197465479373931884765625">
        <ele>234.600006103515625</ele>
        <time>2025-10-23T00:56:42.000Z</time>
        <extensions>
          <ns3:TrackPointExtension>
            <ns3:hr>121</ns3:hr>
          </ns3:TrackPointExtension>
        </extensions>
      </trkpt>
      <trkpt lat="36.94427247159183025360107421875" lon="140.1037688367068767547607421875">
        <ele>234.1999969482421875</ele>
        <time>2025-10-23T00:56:46.000Z</time>
        <extensions>
          <ns3:TrackPointExtension>
            <ns3:hr>123</ns3:hr>
          </ns3:TrackPointExtension>
        </extensions>
      </trkpt>
      <trkpt lat="36.944298036396503448486328125" lon="140.1038070581853389739990234375">
        <ele>233.8000030517578125</ele>
        <time>2025-10-23T00:56:48.000Z</time>
        <extensions>
          <ns3:TrackPointExtension>
            <ns3:hr>123</ns3:hr>
          </ns3:TrackPointExtension>
        </extensions>
      </trkpt>
      <trkpt lat="36.9443813525140285491943359375" lon="140.1039636321365833282470703125">
        <ele>231.600006103515625</ele>
        <time>2025-10-23T00:56:56.000Z</time>
        <extensions>
          <ns3:TrackPointExtension>
            <ns3:hr>124</ns3:hr>
          </ns3:TrackPointExtension>
        </extensions>
      </trkpt>
      <trkpt lat="36.94444446824491024017333984375" lon="140.10404787026345729827880859375">
        <ele>230.399993896484375</ele>
        <time>2025-10-23T00:57:01.000Z</time>
        <extensions>
          <ns3:TrackPointExtension>
            <ns3:hr>124</ns3:hr>
          </ns3:TrackPointExtension>
        </extensions>
      </trkpt>
      <trkpt lat="36.944547481834888458251953125" lon="140.1042412407696247100830078125">
        <ele>228.600006103515625</ele>
        <time>2025-10-23T00:57:11.000Z</time>
        <extensions>
          <ns3:TrackPointExtension>
            <ns3:hr>125</ns3:hr>
          </ns3:TrackPointExtension>
        </extensions>
      </trkpt>
      <trkpt lat="36.944556534290313720703125" lon="140.104260183870792388916015625">
        <ele>228.399993896484375</ele>
        <time>2025-10-23T00:57:12.000Z</time>
        <extensions>
          <ns3:TrackPointExtension>
            <ns3:hr>125</ns3:hr>
          </ns3:TrackPointExtension>
        </extensions>
      </trkpt>
      <trkpt lat="36.94463741965591907501220703125" lon="140.104425810277462005615234375">
        <ele>228.1999969482421875</ele>
        <time>2025-10-23T00:57:21.000Z</time>
        <extensions>
          <ns3:TrackPointExtension>
            <ns3:hr>125</ns3:hr>
          </ns3:TrackPointExtension>
        </extensions>
      </trkpt>
      <trkpt lat="36.94471218623220920562744140625" lon="140.10457098484039306640625">
        <ele>228.600006103515625</ele>
        <time>2025-10-23T00:57:29.000Z</time>
        <extensions>
          <ns3:TrackPointExtension>
            <ns3:hr>125</ns3:hr>
          </ns3:TrackPointExtension>
        </extensions>
      </trkpt>
      <trkpt lat="36.94480556063354015350341796875" lon="140.10473049245774745941162109375">
        <ele>230.1999969482421875</ele>
        <time>2025-10-23T00:57:37.000Z</time>
        <extensions>
          <ns3:TrackPointExtension>
            <ns3:hr>127</ns3:hr>
          </ns3:TrackPointExtension>
        </extensions>
      </trkpt>
      <trkpt lat="36.94486976601183414459228515625" lon="140.10486426763236522674560546875">
        <ele>231.8000030517578125</ele>
        <time>2025-10-23T00:57:44.000Z</time>
        <extensions>
          <ns3:TrackPointExtension>
            <ns3:hr>128</ns3:hr>
          </ns3:TrackPointExtension>
        </extensions>
      </trkpt>
      <trkpt lat="36.9449506513774394989013671875" lon="140.10501279495656490325927734375">
        <ele>233.1999969482421875</ele>
        <time>2025-10-23T00:57:52.000Z</time>
        <extensions>
          <ns3:TrackPointExtension>
            <ns3:hr>129</ns3:hr>
          </ns3:TrackPointExtension>
        </extensions>
      </trkpt>
      <trkpt lat="36.94500857032835483551025390625" lon="140.1051029004156589508056640625">
        <ele>234.1999969482421875</ele>
        <time>2025-10-23T00:57:58.000Z</time>
        <extensions>
          <ns3:TrackPointExtension>
            <ns3:hr>130</ns3:hr>
          </ns3:TrackPointExtension>
        </extensions>
      </trkpt>
      <trkpt lat="36.94502952508628368377685546875" lon="140.105131231248378753662109375">
        <ele>234.399993896484375</ele>
        <time>2025-10-23T00:58:00.000Z</time>
        <extensions>
          <ns3:TrackPointExtension>
            <ns3:hr>126</ns3:hr>
          </ns3:TrackPointExtension>
        </extensions>
      </trkpt>
      <trkpt lat="36.94504260085523128509521484375" lon="140.10514606721699237823486328125">
        <ele>234.600006103515625</ele>
        <time>2025-10-23T00:58:01.000Z</time>
        <extensions>
          <ns3:TrackPointExtension>
            <ns3:hr>130</ns3:hr>
          </ns3:TrackPointExtension>
        </extensions>
      </trkpt>
      <trkpt lat="36.94507076404988765716552734375" lon="140.10519099421799182891845703125">
        <ele>234.8000030517578125</ele>
        <time>2025-10-23T00:58:04.000Z</time>
        <extensions>
          <ns3:TrackPointExtension>
            <ns3:hr>131</ns3:hr>
          </ns3:TrackPointExtension>
        </extensions>
      </trkpt>
      <trkpt lat="36.94512784481048583984375" lon="140.1053181476891040802001953125">
        <ele>235.600006103515625</ele>
        <time>2025-10-23T00:58:11.000Z</time>
        <extensions>
          <ns3:TrackPointExtension>
            <ns3:hr>132</ns3:hr>
          </ns3:TrackPointExtension>
        </extensions>
      </trkpt>
      <trkpt lat="36.94522800855338573455810546875" lon="140.1054603047668933868408203125">
        <ele>236.1999969482421875</ele>
        <time>2025-10-23T00:58:19.000Z</time>
        <extensions>
          <ns3:TrackPointExtension>
            <ns3:hr>133</ns3:hr>
          </ns3:TrackPointExtension>
        </extensions>
      </trkpt>
      <trkpt lat="36.94523924030363559722900390625" lon="140.1054596342146396636962890625">
        <ele>236.1999969482421875</ele>
        <time>2025-10-23T00:58:20.000Z</time>
        <extensions>
          <ns3:TrackPointExtension>
            <ns3:hr>133</ns3:hr>
          </ns3:TrackPointExtension>
        </extensions>
      </trkpt>
      <trkpt lat="36.94529120810329914093017578125" lon="140.1054304651916027069091796875">
        <ele>236</ele>
        <time>2025-10-23T00:58:24.000Z</time>
        <extensions>
          <ns3:TrackPointExtension>
            <ns3:hr>133</ns3:hr>
          </ns3:TrackPointExtension>
        </extensions>
      </trkpt>
      <trkpt lat="36.9454609416425228118896484375" lon="140.1053013838827610015869140625">
        <ele>236.399993896484375</ele>
        <time>2025-10-23T00:58:35.000Z</time>
        <extensions>
          <ns3:TrackPointExtension>
            <ns3:hr>135</ns3:hr>
          </ns3:TrackPointExtension>
        </extensions>
      </trkpt>
      <trkpt lat="36.94555322639644145965576171875" lon="140.10523692704737186431884765625">
        <ele>236.399993896484375</ele>
        <time>2025-10-23T00:58:41.000Z</time>
        <extensions>
          <ns3:TrackPointExtension>
            <ns3:hr>136</ns3:hr>
          </ns3:TrackPointExtension>
        </extensions>
      </trkpt>
      <trkpt lat="36.94560335017740726470947265625" lon="140.10524564422667026519775390625">
        <ele>236.600006103515625</ele>
        <time>2025-10-23T00:58:44.000Z</time>
        <extensions>
          <ns3:TrackPointExtension>
            <ns3:hr>136</ns3:hr>
          </ns3:TrackPointExtension>
        </extensions>
      </trkpt>
      <trkpt lat="36.9456503726541996002197265625" lon="140.1052534393966197967529296875">
        <ele>236.600006103515625</ele>
        <time>2025-10-23T00:58:47.000Z</time>
        <extensions>
          <ns3:TrackPointExtension>
            <ns3:hr>136</ns3:hr>
          </ns3:TrackPointExtension>
        </extensions>
      </trkpt>
      <trkpt lat="36.94569488056004047393798828125" lon="140.1052209176123142242431640625">
        <ele>236.600006103515625</ele>
        <time>2025-10-23T00:58:50.000Z</time>
        <extensions>
          <ns3:TrackPointExtension>
            <ns3:hr>136</ns3:hr>
          </ns3:TrackPointExtension>
        </extensions>
      </trkpt>
      <trkpt lat="36.9458136521279811859130859375" lon="140.10513148270547389984130859375">
        <ele>237.399993896484375</ele>
        <time>2025-10-23T00:58:58.000Z</time>
        <extensions>
          <ns3:TrackPointExtension>
            <ns3:hr>136</ns3:hr>
          </ns3:TrackPointExtension>
        </extensions>
      </trkpt>
      <trkpt lat="36.94594449363648891448974609375" lon="140.10503676719963550567626953125">
        <ele>238.399993896484375</ele>
        <time>2025-10-23T00:59:07.000Z</time>
        <extensions>
          <ns3:TrackPointExtension>
            <ns3:hr>136</ns3:hr>
          </ns3:TrackPointExtension>
        </extensions>
      </trkpt>
      <trkpt lat="36.94606519304215908050537109375" lon="140.10496786795556545257568359375">
        <ele>239.8000030517578125</ele>
        <time>2025-10-23T00:59:15.000Z</time>
        <extensions>
          <ns3:TrackPointExtension>
            <ns3:hr>135</ns3:hr>
          </ns3:TrackPointExtension>
        </extensions>
      </trkpt>
      <trkpt lat="36.94615588523447513580322265625" lon="140.10489997453987598419189453125">
        <ele>240.1999969482421875</ele>
        <time>2025-10-23T00:59:22.000Z</time>
        <extensions>
          <ns3:TrackPointExtension>
            <ns3:hr>134</ns3:hr>
          </ns3:TrackPointExtension>
        </extensions>
      </trkpt>
      <trkpt lat="36.94631815887987613677978515625" lon="140.10478891432285308837890625">
        <ele>241</ele>
        <time>2025-10-23T00:59:32.000Z</time>
        <extensions>
          <ns3:TrackPointExtension>
            <ns3:hr>133</ns3:hr>
          </ns3:TrackPointExtension>
        </extensions>
      </trkpt>
      <trkpt lat="36.9464798457920551300048828125" lon="140.1046767644584178924560546875">
        <ele>240.399993896484375</ele>
        <time>2025-10-23T00:59:42.000Z</time>
        <extensions>
          <ns3:TrackPointExtension>
            <ns3:hr>133</ns3:hr>
          </ns3:TrackPointExtension>
        </extensions>
      </trkpt>
      <trkpt lat="36.9466401077806949615478515625" lon="140.1045587472617626190185546875">
        <ele>239.600006103515625</ele>
        <time>2025-10-23T00:59:52.000Z</time>
        <extensions>
          <ns3:TrackPointExtension>
            <ns3:hr>134</ns3:hr>
          </ns3:TrackPointExtension>
        </extensions>
      </trkpt>
      <trkpt lat="36.9467856176197528839111328125" lon="140.10445992462337017059326171875">
        <ele>239.600006103515625</ele>
        <time>2025-10-23T01:00:01.000Z</time>
        <extensions>
          <ns3:TrackPointExtension>
            <ns3:hr>135</ns3:hr>
          </ns3:TrackPointExtension>
        </extensions>
      </trkpt>
      <trkpt lat="36.9469086639583110809326171875" lon="140.10438130237162113189697265625">
        <ele>240.1999969482421875</ele>
        <time>2025-10-23T01:00:09.000Z</time>
        <extensions>
          <ns3:TrackPointExtension>
            <ns3:hr>134</ns3:hr>
          </ns3:TrackPointExtension>
        </extensions>
      </trkpt>
      <trkpt lat="36.9470337219536304473876953125" lon="140.104291699826717376708984375">
        <ele>240</ele>
        <time>2025-10-23T01:00:17.000Z</time>
        <extensions>
          <ns3:TrackPointExtension>
            <ns3:hr>134</ns3:hr>
          </ns3:TrackPointExtension>
        </extensions>
      </trkpt>
      <trkpt lat="36.94719851016998291015625" lon="140.1041775383055210113525390625">
        <ele>241</ele>
        <time>2025-10-23T01:00:28.000Z</time>
        <extensions>
          <ns3:TrackPointExtension>
            <ns3:hr>134</ns3:hr>
          </ns3:TrackPointExtension>
        </extensions>
      </trkpt>
      <trkpt lat="36.9473143480718135833740234375" lon="140.1040953956544399261474609375">
        <ele>241</ele>
        <time>2025-10-23T01:00:36.000Z</time>
        <extensions>
          <ns3:TrackPointExtension>
            <ns3:hr>134</ns3:hr>
          </ns3:TrackPointExtension>
        </extensions>
      </trkpt>
      <trkpt lat="36.94742809049785137176513671875" lon="140.10402322746813297271728515625">
        <ele>241.600006103515625</ele>
        <time>2025-10-23T01:00:44.000Z</time>
        <extensions>
          <ns3:TrackPointExtension>
            <ns3:hr>133</ns3:hr>
          </ns3:TrackPointExtension>
        </extensions>
      </trkpt>
      <trkpt lat="36.9475404918193817138671875" lon="140.10398165322840213775634765625">
        <ele>242.399993896484375</ele>
        <time>2025-10-23T01:00:53.000Z</time>
        <extensions>
          <ns3:TrackPointExtension>
            <ns3:hr>132</ns3:hr>
          </ns3:TrackPointExtension>
        </extensions>
      </trkpt>
      <trkpt lat="36.94756890647113323211669921875" lon="140.10397310368716716766357421875">
        <ele>242.399993896484375</ele>
        <time>2025-10-23T01:01:00.000Z</time>
        <extensions>
          <ns3:TrackPointExtension>
            <ns3:hr>129</ns3:hr>
          </ns3:TrackPointExtension>
        </extensions>
      </trkpt>
      <trkpt lat="36.94756823591887950897216796875" lon="140.103971846401691436767578125">
        <ele>242.399993896484375</ele>
        <time>2025-10-23T01:01:02.000Z</time>
        <extensions>
          <ns3:TrackPointExtension>
            <ns3:hr>126</ns3:hr>
          </ns3:TrackPointExtension>
        </extensions>
      </trkpt>
      <trkpt lat="36.94756672717630863189697265625" lon="140.10397075675427913665771484375">
        <ele>242.399993896484375</ele>
        <time>2025-10-23T01:01:12.000Z</time>
        <extensions>
          <ns3:TrackPointExtension>
            <ns3:hr>124</ns3:hr>
          </ns3:TrackPointExtension>
        </extensions>
      </trkpt>
      <trkpt lat="36.94756672717630863189697265625" lon="140.1039716787636280059814453125">
        <ele>242.399993896484375</ele>
        <time>2025-10-23T01:01:21.000Z</time>
        <extensions>
          <ns3:TrackPointExtension>
            <ns3:hr>121</ns3:hr>
          </ns3:TrackPointExtension>
        </extensions>
      </trkpt>
      <trkpt lat="36.94756521843373775482177734375" lon="140.10397176258265972137451171875">
        <ele>242.399993896484375</ele>
        <time>2025-10-23T01:01:32.000Z</time>
        <extensions>
          <ns3:TrackPointExtension>
            <ns3:hr>118</ns3:hr>
          </ns3:TrackPointExtension>
        </extensions>
      </trkpt>
      <trkpt lat="36.94756521843373775482177734375" lon="140.103971175849437713623046875">
        <ele>242.399993896484375</ele>
        <time>2025-10-23T01:01:38.000Z</time>
        <extensions>
          <ns3:TrackPointExtension>
            <ns3:hr>115</ns3:hr>
          </ns3:TrackPointExtension>
        </extensions>
      </trkpt>
      <trkpt lat="36.94756555370986461639404296875" lon="140.10396723635494709014892578125">
        <ele>242.399993896484375</ele>
        <time>2025-10-23T01:01:46.000Z</time>
        <extensions>
          <ns3:TrackPointExtension>
            <ns3:hr>112</ns3:hr>
          </ns3:TrackPointExtension>
        </extensions>
      </trkpt>
      <trkpt lat="36.94758005440235137939453125" lon="140.10396388359367847442626953125">
        <ele>242.600006103515625</ele>
        <time>2025-10-23T01:01:53.000Z</time>
        <extensions>
          <ns3:TrackPointExtension>
            <ns3:hr>109</ns3:hr>
          </ns3:TrackPointExtension>
        </extensions>
      </trkpt>
      <trkpt lat="36.9475818984210491180419921875" lon="140.103960447013378143310546875">
        <ele>242.600006103515625</ele>
        <time>2025-10-23T01:01:57.000Z</time>
        <extensions>
          <ns3:TrackPointExtension>
            <ns3:hr>106</ns3:hr>
          </ns3:TrackPointExtension>
        </extensions>
      </trkpt>
      <trkpt lat="36.9477699883282184600830078125" lon="140.10394628159701824188232421875">
        <ele>243.1999969482421875</ele>
        <time>2025-10-23T01:02:18.000Z</time>
        <extensions>
          <ns3:TrackPointExtension>
            <ns3:hr>106</ns3:hr>
          </ns3:TrackPointExtension>
        </extensions>
      </trkpt>
      <trkpt lat="36.94792564027011394500732421875" lon="140.10391317307949066162109375">
        <ele>243</ele>
        <time>2025-10-23T01:02:31.000Z</time>
        <extensions>
          <ns3:TrackPointExtension>
            <ns3:hr>105</ns3:hr>
          </ns3:TrackPointExtension>
        </extensions>
      </trkpt>
      <trkpt lat="36.94803879596292972564697265625" lon="140.10386598296463489532470703125">
        <ele>243.1999969482421875</ele>
        <time>2025-10-23T01:02:43.000Z</time>
        <extensions>
          <ns3:TrackPointExtension>
            <ns3:hr>105</ns3:hr>
          </ns3:TrackPointExtension>
        </extensions>
      </trkpt>
      <trkpt lat="36.94807986728847026824951171875" lon="140.10384636931121349334716796875">
        <ele>243.1999969482421875</ele>
        <time>2025-10-23T01:02:52.000Z</time>
        <extensions>
          <ns3:TrackPointExtension>
            <ns3:hr>105</ns3:hr>
          </ns3:TrackPointExtension>
        </extensions>
      </trkpt>
      <trkpt lat="36.94807894527912139892578125" lon="140.1038405857980251312255859375">
        <ele>243</ele>
        <time>2025-10-23T01:03:01.000Z</time>
        <extensions>
          <ns3:TrackPointExtension>
            <ns3:hr>105</ns3:hr>
          </ns3:TrackPointExtension>
        </extensions>
      </trkpt>
      <trkpt lat="36.94807894527912139892578125" lon="140.1038405857980251312255859375">
        <ele>243</ele>
        <time>2025-10-23T01:03:12.000Z</time>
        <extensions>
          <ns3:TrackPointExtension>
            <ns3:hr>102</ns3:hr>
          </ns3:TrackPointExtension>
        </extensions>
      </trkpt>
      <trkpt lat="36.9481461681425571441650390625" lon="140.103806219995021820068359375">
        <ele>243</ele>
        <time>2025-10-23T01:03:20.000Z</time>
        <extensions>
          <ns3:TrackPointExtension>
            <ns3:hr>100</ns3:hr>
          </ns3:TrackPointExtension>
        </extensions>
      </trkpt>
      <trkpt lat="36.94822034798562526702880859375" lon="140.10376238264143466949462890625">
        <ele>243</ele>
        <time>2025-10-23T01:03:25.000Z</time>
        <extensions>
          <ns3:TrackPointExtension>
            <ns3:hr>103</ns3:hr>
          </ns3:TrackPointExtension>
        </extensions>
      </trkpt>
      <trkpt lat="36.94825286976993083953857421875" lon="140.10372064076364040374755859375">
        <ele>242.8000030517578125</ele>
        <time>2025-10-23T01:03:29.000Z</time>
        <extensions>
          <ns3:TrackPointExtension>
            <ns3:hr>106</ns3:hr>
          </ns3:TrackPointExtension>
        </extensions>
      </trkpt>
      <trkpt lat="36.9482789374887943267822265625" lon="140.1037068106234073638916015625">
        <ele>242.8000030517578125</ele>
        <time>2025-10-23T01:03:31.000Z</time>
        <extensions>
          <ns3:TrackPointExtension>
            <ns3:hr>106</ns3:hr>
          </ns3:TrackPointExtension>
        </extensions>
      </trkpt>
      <trkpt lat="36.9483879022300243377685546875" lon="140.10366163216531276702880859375">
        <ele>243</ele>
        <time>2025-10-23T01:03:41.000Z</time>
        <extensions>
          <ns3:TrackPointExtension>
            <ns3:hr>103</ns3:hr>
          </ns3:TrackPointExtension>
        </extensions>
      </trkpt>
      <trkpt lat="36.948503740131855010986328125" lon="140.1035891287028789520263671875">
        <ele>243.600006103515625</ele>
        <time>2025-10-23T01:03:50.000Z</time>
        <extensions>
          <ns3:TrackPointExtension>
            <ns3:hr>101</ns3:hr>
          </ns3:TrackPointExtension>
        </extensions>
      </trkpt>
      <trkpt lat="36.9486380182206630706787109375" lon="140.10351763106882572174072265625">
        <ele>243.8000030517578125</ele>
        <time>2025-10-23T01:03:58.000Z</time>
        <extensions>
          <ns3:TrackPointExtension>
            <ns3:hr>101</ns3:hr>
          </ns3:TrackPointExtension>
        </extensions>
      </trkpt>
      <trkpt lat="36.94871999323368072509765625" lon="140.10347857140004634857177734375">
        <ele>243.8000030517578125</ele>
        <time>2025-10-23T01:04:03.000Z</time>
        <extensions>
          <ns3:TrackPointExtension>
            <ns3:hr>105</ns3:hr>
          </ns3:TrackPointExtension>
        </extensions>
      </trkpt>
      <trkpt lat="36.9487557001411914825439453125" lon="140.10346524417400360107421875">
        <ele>244</ele>
        <time>2025-10-23T01:04:05.000Z</time>
        <extensions>
          <ns3:TrackPointExtension>
            <ns3:hr>109</ns3:hr>
          </ns3:TrackPointExtension>
        </extensions>
      </trkpt>
      <trkpt lat="36.94877271540462970733642578125" lon="140.1034593768417835235595703125">
        <ele>244.1999969482421875</ele>
        <time>2025-10-23T01:04:06.000Z</time>
        <extensions>
          <ns3:TrackPointExtension>
            <ns3:hr>111</ns3:hr>
          </ns3:TrackPointExtension>
        </extensions>
      </trkpt>
      <trkpt lat="36.94882485084235668182373046875" lon="140.1034463010728359222412109375">
        <ele>244.8000030517578125</ele>
        <time>2025-10-23T01:04:09.000Z</time>
        <extensions>
          <ns3:TrackPointExtension>
            <ns3:hr>114</ns3:hr>
          </ns3:TrackPointExtension>
        </extensions>
      </trkpt>
      <trkpt lat="36.94890045560896396636962890625" lon="140.10343867354094982147216796875">
        <ele>245.600006103515625</ele>
        <time>2025-10-23T01:04:15.000Z</time>
        <extensions>
          <ns3:TrackPointExtension>
            <ns3:hr>115</ns3:hr>
          </ns3:TrackPointExtension>
        </extensions>
      </trkpt>
      <trkpt lat="36.94891051389276981353759765625" lon="140.1034399308264255523681640625">
        <ele>245.600006103515625</ele>
        <time>2025-10-23T01:04:20.000Z</time>
        <extensions>
          <ns3:TrackPointExtension>
            <ns3:hr>118</ns3:hr>
          </ns3:TrackPointExtension>
        </extensions>
      </trkpt>
      <trkpt lat="36.94890866987407207489013671875" lon="140.1034359075129032135009765625">
        <ele>245.600006103515625</ele>
        <time>2025-10-23T01:04:21.000Z</time>
        <extensions>
          <ns3:TrackPointExtension>
            <ns3:hr>117</ns3:hr>
          </ns3:TrackPointExtension>
        </extensions>
      </trkpt>
      <trkpt lat="36.94892995990812778472900390625" lon="140.10334664024412631988525390625">
        <ele>245.600006103515625</ele>
        <time>2025-10-23T01:04:26.000Z</time>
        <extensions>
          <ns3:TrackPointExtension>
            <ns3:hr>114</ns3:hr>
          </ns3:TrackPointExtension>
        </extensions>
      </trkpt>
      <trkpt lat="36.9490430317819118499755859375" lon="140.10330774821341037750244140625">
        <ele>246.8000030517578125</ele>
        <time>2025-10-23T01:04:33.000Z</time>
        <extensions>
          <ns3:TrackPointExtension>
            <ns3:hr>116</ns3:hr>
          </ns3:TrackPointExtension>
        </extensions>
      </trkpt>
      <trkpt lat="36.94912676699459552764892578125" lon="140.1032954268157482147216796875">
        <ele>247.600006103515625</ele>
        <time>2025-10-23T01:04:38.000Z</time>
        <extensions>
          <ns3:TrackPointExtension>
            <ns3:hr>119</ns3:hr>
          </ns3:TrackPointExtension>
        </extensions>
      </trkpt>
      <trkpt lat="36.94919231347739696502685546875" lon="140.1032873801887035369873046875">
        <ele>248</ele>
        <time>2025-10-23T01:04:42.000Z</time>
        <extensions>
          <ns3:TrackPointExtension>
            <ns3:hr>120</ns3:hr>
          </ns3:TrackPointExtension>
        </extensions>
      </trkpt>
      <trkpt lat="36.9493551738560199737548828125" lon="140.10326349176466464996337890625">
        <ele>248.8000030517578125</ele>
        <time>2025-10-23T01:04:52.000Z</time>
        <extensions>
          <ns3:TrackPointExtension>
            <ns3:hr>120</ns3:hr>
          </ns3:TrackPointExtension>
        </extensions>
      </trkpt>
      <trkpt lat="36.9495172798633575439453125" lon="140.10323683731257915496826171875">
        <ele>248.1999969482421875</ele>
        <time>2025-10-23T01:05:02.000Z</time>
        <extensions>
          <ns3:TrackPointExtension>
            <ns3:hr>120</ns3:hr>
          </ns3:TrackPointExtension>
        </extensions>
      </trkpt>
      <trkpt lat="36.94969086907804012298583984375" lon="140.103223510086536407470703125">
        <ele>248.8000030517578125</ele>
        <time>2025-10-23T01:05:12.000Z</time>
        <extensions>
          <ns3:TrackPointExtension>
            <ns3:hr>122</ns3:hr>
          </ns3:TrackPointExtension>
        </extensions>
      </trkpt>
      <trkpt lat="36.9497937150299549102783203125" lon="140.103212110698223114013671875">
        <ele>249.600006103515625</ele>
        <time>2025-10-23T01:05:18.000Z</time>
        <extensions>
          <ns3:TrackPointExtension>
            <ns3:hr>125</ns3:hr>
          </ns3:TrackPointExtension>
        </extensions>
      </trkpt>
      <trkpt lat="36.94980938918888568878173828125" lon="140.10321043431758880615234375">
        <ele>249.600006103515625</ele>
        <time>2025-10-23T01:05:19.000Z</time>
        <extensions>
          <ns3:TrackPointExtension>
            <ns3:hr>122</ns3:hr>
          </ns3:TrackPointExtension>
        </extensions>
      </trkpt>
      <trkpt lat="36.9498262368142604827880859375" lon="140.1032070815563201904296875">
        <ele>249.8000030517578125</ele>
        <time>2025-10-23T01:05:20.000Z</time>
        <extensions>
          <ns3:TrackPointExtension>
            <ns3:hr>125</ns3:hr>
          </ns3:TrackPointExtension>
        </extensions>
      </trkpt>
      <trkpt lat="36.94990879856050014495849609375" lon="140.10318788699805736541748046875">
        <ele>250.600006103515625</ele>
        <time>2025-10-23T01:05:25.000Z</time>
        <extensions>
          <ns3:TrackPointExtension>
            <ns3:hr>128</ns3:hr>
          </ns3:TrackPointExtension>
        </extensions>
      </trkpt>
      <trkpt lat="36.94994308054447174072265625" lon="140.1031821034848690032958984375">
        <ele>251</ele>
        <time>2025-10-23T01:05:27.000Z</time>
        <extensions>
          <ns3:TrackPointExtension>
            <ns3:hr>127</ns3:hr>
          </ns3:TrackPointExtension>
        </extensions>
      </trkpt>
      <trkpt lat="36.95008079521358013153076171875" lon="140.10315871797502040863037109375">
        <ele>252.600006103515625</ele>
        <time>2025-10-23T01:05:35.000Z</time>
        <extensions>
          <ns3:TrackPointExtension>
            <ns3:hr>128</ns3:hr>
          </ns3:TrackPointExtension>
        </extensions>
      </trkpt>
      <trkpt lat="36.95020518265664577484130859375" lon="140.10314027778804302215576171875">
        <ele>252.600006103515625</ele>
        <time>2025-10-23T01:05:43.000Z</time>
        <extensions>
          <ns3:TrackPointExtension>
            <ns3:hr>130</ns3:hr>
          </ns3:TrackPointExtension>
        </extensions>
      </trkpt>
      <trkpt lat="36.95035404525697231292724609375" lon="140.10312862694263458251953125">
        <ele>252.600006103515625</ele>
        <time>2025-10-23T01:05:53.000Z</time>
        <extensions>
          <ns3:TrackPointExtension>
            <ns3:hr>131</ns3:hr>
          </ns3:TrackPointExtension>
        </extensions>
      </trkpt>
      <trkpt lat="36.9504857249557971954345703125" lon="140.1031395234167575836181640625">
        <ele>253.600006103515625</ele>
        <time>2025-10-23T01:06:02.000Z</time>
        <extensions>
          <ns3:TrackPointExtension>
            <ns3:hr>133</ns3:hr>
          </ns3:TrackPointExtension>
        </extensions>
      </trkpt>
      <trkpt lat="36.95060533471405506134033203125" lon="140.10317598469555377960205078125">
        <ele>255</ele>
        <time>2025-10-23T01:06:11.000Z</time>
        <extensions>
          <ns3:TrackPointExtension>
            <ns3:hr>135</ns3:hr>
          </ns3:TrackPointExtension>
        </extensions>
      </trkpt>
      <trkpt lat="36.95066769607365131378173828125" lon="140.1032043993473052978515625">
        <ele>255.600006103515625</ele>
        <time>2025-10-23T01:06:18.000Z</time>
        <extensions>
          <ns3:TrackPointExtension>
            <ns3:hr>132</ns3:hr>
          </ns3:TrackPointExtension>
        </extensions>
      </trkpt>
      <trkpt lat="36.95068580098450183868408203125" lon="140.1032139547169208526611328125">
        <ele>256</ele>
        <time>2025-10-23T01:06:20.000Z</time>
        <extensions>
          <ns3:TrackPointExtension>
            <ns3:hr>129</ns3:hr>
          </ns3:TrackPointExtension>
        </extensions>
      </trkpt>
      <trkpt lat="36.9507415406405925750732421875" lon="140.1032553613185882568359375">
        <ele>256.79998779296875</ele>
        <time>2025-10-23T01:06:26.000Z</time>
        <extensions>
          <ns3:TrackPointExtension>
            <ns3:hr>126</ns3:hr>
          </ns3:TrackPointExtension>
        </extensions>
      </trkpt>
      <trkpt lat="36.95075972937047481536865234375" lon="140.10327757336199283599853515625">
        <ele>257.20001220703125</ele>
        <time>2025-10-23T01:06:28.000Z</time>
        <extensions>
          <ns3:TrackPointExtension>
            <ns3:hr>125</ns3:hr>
          </ns3:TrackPointExtension>
        </extensions>
      </trkpt>
      <trkpt lat="36.9508369266986846923828125" lon="140.10337430052459239959716796875">
        <ele>258.79998779296875</ele>
        <time>2025-10-23T01:06:37.000Z</time>
        <extensions>
          <ns3:TrackPointExtension>
            <ns3:hr>122</ns3:hr>
          </ns3:TrackPointExtension>
        </extensions>
      </trkpt>
      <trkpt lat="36.9508444704115390777587890625" lon="140.10338611900806427001953125">
        <ele>259</ele>
        <time>2025-10-23T01:06:38.000Z</time>
        <extensions>
          <ns3:TrackPointExtension>
            <ns3:hr>122</ns3:hr>
          </ns3:TrackPointExtension>
        </extensions>
      </trkpt>
      <trkpt lat="36.95091060362756252288818359375" lon="140.10347521863877773284912109375">
        <ele>260.399993896484375</ele>
        <time>2025-10-23T01:06:47.000Z</time>
        <extensions>
          <ns3:TrackPointExtension>
            <ns3:hr>121</ns3:hr>
          </ns3:TrackPointExtension>
        </extensions>
      </trkpt>
      <trkpt lat="36.95093189366161823272705078125" lon="140.10351327247917652130126953125">
        <ele>260.79998779296875</ele>
        <time>2025-10-23T01:06:50.000Z</time>
        <extensions>
          <ns3:TrackPointExtension>
            <ns3:hr>119</ns3:hr>
          </ns3:TrackPointExtension>
        </extensions>
      </trkpt>
      <trkpt lat="36.95096097886562347412109375" lon="140.10354713536798954010009765625">
        <ele>261.399993896484375</ele>
        <time>2025-10-23T01:06:53.000Z</time>
        <extensions>
          <ns3:TrackPointExtension>
            <ns3:hr>117</ns3:hr>
          </ns3:TrackPointExtension>
        </extensions>
      </trkpt>
      <trkpt lat="36.95098369382321834564208984375" lon="140.1036048866808414459228515625">
        <ele>261.79998779296875</ele>
        <time>2025-10-23T01:06:57.000Z</time>
        <extensions>
          <ns3:TrackPointExtension>
            <ns3:hr>116</ns3:hr>
          </ns3:TrackPointExtension>
        </extensions>
      </trkpt>
      <trkpt lat="36.95099375210702419281005859375" lon="140.10361544787883758544921875">
        <ele>262</ele>
        <time>2025-10-23T01:06:58.000Z</time>
        <extensions>
          <ns3:TrackPointExtension>
            <ns3:hr>115</ns3:hr>
          </ns3:TrackPointExtension>
        </extensions>
      </trkpt>
      <trkpt lat="36.95099945180118083953857421875" lon="140.10363154113292694091796875">
        <ele>262</ele>
        <time>2025-10-23T01:06:59.000Z</time>
        <extensions>
          <ns3:TrackPointExtension>
            <ns3:hr>113</ns3:hr>
          </ns3:TrackPointExtension>
        </extensions>
      </trkpt>
      <trkpt lat="36.95102778263390064239501953125" lon="140.10371577925980091094970703125">
        <ele>262.79998779296875</ele>
        <time>2025-10-23T01:07:04.000Z</time>
        <extensions>
          <ns3:TrackPointExtension>
            <ns3:hr>113</ns3:hr>
          </ns3:TrackPointExtension>
        </extensions>
      </trkpt>
      <trkpt lat="36.9510261900722980499267578125" lon="140.1037480495870113372802734375">
        <ele>263</ele>
        <time>2025-10-23T01:07:06.000Z</time>
        <extensions>
          <ns3:TrackPointExtension>
            <ns3:hr>114</ns3:hr>
          </ns3:TrackPointExtension>
        </extensions>
      </trkpt>
      <trkpt lat="36.95102929137647151947021484375" lon="140.1038328744471073150634765625">
        <ele>263.20001220703125</ele>
        <time>2025-10-23T01:07:12.000Z</time>
        <extensions>
          <ns3:TrackPointExtension>
            <ns3:hr>114</ns3:hr>
          </ns3:TrackPointExtension>
        </extensions>
      </trkpt>
      <trkpt lat="36.951019652187824249267578125" lon="140.103949718177318572998046875">
        <ele>264.399993896484375</ele>
        <time>2025-10-23T01:07:20.000Z</time>
        <extensions>
          <ns3:TrackPointExtension>
            <ns3:hr>115</ns3:hr>
          </ns3:TrackPointExtension>
        </extensions>
      </trkpt>
      <trkpt lat="36.9510084204375743865966796875" lon="140.104091204702854156494140625">
        <ele>265.79998779296875</ele>
        <time>2025-10-23T01:07:29.000Z</time>
        <extensions>
          <ns3:TrackPointExtension>
            <ns3:hr>116</ns3:hr>
          </ns3:TrackPointExtension>
        </extensions>
      </trkpt>
      <trkpt lat="36.95100330747663974761962890625" lon="140.10415331460535526275634765625">
        <ele>266.20001220703125</ele>
        <time>2025-10-23T01:07:34.000Z</time>
        <extensions>
          <ns3:TrackPointExtension>
            <ns3:hr>117</ns3:hr>
          </ns3:TrackPointExtension>
        </extensions>
      </trkpt>
      <trkpt lat="36.9510117731988430023193359375" lon="140.104175023734569549560546875">
        <ele>266.20001220703125</ele>
        <time>2025-10-23T01:07:36.000Z</time>
        <extensions>
          <ns3:TrackPointExtension>
            <ns3:hr>114</ns3:hr>
          </ns3:TrackPointExtension>
        </extensions>
      </trkpt>
      <trkpt lat="36.95102744735777378082275390625" lon="140.10428893379867076873779296875">
        <ele>267</ele>
        <time>2025-10-23T01:07:44.000Z</time>
        <extensions>
          <ns3:TrackPointExtension>
            <ns3:hr>114</ns3:hr>
          </ns3:TrackPointExtension>
        </extensions>
      </trkpt>
      <trkpt lat="36.9510446302592754364013671875" lon="140.10444383136928081512451171875">
        <ele>268.20001220703125</ele>
        <time>2025-10-23T01:07:53.000Z</time>
        <extensions>
          <ns3:TrackPointExtension>
            <ns3:hr>113</ns3:hr>
          </ns3:TrackPointExtension>
        </extensions>
      </trkpt>
      <trkpt lat="36.95107631385326385498046875" lon="140.104559250175952911376953125">
        <ele>269.20001220703125</ele>
        <time>2025-10-23T01:08:01.000Z</time>
        <extensions>
          <ns3:TrackPointExtension>
            <ns3:hr>112</ns3:hr>
          </ns3:TrackPointExtension>
        </extensions>
      </trkpt>
      <trkpt lat="36.95109467022120952606201171875" lon="140.1046465896070003509521484375">
        <ele>269.600006103515625</ele>
        <time>2025-10-23T01:08:08.000Z</time>
        <extensions>
          <ns3:TrackPointExtension>
            <ns3:hr>111</ns3:hr>
          </ns3:TrackPointExtension>
        </extensions>
      </trkpt>
      <trkpt lat="36.951118223369121551513671875" lon="140.10474490933120250701904296875">
        <ele>269.79998779296875</ele>
        <time>2025-10-23T01:08:15.000Z</time>
        <extensions>
          <ns3:TrackPointExtension>
            <ns3:hr>111</ns3:hr>
          </ns3:TrackPointExtension>
        </extensions>
      </trkpt>
      <trkpt lat="36.95113155059516429901123046875" lon="140.10482336394488811492919921875">
        <ele>269.79998779296875</ele>
        <time>2025-10-23T01:08:20.000Z</time>
        <extensions>
          <ns3:TrackPointExtension>
            <ns3:hr>108</ns3:hr>
          </ns3:TrackPointExtension>
        </extensions>
      </trkpt>
      <trkpt lat="36.95114982314407825469970703125" lon="140.104884468019008636474609375">
        <ele>270</ele>
        <time>2025-10-23T01:08:24.000Z</time>
        <extensions>
          <ns3:TrackPointExtension>
            <ns3:hr>105</ns3:hr>
          </ns3:TrackPointExtension>
        </extensions>
      </trkpt>
      <trkpt lat="36.95116541348397731781005859375" lon="140.10493467561900615692138671875">
        <ele>269.600006103515625</ele>
        <time>2025-10-23T01:08:27.000Z</time>
        <extensions>
          <ns3:TrackPointExtension>
            <ns3:hr>104</ns3:hr>
          </ns3:TrackPointExtension>
        </extensions>
      </trkpt>
      <trkpt lat="36.95122123695909976959228515625" lon="140.10508186183869838714599609375">
        <ele>268.399993896484375</ele>
        <time>2025-10-23T01:08:38.000Z</time>
        <extensions>
          <ns3:TrackPointExtension>
            <ns3:hr>104</ns3:hr>
          </ns3:TrackPointExtension>
        </extensions>
      </trkpt>
      <trkpt lat="36.95123297162353992462158203125" lon="140.10510717518627643585205078125">
        <ele>268.20001220703125</ele>
        <time>2025-10-23T01:08:40.000Z</time>
        <extensions>
          <ns3:TrackPointExtension>
            <ns3:hr>101</ns3:hr>
          </ns3:TrackPointExtension>
        </extensions>
      </trkpt>
      <trkpt lat="36.9512732885777950286865234375" lon="140.10520507581532001495361328125">
        <ele>267.600006103515625</ele>
        <time>2025-10-23T01:08:47.000Z</time>
        <extensions>
          <ns3:TrackPointExtension>
            <ns3:hr>98</ns3:hr>
          </ns3:TrackPointExtension>
        </extensions>
      </trkpt>
      <trkpt lat="36.95129759609699249267578125" lon="140.105288811028003692626953125">
        <ele>267.20001220703125</ele>
        <time>2025-10-23T01:08:52.000Z</time>
        <extensions>
          <ns3:TrackPointExtension>
            <ns3:hr>95</ns3:hr>
          </ns3:TrackPointExtension>
        </extensions>
      </trkpt>
      <trkpt lat="36.95132567547261714935302734375" lon="140.105362236499786376953125">
        <ele>266.600006103515625</ele>
        <time>2025-10-23T01:08:57.000Z</time>
        <extensions>
          <ns3:TrackPointExtension>
            <ns3:hr>92</ns3:hr>
          </ns3:TrackPointExtension>
        </extensions>
      </trkpt>
      <trkpt lat="36.951330788433551788330078125" lon="140.105377994477748870849609375">
        <ele>266.600006103515625</ele>
        <time>2025-10-23T01:08:58.000Z</time>
        <extensions>
          <ns3:TrackPointExtension>
            <ns3:hr>92</ns3:hr>
          </ns3:TrackPointExtension>
        </extensions>
      </trkpt>
      <trkpt lat="36.9513436965644359588623046875" lon="140.105422250926494598388671875">
        <ele>266.399993896484375</ele>
        <time>2025-10-23T01:09:01.000Z</time>
        <extensions>
          <ns3:TrackPointExtension>
            <ns3:hr>88</ns3:hr>
          </ns3:TrackPointExtension>
        </extensions>
      </trkpt>
      <trkpt lat="36.95137026719748973846435546875" lon="140.10551084764301776885986328125">
        <ele>265.79998779296875</ele>
        <time>2025-10-23T01:09:07.000Z</time>
        <extensions>
          <ns3:TrackPointExtension>
            <ns3:hr>85</ns3:hr>
          </ns3:TrackPointExtension>
        </extensions>
      </trkpt>
      <trkpt lat="36.951422989368438720703125" lon="140.105653591454029083251953125">
        <ele>264.79998779296875</ele>
        <time>2025-10-23T01:09:16.000Z</time>
        <extensions>
          <ns3:TrackPointExtension>
            <ns3:hr>84</ns3:hr>
          </ns3:TrackPointExtension>
        </extensions>
      </trkpt>
      <trkpt lat="36.95144712924957275390625" lon="140.10573707520961761474609375">
        <ele>264.20001220703125</ele>
        <time>2025-10-23T01:09:20.000Z</time>
        <extensions>
          <ns3:TrackPointExtension>
            <ns3:hr>81</ns3:hr>
          </ns3:TrackPointExtension>
        </extensions>
      </trkpt>
      <trkpt lat="36.95146079175174236297607421875" lon="140.1057801581919193267822265625">
        <ele>264</ele>
        <time>2025-10-23T01:09:22.000Z</time>
        <extensions>
          <ns3:TrackPointExtension>
            <ns3:hr>80</ns3:hr>
          </ns3:TrackPointExtension>
        </extensions>
      </trkpt>
      <trkpt lat="36.95150270126760005950927734375" lon="140.10590915568172931671142578125">
        <ele>263.399993896484375</ele>
        <time>2025-10-23T01:09:28.000Z</time>
        <extensions>
          <ns3:TrackPointExtension>
            <ns3:hr>81</ns3:hr>
          </ns3:TrackPointExtension>
        </extensions>
      </trkpt>
      <trkpt lat="36.95152550004422664642333984375" lon="140.10597201995551586151123046875">
        <ele>263</ele>
        <time>2025-10-23T01:09:31.000Z</time>
        <extensions>
          <ns3:TrackPointExtension>
            <ns3:hr>84</ns3:hr>
          </ns3:TrackPointExtension>
        </extensions>
      </trkpt>
      <trkpt lat="36.9515368156135082244873046875" lon="140.10601309128105640411376953125">
        <ele>262.79998779296875</ele>
        <time>2025-10-23T01:09:33.000Z</time>
        <extensions>
          <ns3:TrackPointExtension>
            <ns3:hr>88</ns3:hr>
          </ns3:TrackPointExtension>
        </extensions>
      </trkpt>
      <trkpt lat="36.951554752886295318603515625" lon="140.1060544140636920928955078125">
        <ele>262.399993896484375</ele>
        <time>2025-10-23T01:09:35.000Z</time>
        <extensions>
          <ns3:TrackPointExtension>
            <ns3:hr>91</ns3:hr>
          </ns3:TrackPointExtension>
        </extensions>
      </trkpt>
      <trkpt lat="36.9515629671514034271240234375" lon="140.1060743629932403564453125">
        <ele>262.399993896484375</ele>
        <time>2025-10-23T01:09:36.000Z</time>
        <extensions>
          <ns3:TrackPointExtension>
            <ns3:hr>91</ns3:hr>
          </ns3:TrackPointExtension>
        </extensions>
      </trkpt>
      <trkpt lat="36.95156984031200408935546875" lon="140.10609724558889865875244140625">
        <ele>262.20001220703125</ele>
        <time>2025-10-23T01:09:37.000Z</time>
        <extensions>
          <ns3:TrackPointExtension>
            <ns3:hr>94</ns3:hr>
          </ns3:TrackPointExtension>
        </extensions>
      </trkpt>
      <trkpt lat="36.95159523747861385345458984375" lon="140.10616220533847808837890625">
        <ele>261.600006103515625</ele>
        <time>2025-10-23T01:09:40.000Z</time>
        <extensions>
          <ns3:TrackPointExtension>
            <ns3:hr>98</ns3:hr>
          </ns3:TrackPointExtension>
        </extensions>
      </trkpt>
      <trkpt lat="36.95161879062652587890625" lon="140.10622414760291576385498046875">
        <ele>261</ele>
        <time>2025-10-23T01:09:43.000Z</time>
        <extensions>
          <ns3:TrackPointExtension>
            <ns3:hr>104</ns3:hr>
          </ns3:TrackPointExtension>
        </extensions>
      </trkpt>
      <trkpt lat="36.95165122859179973602294921875" lon="140.10631232522428035736083984375">
        <ele>260.600006103515625</ele>
        <time>2025-10-23T01:09:47.000Z</time>
        <extensions>
          <ns3:TrackPointExtension>
            <ns3:hr>107</ns3:hr>
          </ns3:TrackPointExtension>
        </extensions>
      </trkpt>
      <trkpt lat="36.9516722671687602996826171875" lon="140.1063786260783672332763671875">
        <ele>260.399993896484375</ele>
        <time>2025-10-23T01:09:50.000Z</time>
        <extensions>
          <ns3:TrackPointExtension>
            <ns3:hr>110</ns3:hr>
          </ns3:TrackPointExtension>
        </extensions>
      </trkpt>
      <trkpt lat="36.951691545546054840087890625" lon="140.10642112232744693756103515625">
        <ele>260.399993896484375</ele>
        <time>2025-10-23T01:09:52.000Z</time>
        <extensions>
          <ns3:TrackPointExtension>
            <ns3:hr>114</ns3:hr>
          </ns3:TrackPointExtension>
        </extensions>
      </trkpt>
      <trkpt lat="36.9517148472368717193603515625" lon="140.10646470822393894195556640625">
        <ele>260.20001220703125</ele>
        <time>2025-10-23T01:09:54.000Z</time>
        <extensions>
          <ns3:TrackPointExtension>
            <ns3:hr>116</ns3:hr>
          </ns3:TrackPointExtension>
        </extensions>
      </trkpt>
      <trkpt lat="36.9517466984689235687255859375" lon="140.1065248064696788787841796875">
        <ele>260.20001220703125</ele>
        <time>2025-10-23T01:09:57.000Z</time>
        <extensions>
          <ns3:TrackPointExtension>
            <ns3:hr>119</ns3:hr>
          </ns3:TrackPointExtension>
        </extensions>
      </trkpt>
      <trkpt lat="36.95178366266191005706787109375" lon="140.10660686530172824859619140625">
        <ele>260.20001220703125</ele>
        <time>2025-10-23T01:10:01.000Z</time>
        <extensions>
          <ns3:TrackPointExtension>
            <ns3:hr>123</ns3:hr>
          </ns3:TrackPointExtension>
        </extensions>
      </trkpt>
      <trkpt lat="36.95182456634938716888427734375" lon="140.10667861439287662506103515625">
        <ele>260.399993896484375</ele>
        <time>2025-10-23T01:10:05.000Z</time>
        <extensions>
          <ns3:TrackPointExtension>
            <ns3:hr>122</ns3:hr>
          </ns3:TrackPointExtension>
        </extensions>
      </trkpt>
      <trkpt lat="36.95192112587392330169677734375" lon="140.10683904401957988739013671875">
        <ele>261</ele>
        <time>2025-10-23T01:10:13.000Z</time>
        <extensions>
          <ns3:TrackPointExtension>
            <ns3:hr>124</ns3:hr>
          </ns3:TrackPointExtension>
        </extensions>
      </trkpt>
      <trkpt lat="36.95200863294303417205810546875" lon="140.10695488192141056060791015625">
        <ele>261.399993896484375</ele>
        <time>2025-10-23T01:10:19.000Z</time>
        <extensions>
          <ns3:TrackPointExtension>
            <ns3:hr>125</ns3:hr>
          </ns3:TrackPointExtension>
        </extensions>
      </trkpt>
      <trkpt lat="36.95212296210229396820068359375" lon="140.10709569789469242095947265625">
        <ele>261.600006103515625</ele>
        <time>2025-10-23T01:10:27.000Z</time>
        <extensions>
          <ns3:TrackPointExtension>
            <ns3:hr>128</ns3:hr>
          </ns3:TrackPointExtension>
        </extensions>
      </trkpt>
      <trkpt lat="36.9522224552929401397705078125" lon="140.1072598993778228759765625">
        <ele>261</ele>
        <time>2025-10-23T01:10:35.000Z</time>
        <extensions>
          <ns3:TrackPointExtension>
            <ns3:hr>127</ns3:hr>
          </ns3:TrackPointExtension>
        </extensions>
      </trkpt>
      <trkpt lat="36.95233787409961223602294921875" lon="140.10740297846496105194091796875">
        <ele>260</ele>
        <time>2025-10-23T01:10:43.000Z</time>
        <extensions>
          <ns3:TrackPointExtension>
            <ns3:hr>124</ns3:hr>
          </ns3:TrackPointExtension>
        </extensions>
      </trkpt>
      <trkpt lat="36.9523672945797443389892578125" lon="140.10743784718215465545654296875">
        <ele>259.399993896484375</ele>
        <time>2025-10-23T01:10:45.000Z</time>
        <extensions>
          <ns3:TrackPointExtension>
            <ns3:hr>123</ns3:hr>
          </ns3:TrackPointExtension>
        </extensions>
      </trkpt>
      <trkpt lat="36.9524703919887542724609375" lon="140.10754899121820926666259765625">
        <ele>257.600006103515625</ele>
        <time>2025-10-23T01:10:52.000Z</time>
        <extensions>
          <ns3:TrackPointExtension>
            <ns3:hr>123</ns3:hr>
          </ns3:TrackPointExtension>
        </extensions>
      </trkpt>
      <trkpt lat="36.95261330343782901763916015625" lon="140.10771260596811771392822265625">
        <ele>254.8000030517578125</ele>
        <time>2025-10-23T01:11:02.000Z</time>
        <extensions>
          <ns3:TrackPointExtension>
            <ns3:hr>124</ns3:hr>
          </ns3:TrackPointExtension>
        </extensions>
      </trkpt>
      <trkpt lat="36.95268957875669002532958984375" lon="140.1077908091247081756591796875">
        <ele>253.8000030517578125</ele>
        <time>2025-10-23T01:11:07.000Z</time>
        <extensions>
          <ns3:TrackPointExtension>
            <ns3:hr>127</ns3:hr>
          </ns3:TrackPointExtension>
        </extensions>
      </trkpt>
      <trkpt lat="36.95276551879942417144775390625" lon="140.1078645698726177215576171875">
        <ele>253</ele>
        <time>2025-10-23T01:11:12.000Z</time>
        <extensions>
          <ns3:TrackPointExtension>
            <ns3:hr>128</ns3:hr>
          </ns3:TrackPointExtension>
        </extensions>
      </trkpt>
      <trkpt lat="36.9528608210384845733642578125" lon="140.10795802809298038482666015625">
        <ele>252.1999969482421875</ele>
        <time>2025-10-23T01:11:18.000Z</time>
        <extensions>
          <ns3:TrackPointExtension>
            <ns3:hr>131</ns3:hr>
          </ns3:TrackPointExtension>
        </extensions>
      </trkpt>
      <trkpt lat="36.95292091928422451019287109375" lon="140.10801921598613262176513671875">
        <ele>252</ele>
        <time>2025-10-23T01:11:22.000Z</time>
        <extensions>
          <ns3:TrackPointExtension>
            <ns3:hr>130</ns3:hr>
          </ns3:TrackPointExtension>
        </extensions>
      </trkpt>
      <trkpt lat="36.9530495814979076385498046875" lon="140.10819791816174983978271484375">
        <ele>252</ele>
        <time>2025-10-23T01:11:32.000Z</time>
        <extensions>
          <ns3:TrackPointExtension>
            <ns3:hr>131</ns3:hr>
          </ns3:TrackPointExtension>
        </extensions>
      </trkpt>
      <trkpt lat="36.9531159661710262298583984375" lon="140.10839992202818393707275390625">
        <ele>251.399993896484375</ele>
        <time>2025-10-23T01:11:42.000Z</time>
        <extensions>
          <ns3:TrackPointExtension>
            <ns3:hr>132</ns3:hr>
          </ns3:TrackPointExtension>
        </extensions>
      </trkpt>
      <trkpt lat="36.95312996394932270050048828125" lon="140.10860108770430088043212890625">
        <ele>251</ele>
        <time>2025-10-23T01:11:51.000Z</time>
        <extensions>
          <ns3:TrackPointExtension>
            <ns3:hr>131</ns3:hr>
          </ns3:TrackPointExtension>
        </extensions>
      </trkpt>
      <trkpt lat="36.95312409661710262298583984375" lon="140.108794458210468292236328125">
        <ele>250.399993896484375</ele>
        <time>2025-10-23T01:11:59.000Z</time>
        <extensions>
          <ns3:TrackPointExtension>
            <ns3:hr>131</ns3:hr>
          </ns3:TrackPointExtension>
        </extensions>
      </trkpt>
      <trkpt lat="36.953129209578037261962890625" lon="140.1090259663760662078857421875">
        <ele>249.399993896484375</ele>
        <time>2025-10-23T01:12:09.000Z</time>
        <extensions>
          <ns3:TrackPointExtension>
            <ns3:hr>129</ns3:hr>
          </ns3:TrackPointExtension>
        </extensions>
      </trkpt>
      <trkpt lat="36.95313046686351299285888671875" lon="140.1090494357049465179443359375">
        <ele>249.1999969482421875</ele>
        <time>2025-10-23T01:12:10.000Z</time>
        <extensions>
          <ns3:TrackPointExtension>
            <ns3:hr>130</ns3:hr>
          </ns3:TrackPointExtension>
        </extensions>
      </trkpt>
      <trkpt lat="36.9531334005296230316162109375" lon="140.10909528471529483795166015625">
        <ele>249</ele>
        <time>2025-10-23T01:12:12.000Z</time>
        <extensions>
          <ns3:TrackPointExtension>
            <ns3:hr>133</ns3:hr>
          </ns3:TrackPointExtension>
        </extensions>
      </trkpt>
      <trkpt lat="36.95315628312528133392333984375" lon="140.10922905988991260528564453125">
        <ele>247.8000030517578125</ele>
        <time>2025-10-23T01:12:18.000Z</time>
        <extensions>
          <ns3:TrackPointExtension>
            <ns3:hr>130</ns3:hr>
          </ns3:TrackPointExtension>
        </extensions>
      </trkpt>
      <trkpt lat="36.9532185606658458709716796875" lon="140.10944715701043605804443359375">
        <ele>246.399993896484375</ele>
        <time>2025-10-23T01:12:28.000Z</time>
        <extensions>
          <ns3:TrackPointExtension>
            <ns3:hr>130</ns3:hr>
          </ns3:TrackPointExtension>
        </extensions>
      </trkpt>
      <trkpt lat="36.9532336480915546417236328125" lon="140.109491162002086639404296875">
        <ele>246</ele>
        <time>2025-10-23T01:12:30.000Z</time>
        <extensions>
          <ns3:TrackPointExtension>
            <ns3:hr>130</ns3:hr>
          </ns3:TrackPointExtension>
        </extensions>
      </trkpt>
      <trkpt lat="36.95331553928554058074951171875" lon="140.10964932851493358612060546875">
        <ele>245.399993896484375</ele>
        <time>2025-10-23T01:12:38.000Z</time>
        <extensions>
          <ns3:TrackPointExtension>
            <ns3:hr>130</ns3:hr>
          </ns3:TrackPointExtension>
        </extensions>
      </trkpt>
      <trkpt lat="36.9533687643706798553466796875" lon="140.1097489893436431884765625">
        <ele>245.600006103515625</ele>
        <time>2025-10-23T01:12:43.000Z</time>
        <extensions>
          <ns3:TrackPointExtension>
            <ns3:hr>134</ns3:hr>
          </ns3:TrackPointExtension>
        </extensions>
      </trkpt>
      <trkpt lat="36.95341478101909160614013671875" lon="140.1098232530057430267333984375">
        <ele>245.8000030517578125</ele>
        <time>2025-10-23T01:12:47.000Z</time>
        <extensions>
          <ns3:TrackPointExtension>
            <ns3:hr>133</ns3:hr>
          </ns3:TrackPointExtension>
        </extensions>
      </trkpt>
      <trkpt lat="36.9535179622471332550048828125" lon="140.11000472120940685272216796875">
        <ele>247.1999969482421875</ele>
        <time>2025-10-23T01:12:57.000Z</time>
        <extensions>
          <ns3:TrackPointExtension>
            <ns3:hr>132</ns3:hr>
          </ns3:TrackPointExtension>
        </extensions>
      </trkpt>
      <trkpt lat="36.95361108519136905670166015625" lon="140.1101669110357761383056640625">
        <ele>249</ele>
        <time>2025-10-23T01:13:06.000Z</time>
        <extensions>
          <ns3:TrackPointExtension>
            <ns3:hr>132</ns3:hr>
          </ns3:TrackPointExtension>
        </extensions>
      </trkpt>
      <trkpt lat="36.95367378182709217071533203125" lon="140.1102661527693271636962890625">
        <ele>251</ele>
        <time>2025-10-23T01:13:12.000Z</time>
        <extensions>
          <ns3:TrackPointExtension>
            <ns3:hr>129</ns3:hr>
          </ns3:TrackPointExtension>
        </extensions>
      </trkpt>
      <trkpt lat="36.95369171909987926483154296875" lon="140.11029758490622043609619140625">
        <ele>251.8000030517578125</ele>
        <time>2025-10-23T01:13:14.000Z</time>
        <extensions>
          <ns3:TrackPointExtension>
            <ns3:hr>129</ns3:hr>
          </ns3:TrackPointExtension>
        </extensions>
      </trkpt>
      <trkpt lat="36.95374184288084506988525390625" lon="140.1103647239506244659423828125">
        <ele>253.1999969482421875</ele>
        <time>2025-10-23T01:13:21.000Z</time>
        <extensions>
          <ns3:TrackPointExtension>
            <ns3:hr>129</ns3:hr>
          </ns3:TrackPointExtension>
        </extensions>
      </trkpt>
      <trkpt lat="36.95376430638134479522705078125" lon="140.11038576252758502960205078125">
        <ele>253.600006103515625</ele>
        <time>2025-10-23T01:13:24.000Z</time>
        <extensions>
          <ns3:TrackPointExtension>
            <ns3:hr>126</ns3:hr>
          </ns3:TrackPointExtension>
        </extensions>
      </trkpt>
      <trkpt lat="36.95379934273660182952880859375" lon="140.1104190386831760406494140625">
        <ele>254.399993896484375</ele>
        <time>2025-10-23T01:13:29.000Z</time>
        <extensions>
          <ns3:TrackPointExtension>
            <ns3:hr>124</ns3:hr>
          </ns3:TrackPointExtension>
        </extensions>
      </trkpt>
      <trkpt lat="36.953872852027416229248046875" lon="140.11047058738768100738525390625">
        <ele>255.8000030517578125</ele>
        <time>2025-10-23T01:13:36.000Z</time>
        <extensions>
          <ns3:TrackPointExtension>
            <ns3:hr>121</ns3:hr>
          </ns3:TrackPointExtension>
        </extensions>
      </trkpt>
      <trkpt lat="36.95389531552791595458984375" lon="140.1104881055653095245361328125">
        <ele>256.399993896484375</ele>
        <time>2025-10-23T01:13:38.000Z</time>
        <extensions>
          <ns3:TrackPointExtension>
            <ns3:hr>121</ns3:hr>
          </ns3:TrackPointExtension>
        </extensions>
      </trkpt>
      <trkpt lat="36.95399346761405467987060546875" lon="140.1105306856334209442138671875">
        <ele>257.600006103515625</ele>
        <time>2025-10-23T01:13:45.000Z</time>
        <extensions>
          <ns3:TrackPointExtension>
            <ns3:hr>119</ns3:hr>
          </ns3:TrackPointExtension>
        </extensions>
      </trkpt>
      <trkpt lat="36.95407678373157978057861328125" lon="140.110566057264804840087890625">
        <ele>259.600006103515625</ele>
        <time>2025-10-23T01:13:52.000Z</time>
        <extensions>
          <ns3:TrackPointExtension>
            <ns3:hr>117</ns3:hr>
          </ns3:TrackPointExtension>
        </extensions>
      </trkpt>
      <trkpt lat="36.9541740976274013519287109375" lon="140.11055759154260158538818359375">
        <ele>260.20001220703125</ele>
        <time>2025-10-23T01:14:00.000Z</time>
        <extensions>
          <ns3:TrackPointExtension>
            <ns3:hr>117</ns3:hr>
          </ns3:TrackPointExtension>
        </extensions>
      </trkpt>
      <trkpt lat="36.9542807154357433319091796875" lon="140.11057318188250064849853515625">
        <ele>262</ele>
        <time>2025-10-23T01:14:09.000Z</time>
        <extensions>
          <ns3:TrackPointExtension>
            <ns3:hr>119</ns3:hr>
          </ns3:TrackPointExtension>
        </extensions>
      </trkpt>
      <trkpt lat="36.95430879481136798858642578125" lon="140.1105729304254055023193359375">
        <ele>262</ele>
        <time>2025-10-23T01:14:12.000Z</time>
        <extensions>
          <ns3:TrackPointExtension>
            <ns3:hr>122</ns3:hr>
          </ns3:TrackPointExtension>
        </extensions>
      </trkpt>
      <trkpt lat="36.9543559849262237548828125" lon="140.11056982912123203277587890625">
        <ele>262</ele>
        <time>2025-10-23T01:14:16.000Z</time>
        <extensions>
          <ns3:TrackPointExtension>
            <ns3:hr>122</ns3:hr>
          </ns3:TrackPointExtension>
        </extensions>
      </trkpt>
      <trkpt lat="36.954417340457439422607421875" lon="140.110565386712551116943359375">
        <ele>261.79998779296875</ele>
        <time>2025-10-23T01:14:22.000Z</time>
        <extensions>
          <ns3:TrackPointExtension>
            <ns3:hr>122</ns3:hr>
          </ns3:TrackPointExtension>
        </extensions>
      </trkpt>
      <trkpt lat="36.95444022305309772491455078125" lon="140.110570080578327178955078125">
        <ele>262</ele>
        <time>2025-10-23T01:14:25.000Z</time>
        <extensions>
          <ns3:TrackPointExtension>
            <ns3:hr>121</ns3:hr>
          </ns3:TrackPointExtension>
        </extensions>
      </trkpt>
      <trkpt lat="36.954502165317535400390625" lon="140.110565721988677978515625">
        <ele>262.20001220703125</ele>
        <time>2025-10-23T01:14:33.000Z</time>
        <extensions>
          <ns3:TrackPointExtension>
            <ns3:hr>118</ns3:hr>
          </ns3:TrackPointExtension>
        </extensions>
      </trkpt>
      <trkpt lat="36.95451180450618267059326171875" lon="140.11056982912123203277587890625">
        <ele>262.399993896484375</ele>
        <time>2025-10-23T01:14:34.000Z</time>
        <extensions>
          <ns3:TrackPointExtension>
            <ns3:hr>118</ns3:hr>
          </ns3:TrackPointExtension>
        </extensions>
      </trkpt>
      <trkpt lat="36.954550445079803466796875" lon="140.1105809770524501800537109375">
        <ele>262.79998779296875</ele>
        <time>2025-10-23T01:14:38.000Z</time>
        <extensions>
          <ns3:TrackPointExtension>
            <ns3:hr>115</ns3:hr>
          </ns3:TrackPointExtension>
        </extensions>
      </trkpt>
      <trkpt lat="36.954607777297496795654296875" lon="140.110596902668476104736328125">
        <ele>263</ele>
        <time>2025-10-23T01:14:42.000Z</time>
        <extensions>
          <ns3:TrackPointExtension>
            <ns3:hr>113</ns3:hr>
          </ns3:TrackPointExtension>
        </extensions>
      </trkpt>
      <trkpt lat="36.954711042344570159912109375" lon="140.110616348683834075927734375">
        <ele>262.79998779296875</ele>
        <time>2025-10-23T01:14:51.000Z</time>
        <extensions>
          <ns3:TrackPointExtension>
            <ns3:hr>116</ns3:hr>
          </ns3:TrackPointExtension>
        </extensions>
      </trkpt>
      <trkpt lat="36.954740546643733978271484375" lon="140.110625736415386199951171875">
        <ele>263</ele>
        <time>2025-10-23T01:14:54.000Z</time>
        <extensions>
          <ns3:TrackPointExtension>
            <ns3:hr>120</ns3:hr>
          </ns3:TrackPointExtension>
        </extensions>
      </trkpt>
      <trkpt lat="36.9548292271792888641357421875" lon="140.11065750382840633392333984375">
        <ele>263.600006103515625</ele>
        <time>2025-10-23T01:15:01.000Z</time>
        <extensions>
          <ns3:TrackPointExtension>
            <ns3:hr>121</ns3:hr>
          </ns3:TrackPointExtension>
        </extensions>
      </trkpt>
      <trkpt lat="36.9548942707479000091552734375" lon="140.1106956414878368377685546875">
        <ele>263.79998779296875</ele>
        <time>2025-10-23T01:15:06.000Z</time>
        <extensions>
          <ns3:TrackPointExtension>
            <ns3:hr>118</ns3:hr>
          </ns3:TrackPointExtension>
        </extensions>
      </trkpt>
      <trkpt lat="36.95494783110916614532470703125" lon="140.1107221283018589019775390625">
        <ele>263.79998779296875</ele>
        <time>2025-10-23T01:15:10.000Z</time>
        <extensions>
          <ns3:TrackPointExtension>
            <ns3:hr>117</ns3:hr>
          </ns3:TrackPointExtension>
        </extensions>
      </trkpt>
      <trkpt lat="36.9550538621842861175537109375" lon="140.1107841543853282928466796875">
        <ele>263.399993896484375</ele>
        <time>2025-10-23T01:15:20.000Z</time>
        <extensions>
          <ns3:TrackPointExtension>
            <ns3:hr>116</ns3:hr>
          </ns3:TrackPointExtension>
        </extensions>
      </trkpt>
      <trkpt lat="36.95514614693820476531982421875" lon="140.110864453017711639404296875">
        <ele>263.20001220703125</ele>
        <time>2025-10-23T01:15:30.000Z</time>
        <extensions>
          <ns3:TrackPointExtension>
            <ns3:hr>115</ns3:hr>
          </ns3:TrackPointExtension>
        </extensions>
      </trkpt>
      <trkpt lat="36.95521856658160686492919921875" lon="140.11096679605543613433837890625">
        <ele>263.20001220703125</ele>
        <time>2025-10-23T01:15:38.000Z</time>
        <extensions>
          <ns3:TrackPointExtension>
            <ns3:hr>116</ns3:hr>
          </ns3:TrackPointExtension>
        </extensions>
      </trkpt>
      <trkpt lat="36.95528067648410797119140625" lon="140.1110242120921611785888671875">
        <ele>262.79998779296875</ele>
        <time>2025-10-23T01:15:44.000Z</time>
        <extensions>
          <ns3:TrackPointExtension>
            <ns3:hr>116</ns3:hr>
          </ns3:TrackPointExtension>
        </extensions>
      </trkpt>
      <trkpt lat="36.95536189712584018707275390625" lon="140.11110694147646427154541015625">
        <ele>262</ele>
        <time>2025-10-23T01:15:54.000Z</time>
        <extensions>
          <ns3:TrackPointExtension>
            <ns3:hr>117</ns3:hr>
          </ns3:TrackPointExtension>
        </extensions>
      </trkpt>
      <trkpt lat="36.95546382106840610504150390625" lon="140.11121959425508975982666015625">
        <ele>261.20001220703125</ele>
        <time>2025-10-23T01:16:04.000Z</time>
        <extensions>
          <ns3:TrackPointExtension>
            <ns3:hr>119</ns3:hr>
          </ns3:TrackPointExtension>
        </extensions>
      </trkpt>
      <trkpt lat="36.95549483411014080047607421875" lon="140.11124993674457073211669921875">
        <ele>261</ele>
        <time>2025-10-23T01:16:07.000Z</time>
        <extensions>
          <ns3:TrackPointExtension>
            <ns3:hr>115</ns3:hr>
          </ns3:TrackPointExtension>
        </extensions>
      </trkpt>
      <trkpt lat="36.95553607307374477386474609375" lon="140.11129721067845821380615234375">
        <ele>260.600006103515625</ele>
        <time>2025-10-23T01:16:11.000Z</time>
        <extensions>
          <ns3:TrackPointExtension>
            <ns3:hr>118</ns3:hr>
          </ns3:TrackPointExtension>
        </extensions>
      </trkpt>
      <trkpt lat="36.95555082522332668304443359375" lon="140.11130710132420063018798828125">
        <ele>260.399993896484375</ele>
        <time>2025-10-23T01:16:12.000Z</time>
        <extensions>
          <ns3:TrackPointExtension>
            <ns3:hr>117</ns3:hr>
          </ns3:TrackPointExtension>
        </extensions>
      </trkpt>
      <trkpt lat="36.9556744582951068878173828125" lon="140.1113963685929775238037109375">
        <ele>258.600006103515625</ele>
        <time>2025-10-23T01:16:23.000Z</time>
        <extensions>
          <ns3:TrackPointExtension>
            <ns3:hr>118</ns3:hr>
          </ns3:TrackPointExtension>
        </extensions>
      </trkpt>
      <trkpt lat="36.95579289458692073822021484375" lon="140.11145143769681453704833984375">
        <ele>258.399993896484375</ele>
        <time>2025-10-23T01:16:33.000Z</time>
        <extensions>
          <ns3:TrackPointExtension>
            <ns3:hr>116</ns3:hr>
          </ns3:TrackPointExtension>
        </extensions>
      </trkpt>
      <trkpt lat="36.9559245742857456207275390625" lon="140.11151581071317195892333984375">
        <ele>258.20001220703125</ele>
        <time>2025-10-23T01:16:43.000Z</time>
        <extensions>
          <ns3:TrackPointExtension>
            <ns3:hr>118</ns3:hr>
          </ns3:TrackPointExtension>
        </extensions>
      </trkpt>
      <trkpt lat="36.95594611577689647674560546875" lon="140.11153743602335453033447265625">
        <ele>258</ele>
        <time>2025-10-23T01:16:46.000Z</time>
        <extensions>
          <ns3:TrackPointExtension>
            <ns3:hr>119</ns3:hr>
          </ns3:TrackPointExtension>
        </extensions>
      </trkpt>
      <trkpt lat="36.955971010029315948486328125" lon="140.11157381348311901092529296875">
        <ele>258</ele>
        <time>2025-10-23T01:16:50.000Z</time>
        <extensions>
          <ns3:TrackPointExtension>
            <ns3:hr>119</ns3:hr>
          </ns3:TrackPointExtension>
        </extensions>
      </trkpt>
      <trkpt lat="36.9560576789081096649169921875" lon="140.11162326671183109283447265625">
        <ele>258.399993896484375</ele>
        <time>2025-10-23T01:16:57.000Z</time>
        <extensions>
          <ns3:TrackPointExtension>
            <ns3:hr>117</ns3:hr>
          </ns3:TrackPointExtension>
        </extensions>
      </trkpt>
      <trkpt lat="36.9561830721795558929443359375" lon="140.1116716302931308746337890625">
        <ele>258.79998779296875</ele>
        <time>2025-10-23T01:17:07.000Z</time>
        <extensions>
          <ns3:TrackPointExtension>
            <ns3:hr>115</ns3:hr>
          </ns3:TrackPointExtension>
        </extensions>
      </trkpt>
      <trkpt lat="36.956242583692073822021484375" lon="140.1116893999278545379638671875">
        <ele>259</ele>
        <time>2025-10-23T01:17:13.000Z</time>
        <extensions>
          <ns3:TrackPointExtension>
            <ns3:hr>113</ns3:hr>
          </ns3:TrackPointExtension>
        </extensions>
      </trkpt>
      <trkpt lat="36.95638918317854404449462890625" lon="140.11174815706908702850341796875">
        <ele>260.600006103515625</ele>
        <time>2025-10-23T01:17:27.000Z</time>
        <extensions>
          <ns3:TrackPointExtension>
            <ns3:hr>111</ns3:hr>
          </ns3:TrackPointExtension>
        </extensions>
      </trkpt>
      <trkpt lat="36.95654802024364471435546875" lon="140.11180800385773181915283203125">
        <ele>262.20001220703125</ele>
        <time>2025-10-23T01:17:39.000Z</time>
        <extensions>
          <ns3:TrackPointExtension>
            <ns3:hr>113</ns3:hr>
          </ns3:TrackPointExtension>
        </extensions>
      </trkpt>
      <trkpt lat="36.9566447474062442779541015625" lon="140.1118479855358600616455078125">
        <ele>263</ele>
        <time>2025-10-23T01:17:47.000Z</time>
        <extensions>
          <ns3:TrackPointExtension>
            <ns3:hr>112</ns3:hr>
          </ns3:TrackPointExtension>
        </extensions>
      </trkpt>
      <trkpt lat="36.9567563943564891815185546875" lon="140.11187422089278697967529296875">
        <ele>263.79998779296875</ele>
        <time>2025-10-23T01:17:56.000Z</time>
        <extensions>
          <ns3:TrackPointExtension>
            <ns3:hr>112</ns3:hr>
          </ns3:TrackPointExtension>
        </extensions>
      </trkpt>
      <trkpt lat="36.95687122642993927001953125" lon="140.11192233301699161529541015625">
        <ele>264.600006103515625</ele>
        <time>2025-10-23T01:18:04.000Z</time>
        <extensions>
          <ns3:TrackPointExtension>
            <ns3:hr>111</ns3:hr>
          </ns3:TrackPointExtension>
        </extensions>
      </trkpt>
      <trkpt lat="36.95694875903427600860595703125" lon="140.11193222366273403167724609375">
        <ele>265.20001220703125</ele>
        <time>2025-10-23T01:18:11.000Z</time>
        <extensions>
          <ns3:TrackPointExtension>
            <ns3:hr>110</ns3:hr>
          </ns3:TrackPointExtension>
        </extensions>
      </trkpt>
      <trkpt lat="36.95702218450605869293212890625" lon="140.11196918785572052001953125">
        <ele>265.600006103515625</ele>
        <time>2025-10-23T01:18:18.000Z</time>
        <extensions>
          <ns3:TrackPointExtension>
            <ns3:hr>110</ns3:hr>
          </ns3:TrackPointExtension>
        </extensions>
      </trkpt>
      <trkpt lat="36.957085467875003814697265625" lon="140.11199726723134517669677734375">
        <ele>266.20001220703125</ele>
        <time>2025-10-23T01:18:25.000Z</time>
        <extensions>
          <ns3:TrackPointExtension>
            <ns3:hr>112</ns3:hr>
          </ns3:TrackPointExtension>
        </extensions>
      </trkpt>
      <trkpt lat="36.9571895711123943328857421875" lon="140.11201855726540088653564453125">
        <ele>267.79998779296875</ele>
        <time>2025-10-23T01:18:36.000Z</time>
        <extensions>
          <ns3:TrackPointExtension>
            <ns3:hr>111</ns3:hr>
          </ns3:TrackPointExtension>
        </extensions>
      </trkpt>
      <trkpt lat="36.95727900601923465728759765625" lon="140.1120208203792572021484375">
        <ele>269</ele>
        <time>2025-10-23T01:18:43.000Z</time>
        <extensions>
          <ns3:TrackPointExtension>
            <ns3:hr>114</ns3:hr>
          </ns3:TrackPointExtension>
        </extensions>
      </trkpt>
      <trkpt lat="36.9573052413761615753173828125" lon="140.1120347343385219573974609375">
        <ele>269.20001220703125</ele>
        <time>2025-10-23T01:18:45.000Z</time>
        <extensions>
          <ns3:TrackPointExtension>
            <ns3:hr>114</ns3:hr>
          </ns3:TrackPointExtension>
        </extensions>
      </trkpt>
      <trkpt lat="36.95743993856012821197509765625" lon="140.1120585389435291290283203125">
        <ele>270.20001220703125</ele>
        <time>2025-10-23T01:18:56.000Z</time>
        <extensions>
          <ns3:TrackPointExtension>
            <ns3:hr>116</ns3:hr>
          </ns3:TrackPointExtension>
        </extensions>
      </trkpt>
      <trkpt lat="36.957476399838924407958984375" lon="140.11205904185771942138671875">
        <ele>270.20001220703125</ele>
        <time>2025-10-23T01:18:59.000Z</time>
        <extensions>
          <ns3:TrackPointExtension>
            <ns3:hr>117</ns3:hr>
          </ns3:TrackPointExtension>
        </extensions>
      </trkpt>
      <trkpt lat="36.95754035376012325286865234375" lon="140.11207773350179195404052734375">
        <ele>270.600006103515625</ele>
        <time>2025-10-23T01:19:04.000Z</time>
        <extensions>
          <ns3:TrackPointExtension>
            <ns3:hr>119</ns3:hr>
          </ns3:TrackPointExtension>
        </extensions>
      </trkpt>
      <trkpt lat="36.95763163268566131591796875" lon="140.11208125390112400054931640625">
        <ele>271</ele>
        <time>2025-10-23T01:19:12.000Z</time>
        <extensions>
          <ns3:TrackPointExtension>
            <ns3:hr>120</ns3:hr>
          </ns3:TrackPointExtension>
        </extensions>
      </trkpt>
      <trkpt lat="36.95768821053206920623779296875" lon="140.1120798289775848388671875">
        <ele>271.600006103515625</ele>
        <time>2025-10-23T01:19:18.000Z</time>
        <extensions>
          <ns3:TrackPointExtension>
            <ns3:hr>121</ns3:hr>
          </ns3:TrackPointExtension>
        </extensions>
      </trkpt>
      <trkpt lat="36.95776096545159816741943359375" lon="140.1121051423251628875732421875">
        <ele>272.399993896484375</ele>
        <time>2025-10-23T01:19:24.000Z</time>
        <extensions>
          <ns3:TrackPointExtension>
            <ns3:hr>122</ns3:hr>
          </ns3:TrackPointExtension>
        </extensions>
      </trkpt>
      <trkpt lat="36.9577716104686260223388671875" lon="140.1121091656386852264404296875">
        <ele>272.600006103515625</ele>
        <time>2025-10-23T01:19:26.000Z</time>
        <extensions>
          <ns3:TrackPointExtension>
            <ns3:hr>122</ns3:hr>
          </ns3:TrackPointExtension>
        </extensions>
      </trkpt>
      <trkpt lat="36.9577856920659542083740234375" lon="140.11210505850613117218017578125">
        <ele>272.79998779296875</ele>
        <time>2025-10-23T01:19:29.000Z</time>
        <extensions>
          <ns3:TrackPointExtension>
            <ns3:hr>122</ns3:hr>
          </ns3:TrackPointExtension>
        </extensions>
      </trkpt>
      <trkpt lat="36.9578742049634456634521484375" lon="140.11208812706172466278076171875">
        <ele>273.600006103515625</ele>
        <time>2025-10-23T01:19:34.000Z</time>
        <extensions>
          <ns3:TrackPointExtension>
            <ns3:hr>122</ns3:hr>
          </ns3:TrackPointExtension>
        </extensions>
      </trkpt>
      <trkpt lat="36.95799507200717926025390625" lon="140.11208410374820232391357421875">
        <ele>275.79998779296875</ele>
        <time>2025-10-23T01:19:43.000Z</time>
        <extensions>
          <ns3:TrackPointExtension>
            <ns3:hr>123</ns3:hr>
          </ns3:TrackPointExtension>
        </extensions>
      </trkpt>
      <trkpt lat="36.958067156374454498291015625" lon="140.1120771467685699462890625">
        <ele>277.399993896484375</ele>
        <time>2025-10-23T01:19:50.000Z</time>
        <extensions>
          <ns3:TrackPointExtension>
            <ns3:hr>124</ns3:hr>
          </ns3:TrackPointExtension>
        </extensions>
      </trkpt>
      <trkpt lat="36.9580777175724506378173828125" lon="140.112080164253711700439453125">
        <ele>277.600006103515625</ele>
        <time>2025-10-23T01:19:51.000Z</time>
        <extensions>
          <ns3:TrackPointExtension>
            <ns3:hr>125</ns3:hr>
          </ns3:TrackPointExtension>
        </extensions>
      </trkpt>
      <trkpt lat="36.958127506077289581298828125" lon="140.1120987720787525177001953125">
        <ele>278.79998779296875</ele>
        <time>2025-10-23T01:19:55.000Z</time>
        <extensions>
          <ns3:TrackPointExtension>
            <ns3:hr>125</ns3:hr>
          </ns3:TrackPointExtension>
        </extensions>
      </trkpt>
      <trkpt lat="36.95815944112837314605712890625" lon="140.11210237629711627960205078125">
        <ele>279.399993896484375</ele>
        <time>2025-10-23T01:19:57.000Z</time>
        <extensions>
          <ns3:TrackPointExtension>
            <ns3:hr>125</ns3:hr>
          </ns3:TrackPointExtension>
        </extensions>
      </trkpt>
      <trkpt lat="36.95822565816342830657958984375" lon="140.11211025528609752655029296875">
        <ele>280.79998779296875</ele>
        <time>2025-10-23T01:20:02.000Z</time>
        <extensions>
          <ns3:TrackPointExtension>
            <ns3:hr>125</ns3:hr>
          </ns3:TrackPointExtension>
        </extensions>
      </trkpt>
      <trkpt lat="36.95823915302753448486328125" lon="140.112105645239353179931640625">
        <ele>281</ele>
        <time>2025-10-23T01:20:03.000Z</time>
        <extensions>
          <ns3:TrackPointExtension>
            <ns3:hr>125</ns3:hr>
          </ns3:TrackPointExtension>
        </extensions>
      </trkpt>
      <trkpt lat="36.958293803036212921142578125" lon="140.11211134493350982666015625">
        <ele>282</ele>
        <time>2025-10-23T01:20:08.000Z</time>
        <extensions>
          <ns3:TrackPointExtension>
            <ns3:hr>125</ns3:hr>
          </ns3:TrackPointExtension>
        </extensions>
      </trkpt>
      <trkpt lat="36.9583717547357082366943359375" lon="140.11212852783501148223876953125">
        <ele>283.20001220703125</ele>
        <time>2025-10-23T01:20:15.000Z</time>
        <extensions>
          <ns3:TrackPointExtension>
            <ns3:hr>126</ns3:hr>
          </ns3:TrackPointExtension>
        </extensions>
      </trkpt>
      <trkpt lat="36.95847527123987674713134765625" lon="140.112143866717815399169921875">
        <ele>284.79998779296875</ele>
        <time>2025-10-23T01:20:22.000Z</time>
        <extensions>
          <ns3:TrackPointExtension>
            <ns3:hr>126</ns3:hr>
          </ns3:TrackPointExtension>
        </extensions>
      </trkpt>
      <trkpt lat="36.9584874249994754791259765625" lon="140.11215233244001865386962890625">
        <ele>284.79998779296875</ele>
        <time>2025-10-23T01:20:23.000Z</time>
        <extensions>
          <ns3:TrackPointExtension>
            <ns3:hr>126</ns3:hr>
          </ns3:TrackPointExtension>
        </extensions>
      </trkpt>
      <trkpt lat="36.9585333578288555145263671875" lon="140.112167336046695709228515625">
        <ele>285.20001220703125</ele>
        <time>2025-10-23T01:20:27.000Z</time>
        <extensions>
          <ns3:TrackPointExtension>
            <ns3:hr>125</ns3:hr>
          </ns3:TrackPointExtension>
        </extensions>
      </trkpt>
      <trkpt lat="36.95858054794371128082275390625" lon="140.11220446787774562835693359375">
        <ele>285.399993896484375</ele>
        <time>2025-10-23T01:20:30.000Z</time>
        <extensions>
          <ns3:TrackPointExtension>
            <ns3:hr>123</ns3:hr>
          </ns3:TrackPointExtension>
        </extensions>
      </trkpt>
      <trkpt lat="36.95866973139345645904541015625" lon="140.11224185116589069366455078125">
        <ele>286.20001220703125</ele>
        <time>2025-10-23T01:20:35.000Z</time>
        <extensions>
          <ns3:TrackPointExtension>
            <ns3:hr>121</ns3:hr>
          </ns3:TrackPointExtension>
        </extensions>
      </trkpt>
      <trkpt lat="36.958676688373088836669921875" lon="140.112251825630664825439453125">
        <ele>286.20001220703125</ele>
        <time>2025-10-23T01:20:36.000Z</time>
        <extensions>
          <ns3:TrackPointExtension>
            <ns3:hr>122</ns3:hr>
          </ns3:TrackPointExtension>
        </extensions>
      </trkpt>
      <trkpt lat="36.95869781076908111572265625" lon="140.112266577780246734619140625">
        <ele>286.20001220703125</ele>
        <time>2025-10-23T01:20:38.000Z</time>
        <extensions>
          <ns3:TrackPointExtension>
            <ns3:hr>123</ns3:hr>
          </ns3:TrackPointExtension>
        </extensions>
      </trkpt>
      <trkpt lat="36.95872731506824493408203125" lon="140.11227454058825969696044921875">
        <ele>286.600006103515625</ele>
        <time>2025-10-23T01:20:40.000Z</time>
        <extensions>
          <ns3:TrackPointExtension>
            <ns3:hr>124</ns3:hr>
          </ns3:TrackPointExtension>
        </extensions>
      </trkpt>
      <trkpt lat="36.958739720284938812255859375" lon="140.11228409595787525177001953125">
        <ele>286.600006103515625</ele>
        <time>2025-10-23T01:20:41.000Z</time>
        <extensions>
          <ns3:TrackPointExtension>
            <ns3:hr>124</ns3:hr>
          </ns3:TrackPointExtension>
        </extensions>
      </trkpt>
      <trkpt lat="36.95875589735805988311767578125" lon="140.1122969202697277069091796875">
        <ele>286.600006103515625</ele>
        <time>2025-10-23T01:20:45.000Z</time>
        <extensions>
          <ns3:TrackPointExtension>
            <ns3:hr>125</ns3:hr>
          </ns3:TrackPointExtension>
        </extensions>
      </trkpt>
      <trkpt lat="36.95878439582884311676025390625" lon="140.1123656518757343292236328125">
        <ele>286</ele>
        <time>2025-10-23T01:20:50.000Z</time>
        <extensions>
          <ns3:TrackPointExtension>
            <ns3:hr>124</ns3:hr>
          </ns3:TrackPointExtension>
        </extensions>
      </trkpt>
      <trkpt lat="36.95879881270229816436767578125" lon="140.11242424137890338897705078125">
        <ele>285.600006103515625</ele>
        <time>2025-10-23T01:20:53.000Z</time>
        <extensions>
          <ns3:TrackPointExtension>
            <ns3:hr>123</ns3:hr>
          </ns3:TrackPointExtension>
        </extensions>
      </trkpt>
      <trkpt lat="36.958828903734683990478515625" lon="140.11244720779359340667724609375">
        <ele>285.79998779296875</ele>
        <time>2025-10-23T01:20:55.000Z</time>
        <extensions>
          <ns3:TrackPointExtension>
            <ns3:hr>122</ns3:hr>
          </ns3:TrackPointExtension>
        </extensions>
      </trkpt>
      <trkpt lat="36.95886075496673583984375" lon="140.11246380396187305450439453125">
        <ele>286</ele>
        <time>2025-10-23T01:20:57.000Z</time>
        <extensions>
          <ns3:TrackPointExtension>
            <ns3:hr>122</ns3:hr>
          </ns3:TrackPointExtension>
        </extensions>
      </trkpt>
      <trkpt lat="36.95894281379878520965576171875" lon="140.112504623830318450927734375">
        <ele>286.79998779296875</ele>
        <time>2025-10-23T01:21:04.000Z</time>
        <extensions>
          <ns3:TrackPointExtension>
            <ns3:hr>123</ns3:hr>
          </ns3:TrackPointExtension>
        </extensions>
      </trkpt>
      <trkpt lat="36.9589708931744098663330078125" lon="140.11252968572080135345458984375">
        <ele>286.79998779296875</ele>
        <time>2025-10-23T01:21:09.000Z</time>
        <extensions>
          <ns3:TrackPointExtension>
            <ns3:hr>124</ns3:hr>
          </ns3:TrackPointExtension>
        </extensions>
      </trkpt>
      <trkpt lat="36.9589896686375141143798828125" lon="140.11255390942096710205078125">
        <ele>286.79998779296875</ele>
        <time>2025-10-23T01:21:11.000Z</time>
        <extensions>
          <ns3:TrackPointExtension>
            <ns3:hr>124</ns3:hr>
          </ns3:TrackPointExtension>
        </extensions>
      </trkpt>
      <trkpt lat="36.95905982516705989837646484375" lon="140.11256908066570758819580078125">
        <ele>287.600006103515625</ele>
        <time>2025-10-23T01:21:15.000Z</time>
        <extensions>
          <ns3:TrackPointExtension>
            <ns3:hr>126</ns3:hr>
          </ns3:TrackPointExtension>
        </extensions>
      </trkpt>
      <trkpt lat="36.95911363698542118072509765625" lon="140.1125876046717166900634765625">
        <ele>288</ele>
        <time>2025-10-23T01:21:19.000Z</time>
        <extensions>
          <ns3:TrackPointExtension>
            <ns3:hr>125</ns3:hr>
          </ns3:TrackPointExtension>
        </extensions>
      </trkpt>
      <trkpt lat="36.9591542892158031463623046875" lon="140.112591125071048736572265625">
        <ele>288.399993896484375</ele>
        <time>2025-10-23T01:21:23.000Z</time>
        <extensions>
          <ns3:TrackPointExtension>
            <ns3:hr>125</ns3:hr>
          </ns3:TrackPointExtension>
        </extensions>
      </trkpt>
      <trkpt lat="36.9592243619263172149658203125" lon="140.1126332022249698638916015625">
        <ele>288.600006103515625</ele>
        <time>2025-10-23T01:21:29.000Z</time>
        <extensions>
          <ns3:TrackPointExtension>
            <ns3:hr>123</ns3:hr>
          </ns3:TrackPointExtension>
        </extensions>
      </trkpt>
      <trkpt lat="36.95931329391896724700927734375" lon="140.1126969046890735626220703125">
        <ele>289.399993896484375</ele>
        <time>2025-10-23T01:21:38.000Z</time>
        <extensions>
          <ns3:TrackPointExtension>
            <ns3:hr>125</ns3:hr>
          </ns3:TrackPointExtension>
        </extensions>
      </trkpt>
      <trkpt lat="36.95937666110694408416748046875" lon="140.11274392716586589813232421875">
        <ele>290.399993896484375</ele>
        <time>2025-10-23T01:21:45.000Z</time>
        <extensions>
          <ns3:TrackPointExtension>
            <ns3:hr>125</ns3:hr>
          </ns3:TrackPointExtension>
        </extensions>
      </trkpt>
      <trkpt lat="36.9594132900238037109375" lon="140.1127575896680355072021484375">
        <ele>291</ele>
        <time>2025-10-23T01:21:48.000Z</time>
        <extensions>
          <ns3:TrackPointExtension>
            <ns3:hr>123</ns3:hr>
          </ns3:TrackPointExtension>
        </extensions>
      </trkpt>
      <trkpt lat="36.95944690145552158355712890625" lon="140.1127750240266323089599609375">
        <ele>291.399993896484375</ele>
        <time>2025-10-23T01:21:51.000Z</time>
        <extensions>
          <ns3:TrackPointExtension>
            <ns3:hr>121</ns3:hr>
          </ns3:TrackPointExtension>
        </extensions>
      </trkpt>
      <trkpt lat="36.95949082262814044952392578125" lon="140.1128683984279632568359375">
        <ele>292.600006103515625</ele>
        <time>2025-10-23T01:21:56.000Z</time>
        <extensions>
          <ns3:TrackPointExtension>
            <ns3:hr>122</ns3:hr>
          </ns3:TrackPointExtension>
        </extensions>
      </trkpt>
      <trkpt lat="36.9595475681126117706298828125" lon="140.112926401197910308837890625">
        <ele>293.600006103515625</ele>
        <time>2025-10-23T01:22:00.000Z</time>
        <extensions>
          <ns3:TrackPointExtension>
            <ns3:hr>122</ns3:hr>
          </ns3:TrackPointExtension>
        </extensions>
      </trkpt>
      <trkpt lat="36.95959693752229213714599609375" lon="140.1129547320306301116943359375">
        <ele>294.399993896484375</ele>
        <time>2025-10-23T01:22:03.000Z</time>
        <extensions>
          <ns3:TrackPointExtension>
            <ns3:hr>122</ns3:hr>
          </ns3:TrackPointExtension>
        </extensions>
      </trkpt>
      <trkpt lat="36.9596230052411556243896484375" lon="140.11296655051410198211669921875">
        <ele>294.600006103515625</ele>
        <time>2025-10-23T01:22:05.000Z</time>
        <extensions>
          <ns3:TrackPointExtension>
            <ns3:hr>122</ns3:hr>
          </ns3:TrackPointExtension>
        </extensions>
      </trkpt>
      <trkpt lat="36.95964169688522815704345703125" lon="140.11299571953713893890380859375">
        <ele>295</ele>
        <time>2025-10-23T01:22:07.000Z</time>
        <extensions>
          <ns3:TrackPointExtension>
            <ns3:hr>123</ns3:hr>
          </ns3:TrackPointExtension>
        </extensions>
      </trkpt>
      <trkpt lat="36.95965477265417575836181640625" lon="140.1130201108753681182861328125">
        <ele>295.399993896484375</ele>
        <time>2025-10-23T01:22:08.000Z</time>
        <extensions>
          <ns3:TrackPointExtension>
            <ns3:hr>123</ns3:hr>
          </ns3:TrackPointExtension>
        </extensions>
      </trkpt>
      <trkpt lat="36.9596900604665279388427734375" lon="140.11305280029773712158203125">
        <ele>296</ele>
        <time>2025-10-23T01:22:11.000Z</time>
        <extensions>
          <ns3:TrackPointExtension>
            <ns3:hr>121</ns3:hr>
          </ns3:TrackPointExtension>
        </extensions>
      </trkpt>
      <trkpt lat="36.95972015149891376495361328125" lon="140.11307425796985626220703125">
        <ele>296.600006103515625</ele>
        <time>2025-10-23T01:22:14.000Z</time>
        <extensions>
          <ns3:TrackPointExtension>
            <ns3:hr>120</ns3:hr>
          </ns3:TrackPointExtension>
        </extensions>
      </trkpt>
      <trkpt lat="36.95978234522044658660888671875" lon="140.11314692907035350799560546875">
        <ele>297.79998779296875</ele>
        <time>2025-10-23T01:22:22.000Z</time>
        <extensions>
          <ns3:TrackPointExtension>
            <ns3:hr>120</ns3:hr>
          </ns3:TrackPointExtension>
        </extensions>
      </trkpt>
      <trkpt lat="36.9598786532878875732421875" lon="140.1132236234843730926513671875">
        <ele>299.20001220703125</ele>
        <time>2025-10-23T01:22:29.000Z</time>
        <extensions>
          <ns3:TrackPointExtension>
            <ns3:hr>119</ns3:hr>
          </ns3:TrackPointExtension>
        </extensions>
      </trkpt>
      <trkpt lat="36.95990304462611675262451171875" lon="140.11324550025165081024169921875">
        <ele>299.399993896484375</ele>
        <time>2025-10-23T01:22:31.000Z</time>
        <extensions>
          <ns3:TrackPointExtension>
            <ns3:hr>118</ns3:hr>
          </ns3:TrackPointExtension>
        </extensions>
      </trkpt>
      <trkpt lat="36.9599385000765323638916015625" lon="140.113275758922100067138671875">
        <ele>299.79998779296875</ele>
        <time>2025-10-23T01:22:34.000Z</time>
        <extensions>
          <ns3:TrackPointExtension>
            <ns3:hr>116</ns3:hr>
          </ns3:TrackPointExtension>
        </extensions>
      </trkpt>
      <trkpt lat="36.960001699626445770263671875" lon="140.1133096218109130859375">
        <ele>300.399993896484375</ele>
        <time>2025-10-23T01:22:39.000Z</time>
        <extensions>
          <ns3:TrackPointExtension>
            <ns3:hr>116</ns3:hr>
          </ns3:TrackPointExtension>
        </extensions>
      </trkpt>
      <trkpt lat="36.96006548590958118438720703125" lon="140.11337541975080966949462890625">
        <ele>301</ele>
        <time>2025-10-23T01:22:43.000Z</time>
        <extensions>
          <ns3:TrackPointExtension>
            <ns3:hr>113</ns3:hr>
          </ns3:TrackPointExtension>
        </extensions>
      </trkpt>
      <trkpt lat="36.9601299427449703216552734375" lon="140.1134093664586544036865234375">
        <ele>301.600006103515625</ele>
        <time>2025-10-23T01:22:48.000Z</time>
        <extensions>
          <ns3:TrackPointExtension>
            <ns3:hr>112</ns3:hr>
          </ns3:TrackPointExtension>
        </extensions>
      </trkpt>
      <trkpt lat="36.96019104681909084320068359375" lon="140.11343727819621562957763671875">
        <ele>301.399993896484375</ele>
        <time>2025-10-23T01:22:55.000Z</time>
        <extensions>
          <ns3:TrackPointExtension>
            <ns3:hr>110</ns3:hr>
          </ns3:TrackPointExtension>
        </extensions>
      </trkpt>
      <trkpt lat="36.9602251611649990081787109375" lon="140.11348061263561248779296875">
        <ele>301.20001220703125</ele>
        <time>2025-10-23T01:23:00.000Z</time>
        <extensions>
          <ns3:TrackPointExtension>
            <ns3:hr>107</ns3:hr>
          </ns3:TrackPointExtension>
        </extensions>
      </trkpt>
      <trkpt lat="36.96023396216332912445068359375" lon="140.1135029084980487823486328125">
        <ele>301.20001220703125</ele>
        <time>2025-10-23T01:23:02.000Z</time>
        <extensions>
          <ns3:TrackPointExtension>
            <ns3:hr>104</ns3:hr>
          </ns3:TrackPointExtension>
        </extensions>
      </trkpt>
      <trkpt lat="36.96024301461875438690185546875" lon="140.11351489461958408355712890625">
        <ele>301.20001220703125</ele>
        <time>2025-10-23T01:23:03.000Z</time>
        <extensions>
          <ns3:TrackPointExtension>
            <ns3:hr>107</ns3:hr>
          </ns3:TrackPointExtension>
        </extensions>
      </trkpt>
      <trkpt lat="36.9602590240538120269775390625" lon="140.11352310888469219207763671875">
        <ele>301</ele>
        <time>2025-10-23T01:23:04.000Z</time>
        <extensions>
          <ns3:TrackPointExtension>
            <ns3:hr>108</ns3:hr>
          </ns3:TrackPointExtension>
        </extensions>
      </trkpt>
      <trkpt lat="36.96032348088920116424560546875" lon="140.1135659404098987579345703125">
        <ele>300.399993896484375</ele>
        <time>2025-10-23T01:23:08.000Z</time>
        <extensions>
          <ns3:TrackPointExtension>
            <ns3:hr>110</ns3:hr>
          </ns3:TrackPointExtension>
        </extensions>
      </trkpt>
      <trkpt lat="36.9603921286761760711669921875" lon="140.1136018149554729461669921875">
        <ele>299.79998779296875</ele>
        <time>2025-10-23T01:23:12.000Z</time>
        <extensions>
          <ns3:TrackPointExtension>
            <ns3:hr>113</ns3:hr>
          </ns3:TrackPointExtension>
        </extensions>
      </trkpt>
      <trkpt lat="36.960446275770664215087890625" lon="140.1136329956352710723876953125">
        <ele>299.20001220703125</ele>
        <time>2025-10-23T01:23:15.000Z</time>
        <extensions>
          <ns3:TrackPointExtension>
            <ns3:hr>114</ns3:hr>
          </ns3:TrackPointExtension>
        </extensions>
      </trkpt>
      <trkpt lat="36.96049799211323261260986328125" lon="140.1136631704866886138916015625">
        <ele>298.79998779296875</ele>
        <time>2025-10-23T01:23:18.000Z</time>
        <extensions>
          <ns3:TrackPointExtension>
            <ns3:hr>117</ns3:hr>
          </ns3:TrackPointExtension>
        </extensions>
      </trkpt>
      <trkpt lat="36.96052707731723785400390625" lon="140.1136799342930316925048828125">
        <ele>298.399993896484375</ele>
        <time>2025-10-23T01:23:20.000Z</time>
        <extensions>
          <ns3:TrackPointExtension>
            <ns3:hr>120</ns3:hr>
          </ns3:TrackPointExtension>
        </extensions>
      </trkpt>
      <trkpt lat="36.96060930378735065460205078125" lon="140.1137258671224117279052734375">
        <ele>297.79998779296875</ele>
        <time>2025-10-23T01:23:25.000Z</time>
        <extensions>
          <ns3:TrackPointExtension>
            <ns3:hr>123</ns3:hr>
          </ns3:TrackPointExtension>
        </extensions>
      </trkpt>
      <trkpt lat="36.9607709906995296478271484375" lon="140.11385209858417510986328125">
        <ele>295.600006103515625</ele>
        <time>2025-10-23T01:23:34.000Z</time>
        <extensions>
          <ns3:TrackPointExtension>
            <ns3:hr>125</ns3:hr>
          </ns3:TrackPointExtension>
        </extensions>
      </trkpt>
      <trkpt lat="36.96079320274293422698974609375" lon="140.11386056430637836456298828125">
        <ele>295.20001220703125</ele>
        <time>2025-10-23T01:23:35.000Z</time>
        <extensions>
          <ns3:TrackPointExtension>
            <ns3:hr>126</ns3:hr>
          </ns3:TrackPointExtension>
        </extensions>
      </trkpt>
      <trkpt lat="36.9608273170888423919677734375" lon="140.11387162841856479644775390625">
        <ele>294.79998779296875</ele>
        <time>2025-10-23T01:23:37.000Z</time>
        <extensions>
          <ns3:TrackPointExtension>
            <ns3:hr>128</ns3:hr>
          </ns3:TrackPointExtension>
        </extensions>
      </trkpt>
      <trkpt lat="36.960885822772979736328125" lon="140.11390465311706066131591796875">
        <ele>294</ele>
        <time>2025-10-23T01:23:41.000Z</time>
        <extensions>
          <ns3:TrackPointExtension>
            <ns3:hr>131</ns3:hr>
          </ns3:TrackPointExtension>
        </extensions>
      </trkpt>
      <trkpt lat="36.960934437811374664306640625" lon="140.1139354147017002105712890625">
        <ele>293.20001220703125</ele>
        <time>2025-10-23T01:23:44.000Z</time>
        <extensions>
          <ns3:TrackPointExtension>
            <ns3:hr>134</ns3:hr>
          </ns3:TrackPointExtension>
        </extensions>
      </trkpt>
      <trkpt lat="36.961011551320552825927734375" lon="140.11400322429835796356201171875">
        <ele>291.79998779296875</ele>
        <time>2025-10-23T01:23:50.000Z</time>
        <extensions>
          <ns3:TrackPointExtension>
            <ns3:hr>136</ns3:hr>
          </ns3:TrackPointExtension>
        </extensions>
      </trkpt>
      <trkpt lat="36.96102957241237163543701171875" lon="140.11401034891605377197265625">
        <ele>291.600006103515625</ele>
        <time>2025-10-23T01:23:51.000Z</time>
        <extensions>
          <ns3:TrackPointExtension>
            <ns3:hr>137</ns3:hr>
          </ns3:TrackPointExtension>
        </extensions>
      </trkpt>
      <trkpt lat="36.96106427349150180816650390625" lon="140.1140336506068706512451171875">
        <ele>291</ele>
        <time>2025-10-23T01:23:53.000Z</time>
        <extensions>
          <ns3:TrackPointExtension>
            <ns3:hr>134</ns3:hr>
          </ns3:TrackPointExtension>
        </extensions>
      </trkpt>
      <trkpt lat="36.961089335381984710693359375" lon="140.11406038887798786163330078125">
        <ele>290.600006103515625</ele>
        <time>2025-10-23T01:23:55.000Z</time>
        <extensions>
          <ns3:TrackPointExtension>
            <ns3:hr>133</ns3:hr>
          </ns3:TrackPointExtension>
        </extensions>
      </trkpt>
      <trkpt lat="36.96111045777797698974609375" lon="140.114073716104030609130859375">
        <ele>290.20001220703125</ele>
        <time>2025-10-23T01:23:56.000Z</time>
        <extensions>
          <ns3:TrackPointExtension>
            <ns3:hr>131</ns3:hr>
          </ns3:TrackPointExtension>
        </extensions>
      </trkpt>
      <trkpt lat="36.9611558876931667327880859375" lon="140.1141080819070339202880859375">
        <ele>289.20001220703125</ele>
        <time>2025-10-23T01:23:59.000Z</time>
        <extensions>
          <ns3:TrackPointExtension>
            <ns3:hr>128</ns3:hr>
          </ns3:TrackPointExtension>
        </extensions>
      </trkpt>
      <trkpt lat="36.9612034969031810760498046875" lon="140.11414756067097187042236328125">
        <ele>288.20001220703125</ele>
        <time>2025-10-23T01:24:02.000Z</time>
        <extensions>
          <ns3:TrackPointExtension>
            <ns3:hr>129</ns3:hr>
          </ns3:TrackPointExtension>
        </extensions>
      </trkpt>
      <trkpt lat="36.96122788824141025543212890625" lon="140.1141805015504360198974609375">
        <ele>287.399993896484375</ele>
        <time>2025-10-23T01:24:04.000Z</time>
        <extensions>
          <ns3:TrackPointExtension>
            <ns3:hr>130</ns3:hr>
          </ns3:TrackPointExtension>
        </extensions>
      </trkpt>
      <trkpt lat="36.96129284799098968505859375" lon="140.114246048033237457275390625">
        <ele>285.79998779296875</ele>
        <time>2025-10-23T01:24:08.000Z</time>
        <extensions>
          <ns3:TrackPointExtension>
            <ns3:hr>132</ns3:hr>
          </ns3:TrackPointExtension>
        </extensions>
      </trkpt>
      <trkpt lat="36.9614103622734546661376953125" lon="140.11434294283390045166015625">
        <ele>283</ele>
        <time>2025-10-23T01:24:15.000Z</time>
        <extensions>
          <ns3:TrackPointExtension>
            <ns3:hr>135</ns3:hr>
          </ns3:TrackPointExtension>
        </extensions>
      </trkpt>
      <trkpt lat="36.96144212968647480010986328125" lon="140.114369094371795654296875">
        <ele>282.399993896484375</ele>
        <time>2025-10-23T01:24:17.000Z</time>
        <extensions>
          <ns3:TrackPointExtension>
            <ns3:hr>134</ns3:hr>
          </ns3:TrackPointExtension>
        </extensions>
      </trkpt>
      <trkpt lat="36.96154774166643619537353515625" lon="140.1144683361053466796875">
        <ele>280.20001220703125</ele>
        <time>2025-10-23T01:24:24.000Z</time>
        <extensions>
          <ns3:TrackPointExtension>
            <ns3:hr>132</ns3:hr>
          </ns3:TrackPointExtension>
        </extensions>
      </trkpt>
      <trkpt lat="36.96160607971251010894775390625" lon="140.11450831778347492218017578125">
        <ele>279.79998779296875</ele>
        <time>2025-10-23T01:24:28.000Z</time>
        <extensions>
          <ns3:TrackPointExtension>
            <ns3:hr>129</ns3:hr>
          </ns3:TrackPointExtension>
        </extensions>
      </trkpt>
      <trkpt lat="36.96164715103805065155029296875" lon="140.1145395822823047637939453125">
        <ele>279.600006103515625</ele>
        <time>2025-10-23T01:24:31.000Z</time>
        <extensions>
          <ns3:TrackPointExtension>
            <ns3:hr>130</ns3:hr>
          </ns3:TrackPointExtension>
        </extensions>
      </trkpt>
      <trkpt lat="36.9617181457579135894775390625" lon="140.11459498666226863861083984375">
        <ele>279</ele>
        <time>2025-10-23T01:24:35.000Z</time>
        <extensions>
          <ns3:TrackPointExtension>
            <ns3:hr>127</ns3:hr>
          </ns3:TrackPointExtension>
        </extensions>
      </trkpt>
      <trkpt lat="36.96180825121700763702392578125" lon="140.11467629112303256988525390625">
        <ele>278.399993896484375</ele>
        <time>2025-10-23T01:24:41.000Z</time>
        <extensions>
          <ns3:TrackPointExtension>
            <ns3:hr>124</ns3:hr>
          </ns3:TrackPointExtension>
        </extensions>
      </trkpt>
      <trkpt lat="36.9619206525385379791259765625" lon="140.1147539913654327392578125">
        <ele>278.79998779296875</ele>
        <time>2025-10-23T01:24:48.000Z</time>
        <extensions>
          <ns3:TrackPointExtension>
            <ns3:hr>122</ns3:hr>
          </ns3:TrackPointExtension>
        </extensions>
      </trkpt>
      <trkpt lat="36.9620510749518871307373046875" lon="140.1148532330989837646484375">
        <ele>279.20001220703125</ele>
        <time>2025-10-23T01:24:56.000Z</time>
        <extensions>
          <ns3:TrackPointExtension>
            <ns3:hr>121</ns3:hr>
          </ns3:TrackPointExtension>
        </extensions>
      </trkpt>
      <trkpt lat="36.96218543685972690582275390625" lon="140.11497066356241703033447265625">
        <ele>278.600006103515625</ele>
        <time>2025-10-23T01:25:05.000Z</time>
        <extensions>
          <ns3:TrackPointExtension>
            <ns3:hr>124</ns3:hr>
          </ns3:TrackPointExtension>
        </extensions>
      </trkpt>
      <trkpt lat="36.96229197084903717041015625" lon="140.115038640797138214111328125">
        <ele>278.20001220703125</ele>
        <time>2025-10-23T01:25:11.000Z</time>
        <extensions>
          <ns3:TrackPointExtension>
            <ns3:hr>126</ns3:hr>
          </ns3:TrackPointExtension>
        </extensions>
      </trkpt>
      <trkpt lat="36.96245499886572360992431640625" lon="140.11514685116708278656005859375">
        <ele>276.79998779296875</ele>
        <time>2025-10-23T01:25:20.000Z</time>
        <extensions>
          <ns3:TrackPointExtension>
            <ns3:hr>125</ns3:hr>
          </ns3:TrackPointExtension>
        </extensions>
      </trkpt>
      <trkpt lat="36.9624711759388446807861328125" lon="140.11515774764120578765869140625">
        <ele>276.79998779296875</ele>
        <time>2025-10-23T01:25:21.000Z</time>
        <extensions>
          <ns3:TrackPointExtension>
            <ns3:hr>125</ns3:hr>
          </ns3:TrackPointExtension>
        </extensions>
      </trkpt>
      <trkpt lat="36.96258190087974071502685546875" lon="140.11525296606123447418212890625">
        <ele>275.20001220703125</ele>
        <time>2025-10-23T01:25:29.000Z</time>
        <extensions>
          <ns3:TrackPointExtension>
            <ns3:hr>124</ns3:hr>
          </ns3:TrackPointExtension>
        </extensions>
      </trkpt>
      <trkpt lat="36.96271869353950023651123046875" lon="140.1153543032705783843994140625">
        <ele>274.399993896484375</ele>
        <time>2025-10-23T01:25:38.000Z</time>
        <extensions>
          <ns3:TrackPointExtension>
            <ns3:hr>121</ns3:hr>
          </ns3:TrackPointExtension>
        </extensions>
      </trkpt>
      <trkpt lat="36.96273386478424072265625" lon="140.1153663732111454010009765625">
        <ele>274.20001220703125</ele>
        <time>2025-10-23T01:25:39.000Z</time>
        <extensions>
          <ns3:TrackPointExtension>
            <ns3:hr>121</ns3:hr>
          </ns3:TrackPointExtension>
        </extensions>
      </trkpt>
      <trkpt lat="36.96285682730376720428466796875" lon="140.11545631103217601776123046875">
        <ele>273.79998779296875</ele>
        <time>2025-10-23T01:25:47.000Z</time>
        <extensions>
          <ns3:TrackPointExtension>
            <ns3:hr>120</ns3:hr>
          </ns3:TrackPointExtension>
        </extensions>
      </trkpt>
      <trkpt lat="36.96298959665000438690185546875" lon="140.11555655859410762786865234375">
        <ele>273.20001220703125</ele>
        <time>2025-10-23T01:25:56.000Z</time>
        <extensions>
          <ns3:TrackPointExtension>
            <ns3:hr>120</ns3:hr>
          </ns3:TrackPointExtension>
        </extensions>
      </trkpt>
      <trkpt lat="36.9631286524236202239990234375" lon="140.1156503520905971527099609375">
        <ele>272.600006103515625</ele>
        <time>2025-10-23T01:26:04.000Z</time>
        <extensions>
          <ns3:TrackPointExtension>
            <ns3:hr>121</ns3:hr>
          </ns3:TrackPointExtension>
        </extensions>
      </trkpt>
      <trkpt lat="36.9632885791361331939697265625" lon="140.1157794333994388580322265625">
        <ele>272</ele>
        <time>2025-10-23T01:26:14.000Z</time>
        <extensions>
          <ns3:TrackPointExtension>
            <ns3:hr>121</ns3:hr>
          </ns3:TrackPointExtension>
        </extensions>
      </trkpt>
      <trkpt lat="36.96340399794280529022216796875" lon="140.115856714546680450439453125">
        <ele>271.79998779296875</ele>
        <time>2025-10-23T01:26:21.000Z</time>
        <extensions>
          <ns3:TrackPointExtension>
            <ns3:hr>123</ns3:hr>
          </ns3:TrackPointExtension>
        </extensions>
      </trkpt>
      <trkpt lat="36.9634619168937206268310546875" lon="140.11590675450861454010009765625">
        <ele>271.79998779296875</ele>
        <time>2025-10-23T01:26:25.000Z</time>
        <extensions>
          <ns3:TrackPointExtension>
            <ns3:hr>120</ns3:hr>
          </ns3:TrackPointExtension>
        </extensions>
      </trkpt>
      <trkpt lat="36.9634776748716831207275390625" lon="140.11591739952564239501953125">
        <ele>271.79998779296875</ele>
        <time>2025-10-23T01:26:26.000Z</time>
        <extensions>
          <ns3:TrackPointExtension>
            <ns3:hr>123</ns3:hr>
          </ns3:TrackPointExtension>
        </extensions>
      </trkpt>
      <trkpt lat="36.96352536790072917938232421875" lon="140.11595905758440494537353515625">
        <ele>271.79998779296875</ele>
        <time>2025-10-23T01:26:29.000Z</time>
        <extensions>
          <ns3:TrackPointExtension>
            <ns3:hr>123</ns3:hr>
          </ns3:TrackPointExtension>
        </extensions>
      </trkpt>
      <trkpt lat="36.96368445642292499542236328125" lon="140.11607573367655277252197265625">
        <ele>272</ele>
        <time>2025-10-23T01:26:39.000Z</time>
        <extensions>
          <ns3:TrackPointExtension>
            <ns3:hr>125</ns3:hr>
          </ns3:TrackPointExtension>
        </extensions>
      </trkpt>
      <trkpt lat="36.963799707591533660888671875" lon="140.11616542004048824310302734375">
        <ele>271.79998779296875</ele>
        <time>2025-10-23T01:26:46.000Z</time>
        <extensions>
          <ns3:TrackPointExtension>
            <ns3:hr>126</ns3:hr>
          </ns3:TrackPointExtension>
        </extensions>
      </trkpt>
      <trkpt lat="36.96388159878551959991455078125" lon="140.1162280328571796417236328125">
        <ele>271.399993896484375</ele>
        <time>2025-10-23T01:26:51.000Z</time>
        <extensions>
          <ns3:TrackPointExtension>
            <ns3:hr>123</ns3:hr>
          </ns3:TrackPointExtension>
        </extensions>
      </trkpt>
      <trkpt lat="36.963913030922412872314453125" lon="140.11625259183347225189208984375">
        <ele>271.20001220703125</ele>
        <time>2025-10-23T01:26:53.000Z</time>
        <extensions>
          <ns3:TrackPointExtension>
            <ns3:hr>123</ns3:hr>
          </ns3:TrackPointExtension>
        </extensions>
      </trkpt>
      <trkpt lat="36.9640456326305866241455078125" lon="140.11634387075901031494140625">
        <ele>270.600006103515625</ele>
        <time>2025-10-23T01:27:01.000Z</time>
        <extensions>
          <ns3:TrackPointExtension>
            <ns3:hr>124</ns3:hr>
          </ns3:TrackPointExtension>
        </extensions>
      </trkpt>
      <trkpt lat="36.96415878832340240478515625" lon="140.11643313802778720855712890625">
        <ele>270</ele>
        <time>2025-10-23T01:27:08.000Z</time>
        <extensions>
          <ns3:TrackPointExtension>
            <ns3:hr>123</ns3:hr>
          </ns3:TrackPointExtension>
        </extensions>
      </trkpt>
      <trkpt lat="36.96418854407966136932373046875" lon="140.11645761318504810333251953125">
        <ele>269.79998779296875</ele>
        <time>2025-10-23T01:27:10.000Z</time>
        <extensions>
          <ns3:TrackPointExtension>
            <ns3:hr>123</ns3:hr>
          </ns3:TrackPointExtension>
        </extensions>
      </trkpt>
      <trkpt lat="36.96427906863391399383544921875" lon="140.11652768589556217193603515625">
        <ele>269.20001220703125</ele>
        <time>2025-10-23T01:27:16.000Z</time>
        <extensions>
          <ns3:TrackPointExtension>
            <ns3:hr>123</ns3:hr>
          </ns3:TrackPointExtension>
        </extensions>
      </trkpt>
      <trkpt lat="36.964380405843257904052734375" lon="140.11660781688988208770751953125">
        <ele>268</ele>
        <time>2025-10-23T01:27:23.000Z</time>
        <extensions>
          <ns3:TrackPointExtension>
            <ns3:hr>124</ns3:hr>
          </ns3:TrackPointExtension>
        </extensions>
      </trkpt>
      <trkpt lat="36.9644680805504322052001953125" lon="140.1166806556284427642822265625">
        <ele>266.79998779296875</ele>
        <time>2025-10-23T01:27:29.000Z</time>
        <extensions>
          <ns3:TrackPointExtension>
            <ns3:hr>124</ns3:hr>
          </ns3:TrackPointExtension>
        </extensions>
      </trkpt>
      <trkpt lat="36.96461141109466552734375" lon="140.1168031990528106689453125">
        <ele>265</ele>
        <time>2025-10-23T01:27:38.000Z</time>
        <extensions>
          <ns3:TrackPointExtension>
            <ns3:hr>124</ns3:hr>
          </ns3:TrackPointExtension>
        </extensions>
      </trkpt>
      <trkpt lat="36.96474627591669559478759765625" lon="140.11689196340739727020263671875">
        <ele>263.399993896484375</ele>
        <time>2025-10-23T01:27:46.000Z</time>
        <extensions>
          <ns3:TrackPointExtension>
            <ns3:hr>124</ns3:hr>
          </ns3:TrackPointExtension>
        </extensions>
      </trkpt>
      <trkpt lat="36.96489161811769008636474609375" lon="140.1169944740831851959228515625">
        <ele>261.79998779296875</ele>
        <time>2025-10-23T01:27:55.000Z</time>
        <extensions>
          <ns3:TrackPointExtension>
            <ns3:hr>123</ns3:hr>
          </ns3:TrackPointExtension>
        </extensions>
      </trkpt>
      <trkpt lat="36.96505741216242313385009765625" lon="140.11711140163242816925048828125">
        <ele>260.20001220703125</ele>
        <time>2025-10-23T01:28:05.000Z</time>
        <extensions>
          <ns3:TrackPointExtension>
            <ns3:hr>125</ns3:hr>
          </ns3:TrackPointExtension>
        </extensions>
      </trkpt>
      <trkpt lat="36.96521918289363384246826171875" lon="140.117228329181671142578125">
        <ele>260</ele>
        <time>2025-10-23T01:28:15.000Z</time>
        <extensions>
          <ns3:TrackPointExtension>
            <ns3:hr>125</ns3:hr>
          </ns3:TrackPointExtension>
        </extensions>
      </trkpt>
      <trkpt lat="36.96537693031132221221923828125" lon="140.11735078878700733184814453125">
        <ele>260</ele>
        <time>2025-10-23T01:28:25.000Z</time>
        <extensions>
          <ns3:TrackPointExtension>
            <ns3:hr>125</ns3:hr>
          </ns3:TrackPointExtension>
        </extensions>
      </trkpt>
      <trkpt lat="36.96540777571499347686767578125" lon="140.117375515401363372802734375">
        <ele>260</ele>
        <time>2025-10-23T01:28:27.000Z</time>
        <extensions>
          <ns3:TrackPointExtension>
            <ns3:hr>125</ns3:hr>
          </ns3:TrackPointExtension>
        </extensions>
      </trkpt>
      <trkpt lat="36.965465359389781951904296875" lon="140.11741943657398223876953125">
        <ele>260.600006103515625</ele>
        <time>2025-10-23T01:28:33.000Z</time>
        <extensions>
          <ns3:TrackPointExtension>
            <ns3:hr>125</ns3:hr>
          </ns3:TrackPointExtension>
        </extensions>
      </trkpt>
      <trkpt lat="36.9655040837824344635009765625" lon="140.11746411211788654327392578125">
        <ele>261</ele>
        <time>2025-10-23T01:28:38.000Z</time>
        <extensions>
          <ns3:TrackPointExtension>
            <ns3:hr>121</ns3:hr>
          </ns3:TrackPointExtension>
        </extensions>
      </trkpt>
      <trkpt lat="36.9655510224401950836181640625" lon="140.11751876212656497955322265625">
        <ele>261.399993896484375</ele>
        <time>2025-10-23T01:28:44.000Z</time>
        <extensions>
          <ns3:TrackPointExtension>
            <ns3:hr>119</ns3:hr>
          </ns3:TrackPointExtension>
        </extensions>
      </trkpt>
      <trkpt lat="36.96555965580046176910400390625" lon="140.11753334663808345794677734375">
        <ele>261.600006103515625</ele>
        <time>2025-10-23T01:28:46.000Z</time>
        <extensions>
          <ns3:TrackPointExtension>
            <ns3:hr>116</ns3:hr>
          </ns3:TrackPointExtension>
        </extensions>
      </trkpt>
      <trkpt lat="36.9655674509704113006591796875" lon="140.11753921397030353546142578125">
        <ele>261.600006103515625</ele>
        <time>2025-10-23T01:28:52.000Z</time>
        <extensions>
          <ns3:TrackPointExtension>
            <ns3:hr>119</ns3:hr>
          </ns3:TrackPointExtension>
        </extensions>
      </trkpt>
      <trkpt lat="36.965568624436855316162109375" lon="140.11755145154893398284912109375">
        <ele>261.79998779296875</ele>
        <time>2025-10-23T01:29:00.000Z</time>
        <extensions>
          <ns3:TrackPointExtension>
            <ns3:hr>119</ns3:hr>
          </ns3:TrackPointExtension>
        </extensions>
      </trkpt>
      <trkpt lat="36.96556870825588703155517578125" lon="140.11755128391087055206298828125">
        <ele>261.79998779296875</ele>
        <time>2025-10-23T01:29:11.000Z</time>
        <extensions>
          <ns3:TrackPointExtension>
            <ns3:hr>116</ns3:hr>
          </ns3:TrackPointExtension>
        </extensions>
      </trkpt>
      <trkpt lat="36.96563794277608394622802734375" lon="140.117578022181987762451171875">
        <ele>262.399993896484375</ele>
        <time>2025-10-23T01:29:26.000Z</time>
        <extensions>
          <ns3:TrackPointExtension>
            <ns3:hr>113</ns3:hr>
          </ns3:TrackPointExtension>
        </extensions>
      </trkpt>
      <trkpt lat="36.96563995443284511566162109375" lon="140.1175879128277301788330078125">
        <ele>262.399993896484375</ele>
        <time>2025-10-23T01:29:29.000Z</time>
        <extensions>
          <ns3:TrackPointExtension>
            <ns3:hr>110</ns3:hr>
          </ns3:TrackPointExtension>
        </extensions>
      </trkpt>
      <trkpt lat="36.96564012207090854644775390625" lon="140.11759243905544281005859375">
        <ele>262.399993896484375</ele>
        <time>2025-10-23T01:29:31.000Z</time>
        <extensions>
          <ns3:TrackPointExtension>
            <ns3:hr>107</ns3:hr>
          </ns3:TrackPointExtension>
        </extensions>
      </trkpt>
      <trkpt lat="36.965703405439853668212890625" lon="140.11763133108615875244140625">
        <ele>263</ele>
        <time>2025-10-23T01:29:39.000Z</time>
        <extensions>
          <ns3:TrackPointExtension>
            <ns3:hr>106</ns3:hr>
          </ns3:TrackPointExtension>
        </extensions>
      </trkpt>
      <trkpt lat="36.9657741487026214599609375" lon="140.11767114512622356414794921875">
        <ele>263.600006103515625</ele>
        <time>2025-10-23T01:29:48.000Z</time>
        <extensions>
          <ns3:TrackPointExtension>
            <ns3:hr>107</ns3:hr>
          </ns3:TrackPointExtension>
        </extensions>
      </trkpt>
      <trkpt lat="36.965792588889598846435546875" lon="140.11771447956562042236328125">
        <ele>264</ele>
        <time>2025-10-23T01:29:56.000Z</time>
        <extensions>
          <ns3:TrackPointExtension>
            <ns3:hr>104</ns3:hr>
          </ns3:TrackPointExtension>
        </extensions>
      </trkpt>
      <trkpt lat="36.9658058322966098785400390625" lon="140.11773602105677127838134765625">
        <ele>264.20001220703125</ele>
        <time>2025-10-23T01:29:58.000Z</time>
        <extensions>
          <ns3:TrackPointExtension>
            <ns3:hr>104</ns3:hr>
          </ns3:TrackPointExtension>
        </extensions>
      </trkpt>
      <trkpt lat="36.9658722169697284698486328125" lon="140.117874406278133392333984375">
        <ele>265</ele>
        <time>2025-10-23T01:30:10.000Z</time>
        <extensions>
          <ns3:TrackPointExtension>
            <ns3:hr>105</ns3:hr>
          </ns3:TrackPointExtension>
        </extensions>
      </trkpt>
      <trkpt lat="36.96594379842281341552734375" lon="140.11793978512287139892578125">
        <ele>265.79998779296875</ele>
        <time>2025-10-23T01:30:19.000Z</time>
        <extensions>
          <ns3:TrackPointExtension>
            <ns3:hr>103</ns3:hr>
          </ns3:TrackPointExtension>
        </extensions>
      </trkpt>
      <trkpt lat="36.96596659719944000244140625" lon="140.1179230213165283203125">
        <ele>266</ele>
        <time>2025-10-23T01:30:22.000Z</time>
        <extensions>
          <ns3:TrackPointExtension>
            <ns3:hr>100</ns3:hr>
          </ns3:TrackPointExtension>
        </extensions>
      </trkpt>
      <trkpt lat="36.966041028499603271484375" lon="140.11790399439632892608642578125">
        <ele>266.20001220703125</ele>
        <time>2025-10-23T01:30:29.000Z</time>
        <extensions>
          <ns3:TrackPointExtension>
            <ns3:hr>103</ns3:hr>
          </ns3:TrackPointExtension>
        </extensions>
      </trkpt>
      <trkpt lat="36.96612124331295490264892578125" lon="140.117928721010684967041015625">
        <ele>266.399993896484375</ele>
        <time>2025-10-23T01:30:38.000Z</time>
        <extensions>
          <ns3:TrackPointExtension>
            <ns3:hr>105</ns3:hr>
          </ns3:TrackPointExtension>
        </extensions>
      </trkpt>
      <trkpt lat="36.966248564422130584716796875" lon="140.11799049563705921173095703125">
        <ele>267.20001220703125</ele>
        <time>2025-10-23T01:30:45.000Z</time>
        <extensions>
          <ns3:TrackPointExtension>
            <ns3:hr>104</ns3:hr>
          </ns3:TrackPointExtension>
        </extensions>
      </trkpt>
      <trkpt lat="36.9663456268608570098876953125" lon="140.1180713810026645660400390625">
        <ele>267.79998779296875</ele>
        <time>2025-10-23T01:30:51.000Z</time>
        <extensions>
          <ns3:TrackPointExtension>
            <ns3:hr>108</ns3:hr>
          </ns3:TrackPointExtension>
        </extensions>
      </trkpt>
      <trkpt lat="36.96636264212429523468017578125" lon="140.1180827803909778594970703125">
        <ele>268</ele>
        <time>2025-10-23T01:30:52.000Z</time>
        <extensions>
          <ns3:TrackPointExtension>
            <ns3:hr>109</ns3:hr>
          </ns3:TrackPointExtension>
        </extensions>
      </trkpt>
      <trkpt lat="36.96641259826719760894775390625" lon="140.1181179843842983245849609375">
        <ele>268.20001220703125</ele>
        <time>2025-10-23T01:30:55.000Z</time>
        <extensions>
          <ns3:TrackPointExtension>
            <ns3:hr>112</ns3:hr>
          </ns3:TrackPointExtension>
        </extensions>
      </trkpt>
      <trkpt lat="36.96650169789791107177734375" lon="140.11819719336926937103271484375">
        <ele>268.79998779296875</ele>
        <time>2025-10-23T01:31:01.000Z</time>
        <extensions>
          <ns3:TrackPointExtension>
            <ns3:hr>114</ns3:hr>
          </ns3:TrackPointExtension>
        </extensions>
      </trkpt>
      <trkpt lat="36.966652572154998779296875" lon="140.11830850504338741302490234375">
        <ele>267.20001220703125</ele>
        <time>2025-10-23T01:31:10.000Z</time>
        <extensions>
          <ns3:TrackPointExtension>
            <ns3:hr>115</ns3:hr>
          </ns3:TrackPointExtension>
        </extensions>
      </trkpt>
      <trkpt lat="36.96678659878671169281005859375" lon="140.1184339821338653564453125">
        <ele>265.399993896484375</ele>
        <time>2025-10-23T01:31:18.000Z</time>
        <extensions>
          <ns3:TrackPointExtension>
            <ns3:hr>116</ns3:hr>
          </ns3:TrackPointExtension>
        </extensions>
      </trkpt>
      <trkpt lat="36.9668870978057384490966796875" lon="140.1185545139014720916748046875">
        <ele>264.20001220703125</ele>
        <time>2025-10-23T01:31:25.000Z</time>
        <extensions>
          <ns3:TrackPointExtension>
            <ns3:hr>117</ns3:hr>
          </ns3:TrackPointExtension>
        </extensions>
      </trkpt>
      <trkpt lat="36.967006623744964599609375" lon="140.1186929829418659210205078125">
        <ele>262.79998779296875</ele>
        <time>2025-10-23T01:31:33.000Z</time>
        <extensions>
          <ns3:TrackPointExtension>
            <ns3:hr>116</ns3:hr>
          </ns3:TrackPointExtension>
        </extensions>
      </trkpt>
      <trkpt lat="36.96714366786181926727294921875" lon="140.11885534040629863739013671875">
        <ele>261.79998779296875</ele>
        <time>2025-10-23T01:31:43.000Z</time>
        <extensions>
          <ns3:TrackPointExtension>
            <ns3:hr>119</ns3:hr>
          </ns3:TrackPointExtension>
        </extensions>
      </trkpt>
      <trkpt lat="36.9672123156487941741943359375" lon="140.11893630959093570709228515625">
        <ele>261.600006103515625</ele>
        <time>2025-10-23T01:31:48.000Z</time>
        <extensions>
          <ns3:TrackPointExtension>
            <ns3:hr>123</ns3:hr>
          </ns3:TrackPointExtension>
        </extensions>
      </trkpt>
      <trkpt lat="36.96722924709320068359375" lon="140.11895324103534221649169921875">
        <ele>261.399993896484375</ele>
        <time>2025-10-23T01:31:49.000Z</time>
        <extensions>
          <ns3:TrackPointExtension>
            <ns3:hr>120</ns3:hr>
          </ns3:TrackPointExtension>
        </extensions>
      </trkpt>
      <trkpt lat="36.96725565008819103240966796875" lon="140.118991546332836151123046875">
        <ele>261.399993896484375</ele>
        <time>2025-10-23T01:31:51.000Z</time>
        <extensions>
          <ns3:TrackPointExtension>
            <ns3:hr>121</ns3:hr>
          </ns3:TrackPointExtension>
        </extensions>
      </trkpt>
      <trkpt lat="36.9673135690391063690185546875" lon="140.1190557517111301422119140625">
        <ele>261.20001220703125</ele>
        <time>2025-10-23T01:31:55.000Z</time>
        <extensions>
          <ns3:TrackPointExtension>
            <ns3:hr>124</ns3:hr>
          </ns3:TrackPointExtension>
        </extensions>
      </trkpt>
      <trkpt lat="36.9673544727265834808349609375" lon="140.11910428293049335479736328125">
        <ele>261</ele>
        <time>2025-10-23T01:31:58.000Z</time>
        <extensions>
          <ns3:TrackPointExtension>
            <ns3:hr>123</ns3:hr>
          </ns3:TrackPointExtension>
        </extensions>
      </trkpt>
      <trkpt lat="36.96740954183042049407958984375" lon="140.119173265993595123291015625">
        <ele>260.79998779296875</ele>
        <time>2025-10-23T01:32:02.000Z</time>
        <extensions>
          <ns3:TrackPointExtension>
            <ns3:hr>126</ns3:hr>
          </ns3:TrackPointExtension>
        </extensions>
      </trkpt>
      <trkpt lat="36.967473663389682769775390625" lon="140.119252391159534454345703125">
        <ele>260.600006103515625</ele>
        <time>2025-10-23T01:32:07.000Z</time>
        <extensions>
          <ns3:TrackPointExtension>
            <ns3:hr>127</ns3:hr>
          </ns3:TrackPointExtension>
        </extensions>
      </trkpt>
      <trkpt lat="36.9675710611045360565185546875" lon="140.1193625293672084808349609375">
        <ele>260.20001220703125</ele>
        <time>2025-10-23T01:32:14.000Z</time>
        <extensions>
          <ns3:TrackPointExtension>
            <ns3:hr>126</ns3:hr>
          </ns3:TrackPointExtension>
        </extensions>
      </trkpt>
      <trkpt lat="36.96759981103241443634033203125" lon="140.11939228512346744537353515625">
        <ele>260.20001220703125</ele>
        <time>2025-10-23T01:32:16.000Z</time>
        <extensions>
          <ns3:TrackPointExtension>
            <ns3:hr>123</ns3:hr>
          </ns3:TrackPointExtension>
        </extensions>
      </trkpt>
      <trkpt lat="36.96766711771488189697265625" lon="140.11947493068873882293701171875">
        <ele>259.600006103515625</ele>
        <time>2025-10-23T01:32:21.000Z</time>
        <extensions>
          <ns3:TrackPointExtension>
            <ns3:hr>125</ns3:hr>
          </ns3:TrackPointExtension>
        </extensions>
      </trkpt>
      <trkpt lat="36.9677214324474334716796875" lon="140.1195390522480010986328125">
        <ele>259</ele>
        <time>2025-10-23T01:32:25.000Z</time>
        <extensions>
          <ns3:TrackPointExtension>
            <ns3:hr>129</ns3:hr>
          </ns3:TrackPointExtension>
        </extensions>
      </trkpt>
      <trkpt lat="36.96773241274058818817138671875" lon="140.11955673806369304656982421875">
        <ele>258.79998779296875</ele>
        <time>2025-10-23T01:32:26.000Z</time>
        <extensions>
          <ns3:TrackPointExtension>
            <ns3:hr>129</ns3:hr>
          </ns3:TrackPointExtension>
        </extensions>
      </trkpt>
      <trkpt lat="36.9677863083779811859130859375" lon="140.11962044052779674530029296875">
        <ele>258.20001220703125</ele>
        <time>2025-10-23T01:32:30.000Z</time>
        <extensions>
          <ns3:TrackPointExtension>
            <ns3:hr>128</ns3:hr>
          </ns3:TrackPointExtension>
        </extensions>
      </trkpt>
      <trkpt lat="36.96781371720135211944580078125" lon="140.11965346522629261016845703125">
        <ele>257.79998779296875</ele>
        <time>2025-10-23T01:32:32.000Z</time>
        <extensions>
          <ns3:TrackPointExtension>
            <ns3:hr>131</ns3:hr>
          </ns3:TrackPointExtension>
        </extensions>
      </trkpt>
      <trkpt lat="36.96789837442338466644287109375" lon="140.119771063327789306640625">
        <ele>256.600006103515625</ele>
        <time>2025-10-23T01:32:39.000Z</time>
        <extensions>
          <ns3:TrackPointExtension>
            <ns3:hr>131</ns3:hr>
          </ns3:TrackPointExtension>
        </extensions>
      </trkpt>
      <trkpt lat="36.96792754344642162322998046875" lon="140.119803249835968017578125">
        <ele>256</ele>
        <time>2025-10-23T01:32:41.000Z</time>
        <extensions>
          <ns3:TrackPointExtension>
            <ns3:hr>130</ns3:hr>
          </ns3:TrackPointExtension>
        </extensions>
      </trkpt>
      <trkpt lat="36.96798554621636867523193359375" lon="140.11986016295850276947021484375">
        <ele>255</ele>
        <time>2025-10-23T01:32:45.000Z</time>
        <extensions>
          <ns3:TrackPointExtension>
            <ns3:hr>131</ns3:hr>
          </ns3:TrackPointExtension>
        </extensions>
      </trkpt>
      <trkpt lat="36.968084536492824554443359375" lon="140.11996745131909847259521484375">
        <ele>252.399993896484375</ele>
        <time>2025-10-23T01:32:52.000Z</time>
        <extensions>
          <ns3:TrackPointExtension>
            <ns3:hr>131</ns3:hr>
          </ns3:TrackPointExtension>
        </extensions>
      </trkpt>
      <trkpt lat="36.9680996239185333251953125" lon="140.11997424066066741943359375">
        <ele>252</ele>
        <time>2025-10-23T01:32:53.000Z</time>
        <extensions>
          <ns3:TrackPointExtension>
            <ns3:hr>132</ns3:hr>
          </ns3:TrackPointExtension>
        </extensions>
      </trkpt>
      <trkpt lat="36.96817229501903057098388671875" lon="140.11998170055449008941650390625">
        <ele>251</ele>
        <time>2025-10-23T01:32:57.000Z</time>
        <extensions>
          <ns3:TrackPointExtension>
            <ns3:hr>131</ns3:hr>
          </ns3:TrackPointExtension>
        </extensions>
      </trkpt>
      <trkpt lat="36.96829718537628650665283203125" lon="140.12006836943328380584716796875">
        <ele>248.1999969482421875</ele>
        <time>2025-10-23T01:33:04.000Z</time>
        <extensions>
          <ns3:TrackPointExtension>
            <ns3:hr>133</ns3:hr>
          </ns3:TrackPointExtension>
        </extensions>
      </trkpt>
      <trkpt lat="36.9683713652193546295166015625" lon="140.1201628334820270538330078125">
        <ele>246.1999969482421875</ele>
        <time>2025-10-23T01:33:09.000Z</time>
        <extensions>
          <ns3:TrackPointExtension>
            <ns3:hr>137</ns3:hr>
          </ns3:TrackPointExtension>
        </extensions>
      </trkpt>
      <trkpt lat="36.968400366604328155517578125" lon="140.12020532973110675811767578125">
        <ele>245.399993896484375</ele>
        <time>2025-10-23T01:33:11.000Z</time>
        <extensions>
          <ns3:TrackPointExtension>
            <ns3:hr>131</ns3:hr>
          </ns3:TrackPointExtension>
        </extensions>
      </trkpt>
      <trkpt lat="36.96844604797661304473876953125" lon="140.12026031501591205596923828125">
        <ele>244.600006103515625</ele>
        <time>2025-10-23T01:33:14.000Z</time>
        <extensions>
          <ns3:TrackPointExtension>
            <ns3:hr>131</ns3:hr>
          </ns3:TrackPointExtension>
        </extensions>
      </trkpt>
      <trkpt lat="36.96858351118862628936767578125" lon="140.12043616734445095062255859375">
        <ele>242.600006103515625</ele>
        <time>2025-10-23T01:33:24.000Z</time>
        <extensions>
          <ns3:TrackPointExtension>
            <ns3:hr>132</ns3:hr>
          </ns3:TrackPointExtension>
        </extensions>
      </trkpt>
      <trkpt lat="36.96862458251416683197021484375" lon="140.120482854545116424560546875">
        <ele>242.399993896484375</ele>
        <time>2025-10-23T01:33:27.000Z</time>
        <extensions>
          <ns3:TrackPointExtension>
            <ns3:hr>135</ns3:hr>
          </ns3:TrackPointExtension>
        </extensions>
      </trkpt>
      <trkpt lat="36.96870756335556507110595703125" lon="140.1205735467374324798583984375">
        <ele>242.1999969482421875</ele>
        <time>2025-10-23T01:33:33.000Z</time>
        <extensions>
          <ns3:TrackPointExtension>
            <ns3:hr>134</ns3:hr>
          </ns3:TrackPointExtension>
        </extensions>
      </trkpt>
      <trkpt lat="36.9687834195792675018310546875" lon="140.12067119590938091278076171875">
        <ele>242</ele>
        <time>2025-10-23T01:33:39.000Z</time>
        <extensions>
          <ns3:TrackPointExtension>
            <ns3:hr>137</ns3:hr>
          </ns3:TrackPointExtension>
        </extensions>
      </trkpt>
      <trkpt lat="36.96879624389111995697021484375" lon="140.12068695388734340667724609375">
        <ele>242</ele>
        <time>2025-10-23T01:33:40.000Z</time>
        <extensions>
          <ns3:TrackPointExtension>
            <ns3:hr>134</ns3:hr>
          </ns3:TrackPointExtension>
        </extensions>
      </trkpt>
      <trkpt lat="36.96880814619362354278564453125" lon="140.12070178985595703125">
        <ele>242</ele>
        <time>2025-10-23T01:33:41.000Z</time>
        <extensions>
          <ns3:TrackPointExtension>
            <ns3:hr>135</ns3:hr>
          </ns3:TrackPointExtension>
        </extensions>
      </trkpt>
      <trkpt lat="36.9688984192907810211181640625" lon="140.1208149455487728118896484375">
        <ele>242</ele>
        <time>2025-10-23T01:33:48.000Z</time>
        <extensions>
          <ns3:TrackPointExtension>
            <ns3:hr>137</ns3:hr>
          </ns3:TrackPointExtension>
        </extensions>
      </trkpt>
      <trkpt lat="36.96901920251548290252685546875" lon="140.1209644787013530731201171875">
        <ele>242</ele>
        <time>2025-10-23T01:33:57.000Z</time>
        <extensions>
          <ns3:TrackPointExtension>
            <ns3:hr>137</ns3:hr>
          </ns3:TrackPointExtension>
        </extensions>
      </trkpt>
      <trkpt lat="36.96914258413016796112060546875" lon="140.12114427052438259124755859375">
        <ele>243</ele>
        <time>2025-10-23T01:34:06.000Z</time>
        <extensions>
          <ns3:TrackPointExtension>
            <ns3:hr>137</ns3:hr>
          </ns3:TrackPointExtension>
        </extensions>
      </trkpt>
      <trkpt lat="36.96916588582098484039306640625" lon="140.12118718586862087249755859375">
        <ele>243.399993896484375</ele>
        <time>2025-10-23T01:34:08.000Z</time>
        <extensions>
          <ns3:TrackPointExtension>
            <ns3:hr>137</ns3:hr>
          </ns3:TrackPointExtension>
        </extensions>
      </trkpt>
      <trkpt lat="36.9692464359104633331298828125" lon="140.121331773698329925537109375">
        <ele>244.1999969482421875</ele>
        <time>2025-10-23T01:34:15.000Z</time>
        <extensions>
          <ns3:TrackPointExtension>
            <ns3:hr>138</ns3:hr>
          </ns3:TrackPointExtension>
        </extensions>
      </trkpt>
      <trkpt lat="36.96933411061763763427734375" lon="140.121523551642894744873046875">
        <ele>244.8000030517578125</ele>
        <time>2025-10-23T01:34:24.000Z</time>
        <extensions>
          <ns3:TrackPointExtension>
            <ns3:hr>138</ns3:hr>
          </ns3:TrackPointExtension>
        </extensions>
      </trkpt>
      <trkpt lat="36.96938046254217624664306640625" lon="140.12162891216576099395751953125">
        <ele>244.8000030517578125</ele>
        <time>2025-10-23T01:34:29.000Z</time>
        <extensions>
          <ns3:TrackPointExtension>
            <ns3:hr>134</ns3:hr>
          </ns3:TrackPointExtension>
        </extensions>
      </trkpt>
      <trkpt lat="36.969418264925479888916015625" lon="140.12173242866992950439453125">
        <ele>244.399993896484375</ele>
        <time>2025-10-23T01:34:34.000Z</time>
        <extensions>
          <ns3:TrackPointExtension>
            <ns3:hr>131</ns3:hr>
          </ns3:TrackPointExtension>
        </extensions>
      </trkpt>
      <trkpt lat="36.969423629343509674072265625" lon="140.12175598181784152984619140625">
        <ele>244.399993896484375</ele>
        <time>2025-10-23T01:34:35.000Z</time>
        <extensions>
          <ns3:TrackPointExtension>
            <ns3:hr>133</ns3:hr>
          </ns3:TrackPointExtension>
        </extensions>
      </trkpt>
      <trkpt lat="36.9694885052740573883056640625" lon="140.12195128016173839569091796875">
        <ele>244</ele>
        <time>2025-10-23T01:34:44.000Z</time>
        <extensions>
          <ns3:TrackPointExtension>
            <ns3:hr>132</ns3:hr>
          </ns3:TrackPointExtension>
        </extensions>
      </trkpt>
      <trkpt lat="36.969545669853687286376953125" lon="140.1221510209143161773681640625">
        <ele>244.1999969482421875</ele>
        <time>2025-10-23T01:34:53.000Z</time>
        <extensions>
          <ns3:TrackPointExtension>
            <ns3:hr>132</ns3:hr>
          </ns3:TrackPointExtension>
        </extensions>
      </trkpt>
      <trkpt lat="36.96958095766603946685791015625" lon="140.12232922017574310302734375">
        <ele>244.8000030517578125</ele>
        <time>2025-10-23T01:35:02.000Z</time>
        <extensions>
          <ns3:TrackPointExtension>
            <ns3:hr>132</ns3:hr>
          </ns3:TrackPointExtension>
        </extensions>
      </trkpt>
      <trkpt lat="36.9695936143398284912109375" lon="140.1224242709577083587646484375">
        <ele>245</ele>
        <time>2025-10-23T01:35:09.000Z</time>
        <extensions>
          <ns3:TrackPointExtension>
            <ns3:hr>132</ns3:hr>
          </ns3:TrackPointExtension>
        </extensions>
      </trkpt>
      <trkpt lat="36.96961163543164730072021484375" lon="140.12248604558408260345458984375">
        <ele>245.1999969482421875</ele>
        <time>2025-10-23T01:35:14.000Z</time>
        <extensions>
          <ns3:TrackPointExtension>
            <ns3:hr>130</ns3:hr>
          </ns3:TrackPointExtension>
        </extensions>
      </trkpt>
      <trkpt lat="36.9696226157248020172119140625" lon="140.1224866323173046112060546875">
        <ele>245.1999969482421875</ele>
        <time>2025-10-23T01:35:16.000Z</time>
        <extensions>
          <ns3:TrackPointExtension>
            <ns3:hr>129</ns3:hr>
          </ns3:TrackPointExtension>
        </extensions>
      </trkpt>
      <trkpt lat="36.96964792907238006591796875" lon="140.12249023653566837310791015625">
        <ele>245</ele>
        <time>2025-10-23T01:35:19.000Z</time>
        <extensions>
          <ns3:TrackPointExtension>
            <ns3:hr>128</ns3:hr>
          </ns3:TrackPointExtension>
        </extensions>
      </trkpt>
      <trkpt lat="36.969685815274715423583984375" lon="140.12253348715603351593017578125">
        <ele>245</ele>
        <time>2025-10-23T01:35:22.000Z</time>
        <extensions>
          <ns3:TrackPointExtension>
            <ns3:hr>127</ns3:hr>
          </ns3:TrackPointExtension>
        </extensions>
      </trkpt>
      <trkpt lat="36.9696987234055995941162109375" lon="140.1226831041276454925537109375">
        <ele>245.600006103515625</ele>
        <time>2025-10-23T01:35:29.000Z</time>
        <extensions>
          <ns3:TrackPointExtension>
            <ns3:hr>127</ns3:hr>
          </ns3:TrackPointExtension>
        </extensions>
      </trkpt>
      <trkpt lat="36.9697285629808902740478515625" lon="140.122883431613445281982421875">
        <ele>246</ele>
        <time>2025-10-23T01:35:40.000Z</time>
        <extensions>
          <ns3:TrackPointExtension>
            <ns3:hr>127</ns3:hr>
          </ns3:TrackPointExtension>
        </extensions>
      </trkpt>
      <trkpt lat="36.969757564365863800048828125" lon="140.1230498962104320526123046875">
        <ele>246.399993896484375</ele>
        <time>2025-10-23T01:35:49.000Z</time>
        <extensions>
          <ns3:TrackPointExtension>
            <ns3:hr>125</ns3:hr>
          </ns3:TrackPointExtension>
        </extensions>
      </trkpt>
      <trkpt lat="36.96976955048739910125732421875" lon="140.12324159033596515655517578125">
        <ele>246.399993896484375</ele>
        <time>2025-10-23T01:35:59.000Z</time>
        <extensions>
          <ns3:TrackPointExtension>
            <ns3:hr>125</ns3:hr>
          </ns3:TrackPointExtension>
        </extensions>
      </trkpt>
      <trkpt lat="36.9697848893702030181884765625" lon="140.123393051326274871826171875">
        <ele>247.1999969482421875</ele>
        <time>2025-10-23T01:36:07.000Z</time>
        <extensions>
          <ns3:TrackPointExtension>
            <ns3:hr>125</ns3:hr>
          </ns3:TrackPointExtension>
        </extensions>
      </trkpt>
      <trkpt lat="36.96979679167270660400390625" lon="140.1235444284975528717041015625">
        <ele>247.8000030517578125</ele>
        <time>2025-10-23T01:36:17.000Z</time>
        <extensions>
          <ns3:TrackPointExtension>
            <ns3:hr>123</ns3:hr>
          </ns3:TrackPointExtension>
        </extensions>
      </trkpt>
      <trkpt lat="36.9697959534823894500732421875" lon="140.12355725280940532684326171875">
        <ele>248</ele>
        <time>2025-10-23T01:36:18.000Z</time>
        <extensions>
          <ns3:TrackPointExtension>
            <ns3:hr>123</ns3:hr>
          </ns3:TrackPointExtension>
        </extensions>
      </trkpt>
      <trkpt lat="36.9697926007211208343505859375" lon="140.12366185896098613739013671875">
        <ele>248.600006103515625</ele>
        <time>2025-10-23T01:36:25.000Z</time>
        <extensions>
          <ns3:TrackPointExtension>
            <ns3:hr>125</ns3:hr>
          </ns3:TrackPointExtension>
        </extensions>
      </trkpt>
      <trkpt lat="36.969772987067699432373046875" lon="140.123783648014068603515625">
        <ele>249.1999969482421875</ele>
        <time>2025-10-23T01:36:35.000Z</time>
        <extensions>
          <ns3:TrackPointExtension>
            <ns3:hr>125</ns3:hr>
          </ns3:TrackPointExtension>
        </extensions>
      </trkpt>
      <trkpt lat="36.96973116137087345123291015625" lon="140.123880207538604736328125">
        <ele>249.8000030517578125</ele>
        <time>2025-10-23T01:36:44.000Z</time>
        <extensions>
          <ns3:TrackPointExtension>
            <ns3:hr>123</ns3:hr>
          </ns3:TrackPointExtension>
        </extensions>
      </trkpt>
      <trkpt lat="36.96968472562730312347412109375" lon="140.123988501727581024169921875">
        <ele>250</ele>
        <time>2025-10-23T01:36:52.000Z</time>
        <extensions>
          <ns3:TrackPointExtension>
            <ns3:hr>123</ns3:hr>
          </ns3:TrackPointExtension>
        </extensions>
      </trkpt>
      <trkpt lat="36.9696794450283050537109375" lon="140.12399931438267230987548828125">
        <ele>250</ele>
        <time>2025-10-23T01:36:53.000Z</time>
        <extensions>
          <ns3:TrackPointExtension>
            <ns3:hr>123</ns3:hr>
          </ns3:TrackPointExtension>
        </extensions>
      </trkpt>
      <trkpt lat="36.969642229378223419189453125" lon="140.124044828116893768310546875">
        <ele>249.8000030517578125</ele>
        <time>2025-10-23T01:36:58.000Z</time>
        <extensions>
          <ns3:TrackPointExtension>
            <ns3:hr>125</ns3:hr>
          </ns3:TrackPointExtension>
        </extensions>
      </trkpt>
      <trkpt lat="36.96963141672313213348388671875" lon="140.1240493543446063995361328125">
        <ele>249.8000030517578125</ele>
        <time>2025-10-23T01:36:59.000Z</time>
        <extensions>
          <ns3:TrackPointExtension>
            <ns3:hr>125</ns3:hr>
          </ns3:TrackPointExtension>
        </extensions>
      </trkpt>
      <trkpt lat="36.9695998169481754302978515625" lon="140.124084055423736572265625">
        <ele>249.399993896484375</ele>
        <time>2025-10-23T01:37:03.000Z</time>
        <extensions>
          <ns3:TrackPointExtension>
            <ns3:hr>128</ns3:hr>
          </ns3:TrackPointExtension>
        </extensions>
      </trkpt>
      <trkpt lat="36.9695842266082763671875" lon="140.12410794384777545928955078125">
        <ele>249.399993896484375</ele>
        <time>2025-10-23T01:37:05.000Z</time>
        <extensions>
          <ns3:TrackPointExtension>
            <ns3:hr>127</ns3:hr>
          </ns3:TrackPointExtension>
        </extensions>
      </trkpt>
      <trkpt lat="36.96956017054617404937744140625" lon="140.1241390407085418701171875">
        <ele>249.399993896484375</ele>
        <time>2025-10-23T01:37:07.000Z</time>
        <extensions>
          <ns3:TrackPointExtension>
            <ns3:hr>127</ns3:hr>
          </ns3:TrackPointExtension>
        </extensions>
      </trkpt>
      <trkpt lat="36.96953929960727691650390625" lon="140.1241683773696422576904296875">
        <ele>249.399993896484375</ele>
        <time>2025-10-23T01:37:09.000Z</time>
        <extensions>
          <ns3:TrackPointExtension>
            <ns3:hr>128</ns3:hr>
          </ns3:TrackPointExtension>
        </extensions>
      </trkpt>
      <trkpt lat="36.969517506659030914306640625" lon="140.124189667403697967529296875">
        <ele>249.1999969482421875</ele>
        <time>2025-10-23T01:37:11.000Z</time>
        <extensions>
          <ns3:TrackPointExtension>
            <ns3:hr>128</ns3:hr>
          </ns3:TrackPointExtension>
        </extensions>
      </trkpt>
      <trkpt lat="36.96948456577956676483154296875" lon="140.12429737485945224761962890625">
        <ele>249.600006103515625</ele>
        <time>2025-10-23T01:37:17.000Z</time>
        <extensions>
          <ns3:TrackPointExtension>
            <ns3:hr>128</ns3:hr>
          </ns3:TrackPointExtension>
        </extensions>
      </trkpt>
      <trkpt lat="36.9694854877889156341552734375" lon="140.1243625022470951080322265625">
        <ele>249.8000030517578125</ele>
        <time>2025-10-23T01:37:20.000Z</time>
        <extensions>
          <ns3:TrackPointExtension>
            <ns3:hr>128</ns3:hr>
          </ns3:TrackPointExtension>
        </extensions>
      </trkpt>
      <trkpt lat="36.9694834761321544647216796875" lon="140.12441790662705898284912109375">
        <ele>250</ele>
        <time>2025-10-23T01:37:23.000Z</time>
        <extensions>
          <ns3:TrackPointExtension>
            <ns3:hr>127</ns3:hr>
          </ns3:TrackPointExtension>
        </extensions>
      </trkpt>
      <trkpt lat="36.969485990703105926513671875" lon="140.12443282641470432281494140625">
        <ele>250</ele>
        <time>2025-10-23T01:37:24.000Z</time>
        <extensions>
          <ns3:TrackPointExtension>
            <ns3:hr>127</ns3:hr>
          </ns3:TrackPointExtension>
        </extensions>
      </trkpt>
      <trkpt lat="36.9694945402443408966064453125" lon="140.124453194439411163330078125">
        <ele>250.1999969482421875</ele>
        <time>2025-10-23T01:37:26.000Z</time>
        <extensions>
          <ns3:TrackPointExtension>
            <ns3:hr>127</ns3:hr>
          </ns3:TrackPointExtension>
        </extensions>
      </trkpt>
      <trkpt lat="36.96950711309909820556640625" lon="140.124478004872798919677734375">
        <ele>250.600006103515625</ele>
        <time>2025-10-23T01:37:28.000Z</time>
        <extensions>
          <ns3:TrackPointExtension>
            <ns3:hr>126</ns3:hr>
          </ns3:TrackPointExtension>
        </extensions>
      </trkpt>
      <trkpt lat="36.96954407729208469390869140625" lon="140.1245908252894878387451171875">
        <ele>251.399993896484375</ele>
        <time>2025-10-23T01:37:36.000Z</time>
        <extensions>
          <ns3:TrackPointExtension>
            <ns3:hr>125</ns3:hr>
          </ns3:TrackPointExtension>
        </extensions>
      </trkpt>
      <trkpt lat="36.969595961272716522216796875" lon="140.12469752691686153411865234375">
        <ele>252.8000030517578125</ele>
        <time>2025-10-23T01:37:45.000Z</time>
        <extensions>
          <ns3:TrackPointExtension>
            <ns3:hr>125</ns3:hr>
          </ns3:TrackPointExtension>
        </extensions>
      </trkpt>
      <trkpt lat="36.96963426657021045684814453125" lon="140.12473943643271923065185546875">
        <ele>253.399993896484375</ele>
        <time>2025-10-23T01:37:49.000Z</time>
        <extensions>
          <ns3:TrackPointExtension>
            <ns3:hr>122</ns3:hr>
          </ns3:TrackPointExtension>
        </extensions>
      </trkpt>
      <trkpt lat="36.969650276005268096923828125" lon="140.1247638277709484100341796875">
        <ele>253.600006103515625</ele>
        <time>2025-10-23T01:37:51.000Z</time>
        <extensions>
          <ns3:TrackPointExtension>
            <ns3:hr>123</ns3:hr>
          </ns3:TrackPointExtension>
        </extensions>
      </trkpt>
      <trkpt lat="36.96971037425100803375244140625" lon="140.12483750469982624053955078125">
        <ele>254.600006103515625</ele>
        <time>2025-10-23T01:37:59.000Z</time>
        <extensions>
          <ns3:TrackPointExtension>
            <ns3:hr>122</ns3:hr>
          </ns3:TrackPointExtension>
        </extensions>
      </trkpt>
      <trkpt lat="36.9697815366089344024658203125" lon="140.12491947971284389495849609375">
        <ele>255.600006103515625</ele>
        <time>2025-10-23T01:38:08.000Z</time>
        <extensions>
          <ns3:TrackPointExtension>
            <ns3:hr>121</ns3:hr>
          </ns3:TrackPointExtension>
        </extensions>
      </trkpt>
      <trkpt lat="36.969850771129131317138671875" lon="140.1250025443732738494873046875">
        <ele>256.399993896484375</ele>
        <time>2025-10-23T01:38:16.000Z</time>
        <extensions>
          <ns3:TrackPointExtension>
            <ns3:hr>121</ns3:hr>
          </ns3:TrackPointExtension>
        </extensions>
      </trkpt>
      <trkpt lat="36.96990114636719226837158203125" lon="140.1250592060387134552001953125">
        <ele>256.79998779296875</ele>
        <time>2025-10-23T01:38:23.000Z</time>
        <extensions>
          <ns3:TrackPointExtension>
            <ns3:hr>121</ns3:hr>
          </ns3:TrackPointExtension>
        </extensions>
      </trkpt>
      <trkpt lat="36.969976834952831268310546875" lon="140.12511109001934528350830078125">
        <ele>257.20001220703125</ele>
        <time>2025-10-23T01:38:30.000Z</time>
        <extensions>
          <ns3:TrackPointExtension>
            <ns3:hr>120</ns3:hr>
          </ns3:TrackPointExtension>
        </extensions>
      </trkpt>
      <trkpt lat="36.97000357322394847869873046875" lon="140.12513539753854274749755859375">
        <ele>257.399993896484375</ele>
        <time>2025-10-23T01:38:33.000Z</time>
        <extensions>
          <ns3:TrackPointExtension>
            <ns3:hr>119</ns3:hr>
          </ns3:TrackPointExtension>
        </extensions>
      </trkpt>
      <trkpt lat="36.970042549073696136474609375" lon="140.12516473419964313507080078125">
        <ele>257.600006103515625</ele>
        <time>2025-10-23T01:38:37.000Z</time>
        <extensions>
          <ns3:TrackPointExtension>
            <ns3:hr>119</ns3:hr>
          </ns3:TrackPointExtension>
        </extensions>
      </trkpt>
      <trkpt lat="36.97014355100691318511962890625" lon="140.12525190599262714385986328125">
        <ele>258.399993896484375</ele>
        <time>2025-10-23T01:38:48.000Z</time>
        <extensions>
          <ns3:TrackPointExtension>
            <ns3:hr>119</ns3:hr>
          </ns3:TrackPointExtension>
        </extensions>
      </trkpt>
      <trkpt lat="36.970209516584873199462890625" lon="140.125306136906147003173828125">
        <ele>258.79998779296875</ele>
        <time>2025-10-23T01:38:56.000Z</time>
        <extensions>
          <ns3:TrackPointExtension>
            <ns3:hr>119</ns3:hr>
          </ns3:TrackPointExtension>
        </extensions>
      </trkpt>
      <trkpt lat="36.97028604336082935333251953125" lon="140.12540998868644237518310546875">
        <ele>259.399993896484375</ele>
        <time>2025-10-23T01:39:05.000Z</time>
        <extensions>
          <ns3:TrackPointExtension>
            <ns3:hr>119</ns3:hr>
          </ns3:TrackPointExtension>
        </extensions>
      </trkpt>
      <trkpt lat="36.97037237696349620819091796875" lon="140.125497244298458099365234375">
        <ele>260</ele>
        <time>2025-10-23T01:39:15.000Z</time>
        <extensions>
          <ns3:TrackPointExtension>
            <ns3:hr>119</ns3:hr>
          </ns3:TrackPointExtension>
        </extensions>
      </trkpt>
      <trkpt lat="36.97045267559587955474853515625" lon="140.1255973242223262786865234375">
        <ele>260.600006103515625</ele>
        <time>2025-10-23T01:39:25.000Z</time>
        <extensions>
          <ns3:TrackPointExtension>
            <ns3:hr>121</ns3:hr>
          </ns3:TrackPointExtension>
        </extensions>
      </trkpt>
      <trkpt lat="36.9705060683190822601318359375" lon="140.12566261924803256988525390625">
        <ele>260.79998779296875</ele>
        <time>2025-10-23T01:39:31.000Z</time>
        <extensions>
          <ns3:TrackPointExtension>
            <ns3:hr>119</ns3:hr>
          </ns3:TrackPointExtension>
        </extensions>
      </trkpt>
      <trkpt lat="36.97051989845931529998779296875" lon="140.12569229118525981903076171875">
        <ele>260.79998779296875</ele>
        <time>2025-10-23T01:39:33.000Z</time>
        <extensions>
          <ns3:TrackPointExtension>
            <ns3:hr>117</ns3:hr>
          </ns3:TrackPointExtension>
        </extensions>
      </trkpt>
      <trkpt lat="36.9705994427204132080078125" lon="140.12582120485603809356689453125">
        <ele>262</ele>
        <time>2025-10-23T01:39:43.000Z</time>
        <extensions>
          <ns3:TrackPointExtension>
            <ns3:hr>115</ns3:hr>
          </ns3:TrackPointExtension>
        </extensions>
      </trkpt>
      <trkpt lat="36.970605142414569854736328125" lon="140.12583310715854167938232421875">
        <ele>262.20001220703125</ele>
        <time>2025-10-23T01:39:44.000Z</time>
        <extensions>
          <ns3:TrackPointExtension>
            <ns3:hr>114</ns3:hr>
          </ns3:TrackPointExtension>
        </extensions>
      </trkpt>
      <trkpt lat="36.97066674940288066864013671875" lon="140.12589731253683567047119140625">
        <ele>262.79998779296875</ele>
        <time>2025-10-23T01:39:52.000Z</time>
        <extensions>
          <ns3:TrackPointExtension>
            <ns3:hr>117</ns3:hr>
          </ns3:TrackPointExtension>
        </extensions>
      </trkpt>
      <trkpt lat="36.97067496366798877716064453125" lon="140.12590837664902210235595703125">
        <ele>263</ele>
        <time>2025-10-23T01:39:53.000Z</time>
        <extensions>
          <ns3:TrackPointExtension>
            <ns3:hr>118</ns3:hr>
          </ns3:TrackPointExtension>
        </extensions>
      </trkpt>
      <trkpt lat="36.97074763476848602294921875" lon="140.12602136470377445220947265625">
        <ele>264.79998779296875</ele>
        <time>2025-10-23T01:40:02.000Z</time>
        <extensions>
          <ns3:TrackPointExtension>
            <ns3:hr>117</ns3:hr>
          </ns3:TrackPointExtension>
        </extensions>
      </trkpt>
      <trkpt lat="36.9708101637661457061767578125" lon="140.1261032558977603912353515625">
        <ele>266.399993896484375</ele>
        <time>2025-10-23T01:40:10.000Z</time>
        <extensions>
          <ns3:TrackPointExtension>
            <ns3:hr>116</ns3:hr>
          </ns3:TrackPointExtension>
        </extensions>
      </trkpt>
      <trkpt lat="36.97081946767866611480712890625" lon="140.126117505133152008056640625">
        <ele>266.600006103515625</ele>
        <time>2025-10-23T01:40:11.000Z</time>
        <extensions>
          <ns3:TrackPointExtension>
            <ns3:hr>116</ns3:hr>
          </ns3:TrackPointExtension>
        </extensions>
      </trkpt>
      <trkpt lat="36.9708711840212345123291015625" lon="140.12619051150977611541748046875">
        <ele>268</ele>
        <time>2025-10-23T01:40:19.000Z</time>
        <extensions>
          <ns3:TrackPointExtension>
            <ns3:hr>118</ns3:hr>
          </ns3:TrackPointExtension>
        </extensions>
      </trkpt>
      <trkpt lat="36.97088534943759441375732421875" lon="140.12621364556252956390380859375">
        <ele>268.399993896484375</ele>
        <time>2025-10-23T01:40:21.000Z</time>
        <extensions>
          <ns3:TrackPointExtension>
            <ns3:hr>118</ns3:hr>
          </ns3:TrackPointExtension>
        </extensions>
      </trkpt>
      <trkpt lat="36.97091929614543914794921875" lon="140.12627701275050640106201171875">
        <ele>269.20001220703125</ele>
        <time>2025-10-23T01:40:26.000Z</time>
        <extensions>
          <ns3:TrackPointExtension>
            <ns3:hr>116</ns3:hr>
          </ns3:TrackPointExtension>
        </extensions>
      </trkpt>
      <trkpt lat="36.97093647904694080352783203125" lon="140.12630014680325984954833984375">
        <ele>269.600006103515625</ele>
        <time>2025-10-23T01:40:28.000Z</time>
        <extensions>
          <ns3:TrackPointExtension>
            <ns3:hr>117</ns3:hr>
          </ns3:TrackPointExtension>
        </extensions>
      </trkpt>
      <trkpt lat="36.970958523452281951904296875" lon="140.12634021230041980743408203125">
        <ele>270</ele>
        <time>2025-10-23T01:40:32.000Z</time>
        <extensions>
          <ns3:TrackPointExtension>
            <ns3:hr>120</ns3:hr>
          </ns3:TrackPointExtension>
        </extensions>
      </trkpt>
      <trkpt lat="36.97099842131137847900390625" lon="140.12639502994716167449951171875">
        <ele>270.399993896484375</ele>
        <time>2025-10-23T01:40:38.000Z</time>
        <extensions>
          <ns3:TrackPointExtension>
            <ns3:hr>121</ns3:hr>
          </ns3:TrackPointExtension>
        </extensions>
      </trkpt>
      <trkpt lat="36.9710069708526134490966796875" lon="140.12642361223697662353515625">
        <ele>270.399993896484375</ele>
        <time>2025-10-23T01:40:40.000Z</time>
        <extensions>
          <ns3:TrackPointExtension>
            <ns3:hr>120</ns3:hr>
          </ns3:TrackPointExtension>
        </extensions>
      </trkpt>
      <trkpt lat="36.97104276157915592193603515625" lon="140.12650382705032825469970703125">
        <ele>270.79998779296875</ele>
        <time>2025-10-23T01:40:45.000Z</time>
        <extensions>
          <ns3:TrackPointExtension>
            <ns3:hr>121</ns3:hr>
          </ns3:TrackPointExtension>
        </extensions>
      </trkpt>
      <trkpt lat="36.97110210545361042022705078125" lon="140.12658454477787017822265625">
        <ele>271.399993896484375</ele>
        <time>2025-10-23T01:40:54.000Z</time>
        <extensions>
          <ns3:TrackPointExtension>
            <ns3:hr>121</ns3:hr>
          </ns3:TrackPointExtension>
        </extensions>
      </trkpt>
      <trkpt lat="36.97116740047931671142578125" lon="140.126668699085712432861328125">
        <ele>271.79998779296875</ele>
        <time>2025-10-23T01:41:02.000Z</time>
        <extensions>
          <ns3:TrackPointExtension>
            <ns3:hr>120</ns3:hr>
          </ns3:TrackPointExtension>
        </extensions>
      </trkpt>
      <trkpt lat="36.9712316058576107025146484375" lon="140.12671924196183681488037109375">
        <ele>272.399993896484375</ele>
        <time>2025-10-23T01:41:08.000Z</time>
        <extensions>
          <ns3:TrackPointExtension>
            <ns3:hr>117</ns3:hr>
          </ns3:TrackPointExtension>
        </extensions>
      </trkpt>
      <trkpt lat="36.97125163860619068145751953125" lon="140.1267446391284465789794921875">
        <ele>272.399993896484375</ele>
        <time>2025-10-23T01:41:11.000Z</time>
        <extensions>
          <ns3:TrackPointExtension>
            <ns3:hr>116</ns3:hr>
          </ns3:TrackPointExtension>
        </extensions>
      </trkpt>
      <trkpt lat="36.9712758623063564300537109375" lon="140.12675964273512363433837890625">
        <ele>272.79998779296875</ele>
        <time>2025-10-23T01:41:14.000Z</time>
        <extensions>
          <ns3:TrackPointExtension>
            <ns3:hr>119</ns3:hr>
          </ns3:TrackPointExtension>
        </extensions>
      </trkpt>
      <trkpt lat="36.97129203937947750091552734375" lon="140.1267731375992298126220703125">
        <ele>273</ele>
        <time>2025-10-23T01:41:16.000Z</time>
        <extensions>
          <ns3:TrackPointExtension>
            <ns3:hr>121</ns3:hr>
          </ns3:TrackPointExtension>
        </extensions>
      </trkpt>
      <trkpt lat="36.97130863554775714874267578125" lon="140.126797445118427276611328125">
        <ele>273.20001220703125</ele>
        <time>2025-10-23T01:41:18.000Z</time>
        <extensions>
          <ns3:TrackPointExtension>
            <ns3:hr>122</ns3:hr>
          </ns3:TrackPointExtension>
        </extensions>
      </trkpt>
      <trkpt lat="36.971366889774799346923828125" lon="140.12686274014413356781005859375">
        <ele>273.600006103515625</ele>
        <time>2025-10-23T01:41:25.000Z</time>
        <extensions>
          <ns3:TrackPointExtension>
            <ns3:hr>122</ns3:hr>
          </ns3:TrackPointExtension>
        </extensions>
      </trkpt>
      <trkpt lat="36.971373260021209716796875" lon="140.12686508707702159881591796875">
        <ele>273.79998779296875</ele>
        <time>2025-10-23T01:41:26.000Z</time>
        <extensions>
          <ns3:TrackPointExtension>
            <ns3:hr>122</ns3:hr>
          </ns3:TrackPointExtension>
        </extensions>
      </trkpt>
      <trkpt lat="36.97142262943089008331298828125" lon="140.12691135518252849578857421875">
        <ele>274</ele>
        <time>2025-10-23T01:41:33.000Z</time>
        <extensions>
          <ns3:TrackPointExtension>
            <ns3:hr>122</ns3:hr>
          </ns3:TrackPointExtension>
        </extensions>
      </trkpt>
      <trkpt lat="36.971436627209186553955078125" lon="140.126934237778186798095703125">
        <ele>274.20001220703125</ele>
        <time>2025-10-23T01:41:35.000Z</time>
        <extensions>
          <ns3:TrackPointExtension>
            <ns3:hr>122</ns3:hr>
          </ns3:TrackPointExtension>
        </extensions>
      </trkpt>
      <trkpt lat="36.97144928388297557830810546875" lon="140.12694002129137516021728515625">
        <ele>274.20001220703125</ele>
        <time>2025-10-23T01:41:36.000Z</time>
        <extensions>
          <ns3:TrackPointExtension>
            <ns3:hr>121</ns3:hr>
          </ns3:TrackPointExtension>
        </extensions>
      </trkpt>
      <trkpt lat="36.97155958972871303558349609375" lon="140.12699626386165618896484375">
        <ele>275.399993896484375</ele>
        <time>2025-10-23T01:41:45.000Z</time>
        <extensions>
          <ns3:TrackPointExtension>
            <ns3:hr>122</ns3:hr>
          </ns3:TrackPointExtension>
        </extensions>
      </trkpt>
      <trkpt lat="36.971610300242900848388671875" lon="140.12702350504696369171142578125">
        <ele>275.600006103515625</ele>
        <time>2025-10-23T01:41:52.000Z</time>
        <extensions>
          <ns3:TrackPointExtension>
            <ns3:hr>119</ns3:hr>
          </ns3:TrackPointExtension>
        </extensions>
      </trkpt>
      <trkpt lat="36.9716305844485759735107421875" lon="140.12703356333076953887939453125">
        <ele>275.79998779296875</ele>
        <time>2025-10-23T01:41:54.000Z</time>
        <extensions>
          <ns3:TrackPointExtension>
            <ns3:hr>119</ns3:hr>
          </ns3:TrackPointExtension>
        </extensions>
      </trkpt>
      <trkpt lat="36.971661262214183807373046875" lon="140.12704529799520969390869140625">
        <ele>276</ele>
        <time>2025-10-23T01:41:57.000Z</time>
        <extensions>
          <ns3:TrackPointExtension>
            <ns3:hr>120</ns3:hr>
          </ns3:TrackPointExtension>
        </extensions>
      </trkpt>
      <trkpt lat="36.97170208208262920379638671875" lon="140.12707270681858062744140625">
        <ele>276.20001220703125</ele>
        <time>2025-10-23T01:42:01.000Z</time>
        <extensions>
          <ns3:TrackPointExtension>
            <ns3:hr>120</ns3:hr>
          </ns3:TrackPointExtension>
        </extensions>
      </trkpt>
      <trkpt lat="36.9718029163777828216552734375" lon="140.12716247700154781341552734375">
        <ele>277.20001220703125</ele>
        <time>2025-10-23T01:42:10.000Z</time>
        <extensions>
          <ns3:TrackPointExtension>
            <ns3:hr>121</ns3:hr>
          </ns3:TrackPointExtension>
        </extensions>
      </trkpt>
      <trkpt lat="36.97190660052001476287841796875" lon="140.1272193901240825653076171875">
        <ele>278.20001220703125</ele>
        <time>2025-10-23T01:42:21.000Z</time>
        <extensions>
          <ns3:TrackPointExtension>
            <ns3:hr>122</ns3:hr>
          </ns3:TrackPointExtension>
        </extensions>
      </trkpt>
      <trkpt lat="36.97200014255940914154052734375" lon="140.1272825896739959716796875">
        <ele>279.20001220703125</ele>
        <time>2025-10-23T01:42:32.000Z</time>
        <extensions>
          <ns3:TrackPointExtension>
            <ns3:hr>122</ns3:hr>
          </ns3:TrackPointExtension>
        </extensions>
      </trkpt>
      <trkpt lat="36.9720800220966339111328125" lon="140.12735190801322460174560546875">
        <ele>280</ele>
        <time>2025-10-23T01:42:40.000Z</time>
        <extensions>
          <ns3:TrackPointExtension>
            <ns3:hr>122</ns3:hr>
          </ns3:TrackPointExtension>
        </extensions>
      </trkpt>
      <trkpt lat="36.972171552479267120361328125" lon="140.12743103317916393280029296875">
        <ele>279.600006103515625</ele>
        <time>2025-10-23T01:42:50.000Z</time>
        <extensions>
          <ns3:TrackPointExtension>
            <ns3:hr>119</ns3:hr>
          </ns3:TrackPointExtension>
        </extensions>
      </trkpt>
      <trkpt lat="36.9722686149179935455322265625" lon="140.1274969987571239471435546875">
        <ele>279</ele>
        <time>2025-10-23T01:42:58.000Z</time>
        <extensions>
          <ns3:TrackPointExtension>
            <ns3:hr>118</ns3:hr>
          </ns3:TrackPointExtension>
        </extensions>
      </trkpt>
      <trkpt lat="36.9723594747483730316162109375" lon="140.12756229378283023834228515625">
        <ele>278.399993896484375</ele>
        <time>2025-10-23T01:43:06.000Z</time>
        <extensions>
          <ns3:TrackPointExtension>
            <ns3:hr>118</ns3:hr>
          </ns3:TrackPointExtension>
        </extensions>
      </trkpt>
      <trkpt lat="36.97246869094669818878173828125" lon="140.1276259124279022216796875">
        <ele>277.399993896484375</ele>
        <time>2025-10-23T01:43:15.000Z</time>
        <extensions>
          <ns3:TrackPointExtension>
            <ns3:hr>118</ns3:hr>
          </ns3:TrackPointExtension>
        </extensions>
      </trkpt>
      <trkpt lat="36.97249316610395908355712890625" lon="140.12764225713908672332763671875">
        <ele>277.20001220703125</ele>
        <time>2025-10-23T01:43:17.000Z</time>
        <extensions>
          <ns3:TrackPointExtension>
            <ns3:hr>115</ns3:hr>
          </ns3:TrackPointExtension>
        </extensions>
      </trkpt>
      <trkpt lat="36.97255703620612621307373046875" lon="140.12767192907631397247314453125">
        <ele>276.600006103515625</ele>
        <time>2025-10-23T01:43:22.000Z</time>
        <extensions>
          <ns3:TrackPointExtension>
            <ns3:hr>113</ns3:hr>
          </ns3:TrackPointExtension>
        </extensions>
      </trkpt>
      <trkpt lat="36.97264152579009532928466796875" lon="140.1277511380612850189208984375">
        <ele>275.79998779296875</ele>
        <time>2025-10-23T01:43:32.000Z</time>
        <extensions>
          <ns3:TrackPointExtension>
            <ns3:hr>111</ns3:hr>
          </ns3:TrackPointExtension>
        </extensions>
      </trkpt>
      <trkpt lat="36.97273540310561656951904296875" lon="140.12782783247530460357666015625">
        <ele>277</ele>
        <time>2025-10-23T01:43:41.000Z</time>
        <extensions>
          <ns3:TrackPointExtension>
            <ns3:hr>113</ns3:hr>
          </ns3:TrackPointExtension>
        </extensions>
      </trkpt>
      <trkpt lat="36.97282391600310802459716796875" lon="140.12789136730134487152099609375">
        <ele>278</ele>
        <time>2025-10-23T01:43:51.000Z</time>
        <extensions>
          <ns3:TrackPointExtension>
            <ns3:hr>113</ns3:hr>
          </ns3:TrackPointExtension>
        </extensions>
      </trkpt>
      <trkpt lat="36.972942352294921875" lon="140.127987004816532135009765625">
        <ele>279.399993896484375</ele>
        <time>2025-10-23T01:44:04.000Z</time>
        <extensions>
          <ns3:TrackPointExtension>
            <ns3:hr>111</ns3:hr>
          </ns3:TrackPointExtension>
        </extensions>
      </trkpt>
      <trkpt lat="36.9730866886675357818603515625" lon="140.12808465398848056793212890625">
        <ele>281.399993896484375</ele>
        <time>2025-10-23T01:44:17.000Z</time>
        <extensions>
          <ns3:TrackPointExtension>
            <ns3:hr>110</ns3:hr>
          </ns3:TrackPointExtension>
        </extensions>
      </trkpt>
      <trkpt lat="36.9732077233493328094482421875" lon="140.12816545553505420684814453125">
        <ele>282.79998779296875</ele>
        <time>2025-10-23T01:44:27.000Z</time>
        <extensions>
          <ns3:TrackPointExtension>
            <ns3:hr>109</ns3:hr>
          </ns3:TrackPointExtension>
        </extensions>
      </trkpt>
      <trkpt lat="36.973292715847492218017578125" lon="140.12822999618947505950927734375">
        <ele>283.399993896484375</ele>
        <time>2025-10-23T01:44:36.000Z</time>
        <extensions>
          <ns3:TrackPointExtension>
            <ns3:hr>109</ns3:hr>
          </ns3:TrackPointExtension>
        </extensions>
      </trkpt>
      <trkpt lat="36.973395645618438720703125" lon="140.12830141000449657440185546875">
        <ele>283.79998779296875</ele>
        <time>2025-10-23T01:44:47.000Z</time>
        <extensions>
          <ns3:TrackPointExtension>
            <ns3:hr>110</ns3:hr>
          </ns3:TrackPointExtension>
        </extensions>
      </trkpt>
      <trkpt lat="36.97346496395766735076904296875" lon="140.12838891707360744476318359375">
        <ele>284</ele>
        <time>2025-10-23T01:44:56.000Z</time>
        <extensions>
          <ns3:TrackPointExtension>
            <ns3:hr>109</ns3:hr>
          </ns3:TrackPointExtension>
        </extensions>
      </trkpt>
      <trkpt lat="36.9734896905720233917236328125" lon="140.1284273900091648101806640625">
        <ele>284</ele>
        <time>2025-10-23T01:44:59.000Z</time>
        <extensions>
          <ns3:TrackPointExtension>
            <ns3:hr>109</ns3:hr>
          </ns3:TrackPointExtension>
        </extensions>
      </trkpt>
      <trkpt lat="36.973534785211086273193359375" lon="140.12847550213336944580078125">
        <ele>284</ele>
        <time>2025-10-23T01:45:03.000Z</time>
        <extensions>
          <ns3:TrackPointExtension>
            <ns3:hr>107</ns3:hr>
          </ns3:TrackPointExtension>
        </extensions>
      </trkpt>
      <trkpt lat="36.97361701168119907379150390625" lon="140.12855605222284793853759765625">
        <ele>284.20001220703125</ele>
        <time>2025-10-23T01:45:10.000Z</time>
        <extensions>
          <ns3:TrackPointExtension>
            <ns3:hr>107</ns3:hr>
          </ns3:TrackPointExtension>
        </extensions>
      </trkpt>
      <trkpt lat="36.97369161061942577362060546875" lon="140.128657557070255279541015625">
        <ele>284.600006103515625</ele>
        <time>2025-10-23T01:45:19.000Z</time>
        <extensions>
          <ns3:TrackPointExtension>
            <ns3:hr>108</ns3:hr>
          </ns3:TrackPointExtension>
        </extensions>
      </trkpt>
      <trkpt lat="36.9737481884658336639404296875" lon="140.12872494757175445556640625">
        <ele>284.79998779296875</ele>
        <time>2025-10-23T01:45:25.000Z</time>
        <extensions>
          <ns3:TrackPointExtension>
            <ns3:hr>109</ns3:hr>
          </ns3:TrackPointExtension>
        </extensions>
      </trkpt>
      <trkpt lat="36.9737617671489715576171875" lon="140.12875185348093509674072265625">
        <ele>285</ele>
        <time>2025-10-23T01:45:27.000Z</time>
        <extensions>
          <ns3:TrackPointExtension>
            <ns3:hr>108</ns3:hr>
          </ns3:TrackPointExtension>
        </extensions>
      </trkpt>
      <trkpt lat="36.97380937635898590087890625" lon="140.12882611714303493499755859375">
        <ele>285.399993896484375</ele>
        <time>2025-10-23T01:45:33.000Z</time>
        <extensions>
          <ns3:TrackPointExtension>
            <ns3:hr>108</ns3:hr>
          </ns3:TrackPointExtension>
        </extensions>
      </trkpt>
      <trkpt lat="36.9738611765205860137939453125" lon="140.12891747988760471343994140625">
        <ele>285.399993896484375</ele>
        <time>2025-10-23T01:45:42.000Z</time>
        <extensions>
          <ns3:TrackPointExtension>
            <ns3:hr>109</ns3:hr>
          </ns3:TrackPointExtension>
        </extensions>
      </trkpt>
      <trkpt lat="36.973934434354305267333984375" lon="140.129090733826160430908203125">
        <ele>285.399993896484375</ele>
        <time>2025-10-23T01:45:51.000Z</time>
        <extensions>
          <ns3:TrackPointExtension>
            <ns3:hr>110</ns3:hr>
          </ns3:TrackPointExtension>
        </extensions>
      </trkpt>
      <trkpt lat="36.97398045100271701812744140625" lon="140.1292119361460208892822265625">
        <ele>284.79998779296875</ele>
        <time>2025-10-23T01:45:57.000Z</time>
        <extensions>
          <ns3:TrackPointExtension>
            <ns3:hr>113</ns3:hr>
          </ns3:TrackPointExtension>
        </extensions>
      </trkpt>
      <trkpt lat="36.9740066863596439361572265625" lon="140.12927672825753688812255859375">
        <ele>284.399993896484375</ele>
        <time>2025-10-23T01:46:00.000Z</time>
        <extensions>
          <ns3:TrackPointExtension>
            <ns3:hr>114</ns3:hr>
          </ns3:TrackPointExtension>
        </extensions>
      </trkpt>
      <trkpt lat="36.9740794412791728973388671875" lon="140.1294426061213016510009765625">
        <ele>283.20001220703125</ele>
        <time>2025-10-23T01:46:08.000Z</time>
        <extensions>
          <ns3:TrackPointExtension>
            <ns3:hr>118</ns3:hr>
          </ns3:TrackPointExtension>
        </extensions>
      </trkpt>
      <trkpt lat="36.9740968756377696990966796875" lon="140.1294781453907489776611328125">
        <ele>282.79998779296875</ele>
        <time>2025-10-23T01:46:10.000Z</time>
        <extensions>
          <ns3:TrackPointExtension>
            <ns3:hr>119</ns3:hr>
          </ns3:TrackPointExtension>
        </extensions>
      </trkpt>
      <trkpt lat="36.97411355562508106231689453125" lon="140.12952298857271671295166015625">
        <ele>282.399993896484375</ele>
        <time>2025-10-23T01:46:15.000Z</time>
        <extensions>
          <ns3:TrackPointExtension>
            <ns3:hr>119</ns3:hr>
          </ns3:TrackPointExtension>
        </extensions>
      </trkpt>
      <trkpt lat="36.9741585664451122283935546875" lon="140.1296268403530120849609375">
        <ele>281.399993896484375</ele>
        <time>2025-10-23T01:46:24.000Z</time>
        <extensions>
          <ns3:TrackPointExtension>
            <ns3:hr>118</ns3:hr>
          </ns3:TrackPointExtension>
        </extensions>
      </trkpt>
      <trkpt lat="36.974178850650787353515625" lon="140.12968224473297595977783203125">
        <ele>280.600006103515625</ele>
        <time>2025-10-23T01:46:29.000Z</time>
        <extensions>
          <ns3:TrackPointExtension>
            <ns3:hr>115</ns3:hr>
          </ns3:TrackPointExtension>
        </extensions>
      </trkpt>
      <trkpt lat="36.97420273907482624053955078125" lon="140.12972951866686344146728515625">
        <ele>280</ele>
        <time>2025-10-23T01:46:33.000Z</time>
        <extensions>
          <ns3:TrackPointExtension>
            <ns3:hr>114</ns3:hr>
          </ns3:TrackPointExtension>
        </extensions>
      </trkpt>
      <trkpt lat="36.97425940074026584625244140625" lon="140.12979590333998203277587890625">
        <ele>279.399993896484375</ele>
        <time>2025-10-23T01:46:38.000Z</time>
        <extensions>
          <ns3:TrackPointExtension>
            <ns3:hr>111</ns3:hr>
          </ns3:TrackPointExtension>
        </extensions>
      </trkpt>
      <trkpt lat="36.97428546845912933349609375" lon="140.12982239015400409698486328125">
        <ele>279</ele>
        <time>2025-10-23T01:46:40.000Z</time>
        <extensions>
          <ns3:TrackPointExtension>
            <ns3:hr>111</ns3:hr>
          </ns3:TrackPointExtension>
        </extensions>
      </trkpt>
      <trkpt lat="36.9743905775249004364013671875" lon="140.12991375289857387542724609375">
        <ele>278.399993896484375</ele>
        <time>2025-10-23T01:46:48.000Z</time>
        <extensions>
          <ns3:TrackPointExtension>
            <ns3:hr>113</ns3:hr>
          </ns3:TrackPointExtension>
        </extensions>
      </trkpt>
      <trkpt lat="36.97456265799701213836669921875" lon="140.1299659721553325653076171875">
        <ele>278.600006103515625</ele>
        <time>2025-10-23T01:46:58.000Z</time>
        <extensions>
          <ns3:TrackPointExtension>
            <ns3:hr>112</ns3:hr>
          </ns3:TrackPointExtension>
        </extensions>
      </trkpt>
      <trkpt lat="36.97472979314625263214111328125" lon="140.12999354861676692962646484375">
        <ele>278.20001220703125</ele>
        <time>2025-10-23T01:47:07.000Z</time>
        <extensions>
          <ns3:TrackPointExtension>
            <ns3:hr>112</ns3:hr>
          </ns3:TrackPointExtension>
        </extensions>
      </trkpt>
      <trkpt lat="36.97486625052988529205322265625" lon="140.12998935766518115997314453125">
        <ele>278.399993896484375</ele>
        <time>2025-10-23T01:47:14.000Z</time>
        <extensions>
          <ns3:TrackPointExtension>
            <ns3:hr>115</ns3:hr>
          </ns3:TrackPointExtension>
        </extensions>
      </trkpt>
      <trkpt lat="36.97488418780267238616943359375" lon="140.1299860887229442596435546875">
        <ele>278.399993896484375</ele>
        <time>2025-10-23T01:47:15.000Z</time>
        <extensions>
          <ns3:TrackPointExtension>
            <ns3:hr>116</ns3:hr>
          </ns3:TrackPointExtension>
        </extensions>
      </trkpt>
      <trkpt lat="36.97498175315558910369873046875" lon="140.1299787126481533050537109375">
        <ele>278.600006103515625</ele>
        <time>2025-10-23T01:47:21.000Z</time>
        <extensions>
          <ns3:TrackPointExtension>
            <ns3:hr>116</ns3:hr>
          </ns3:TrackPointExtension>
        </extensions>
      </trkpt>
      <trkpt lat="36.97499868459999561309814453125" lon="140.12998617254197597503662109375">
        <ele>278.399993896484375</ele>
        <time>2025-10-23T01:47:22.000Z</time>
        <extensions>
          <ns3:TrackPointExtension>
            <ns3:hr>116</ns3:hr>
          </ns3:TrackPointExtension>
        </extensions>
      </trkpt>
      <trkpt lat="36.97510027326643466949462890625" lon="140.12997561134397983551025390625">
        <ele>278.600006103515625</ele>
        <time>2025-10-23T01:47:28.000Z</time>
        <extensions>
          <ns3:TrackPointExtension>
            <ns3:hr>117</ns3:hr>
          </ns3:TrackPointExtension>
        </extensions>
      </trkpt>
      <trkpt lat="36.97521217167377471923828125" lon="140.1299716718494892120361328125">
        <ele>278.600006103515625</ele>
        <time>2025-10-23T01:47:34.000Z</time>
        <extensions>
          <ns3:TrackPointExtension>
            <ns3:hr>120</ns3:hr>
          </ns3:TrackPointExtension>
        </extensions>
      </trkpt>
      <trkpt lat="36.97531049139797687530517578125" lon="140.12996806763112545013427734375">
        <ele>278.399993896484375</ele>
        <time>2025-10-23T01:47:39.000Z</time>
        <extensions>
          <ns3:TrackPointExtension>
            <ns3:hr>121</ns3:hr>
          </ns3:TrackPointExtension>
        </extensions>
      </trkpt>
      <trkpt lat="36.9754430092871189117431640625" lon="140.129968822002410888671875">
        <ele>277.79998779296875</ele>
        <time>2025-10-23T01:47:46.000Z</time>
        <extensions>
          <ns3:TrackPointExtension>
            <ns3:hr>122</ns3:hr>
          </ns3:TrackPointExtension>
        </extensions>
      </trkpt>
      <trkpt lat="36.9755898602306842803955078125" lon="140.1300078816711902618408203125">
        <ele>276.20001220703125</ele>
        <time>2025-10-23T01:47:54.000Z</time>
        <extensions>
          <ns3:TrackPointExtension>
            <ns3:hr>124</ns3:hr>
          </ns3:TrackPointExtension>
        </extensions>
      </trkpt>
      <trkpt lat="36.97572958655655384063720703125" lon="140.1300648786127567291259765625">
        <ele>274.79998779296875</ele>
        <time>2025-10-23T01:48:02.000Z</time>
        <extensions>
          <ns3:TrackPointExtension>
            <ns3:hr>124</ns3:hr>
          </ns3:TrackPointExtension>
        </extensions>
      </trkpt>
      <trkpt lat="36.975813992321491241455078125" lon="140.13011223636567592620849609375">
        <ele>274.399993896484375</ele>
        <time>2025-10-23T01:48:08.000Z</time>
        <extensions>
          <ns3:TrackPointExtension>
            <ns3:hr>125</ns3:hr>
          </ns3:TrackPointExtension>
        </extensions>
      </trkpt>
      <trkpt lat="36.97581256739795207977294921875" lon="140.1301329396665096282958984375">
        <ele>274</ele>
        <time>2025-10-23T01:48:09.000Z</time>
        <extensions>
          <ns3:TrackPointExtension>
            <ns3:hr>125</ns3:hr>
          </ns3:TrackPointExtension>
        </extensions>
      </trkpt>
      <trkpt lat="36.97574995458126068115234375" lon="140.1302690617740154266357421875">
        <ele>273</ele>
        <time>2025-10-23T01:48:15.000Z</time>
        <extensions>
          <ns3:TrackPointExtension>
            <ns3:hr>125</ns3:hr>
          </ns3:TrackPointExtension>
        </extensions>
      </trkpt>
      <trkpt lat="36.9757412374019622802734375" lon="140.13028733432292938232421875">
        <ele>273</ele>
        <time>2025-10-23T01:48:19.000Z</time>
        <extensions>
          <ns3:TrackPointExtension>
            <ns3:hr>127</ns3:hr>
          </ns3:TrackPointExtension>
        </extensions>
      </trkpt>
      <trkpt lat="36.97573788464069366455078125" lon="140.130286999046802520751953125">
        <ele>273</ele>
        <time>2025-10-23T01:48:31.000Z</time>
        <extensions>
          <ns3:TrackPointExtension>
            <ns3:hr>125</ns3:hr>
          </ns3:TrackPointExtension>
        </extensions>
      </trkpt>
      <trkpt lat="36.97574165649712085723876953125" lon="140.130289681255817413330078125">
        <ele>273</ele>
        <time>2025-10-23T01:48:35.000Z</time>
        <extensions>
          <ns3:TrackPointExtension>
            <ns3:hr>122</ns3:hr>
          </ns3:TrackPointExtension>
        </extensions>
      </trkpt>
      <trkpt lat="36.97579043917357921600341796875" lon="140.13031910173594951629638671875">
        <ele>273</ele>
        <time>2025-10-23T01:48:38.000Z</time>
        <extensions>
          <ns3:TrackPointExtension>
            <ns3:hr>119</ns3:hr>
          </ns3:TrackPointExtension>
        </extensions>
      </trkpt>
      <trkpt lat="36.97590191848576068878173828125" lon="140.13034977950155735015869140625">
        <ele>273.20001220703125</ele>
        <time>2025-10-23T01:48:44.000Z</time>
        <extensions>
          <ns3:TrackPointExtension>
            <ns3:hr>117</ns3:hr>
          </ns3:TrackPointExtension>
        </extensions>
      </trkpt>
      <trkpt lat="36.9759305007755756378173828125" lon="140.13032983057200908660888671875">
        <ele>273.399993896484375</ele>
        <time>2025-10-23T01:48:46.000Z</time>
        <extensions>
          <ns3:TrackPointExtension>
            <ns3:hr>116</ns3:hr>
          </ns3:TrackPointExtension>
        </extensions>
      </trkpt>
      <trkpt lat="36.97597484104335308074951171875" lon="140.13032563962042331695556640625">
        <ele>273.399993896484375</ele>
        <time>2025-10-23T01:48:49.000Z</time>
        <extensions>
          <ns3:TrackPointExtension>
            <ns3:hr>119</ns3:hr>
          </ns3:TrackPointExtension>
        </extensions>
      </trkpt>
      <trkpt lat="36.976017840206623077392578125" lon="140.1303512044250965118408203125">
        <ele>273.600006103515625</ele>
        <time>2025-10-23T01:48:52.000Z</time>
        <extensions>
          <ns3:TrackPointExtension>
            <ns3:hr>121</ns3:hr>
          </ns3:TrackPointExtension>
        </extensions>
      </trkpt>
      <trkpt lat="36.9760974682867527008056640625" lon="140.13038347475230693817138671875">
        <ele>273.79998779296875</ele>
        <time>2025-10-23T01:48:57.000Z</time>
        <extensions>
          <ns3:TrackPointExtension>
            <ns3:hr>123</ns3:hr>
          </ns3:TrackPointExtension>
        </extensions>
      </trkpt>
      <trkpt lat="36.97614951990544795989990234375" lon="140.13041633181273937225341796875">
        <ele>273.79998779296875</ele>
        <time>2025-10-23T01:49:01.000Z</time>
        <extensions>
          <ns3:TrackPointExtension>
            <ns3:hr>125</ns3:hr>
          </ns3:TrackPointExtension>
        </extensions>
      </trkpt>
      <trkpt lat="36.9762862287461757659912109375" lon="140.13048581779003143310546875">
        <ele>274</ele>
        <time>2025-10-23T01:49:10.000Z</time>
        <extensions>
          <ns3:TrackPointExtension>
            <ns3:hr>125</ns3:hr>
          </ns3:TrackPointExtension>
        </extensions>
      </trkpt>
      <trkpt lat="36.9764233566820621490478515625" lon="140.13056418858468532562255859375">
        <ele>273.79998779296875</ele>
        <time>2025-10-23T01:49:19.000Z</time>
        <extensions>
          <ns3:TrackPointExtension>
            <ns3:hr>125</ns3:hr>
          </ns3:TrackPointExtension>
        </extensions>
      </trkpt>
      <trkpt lat="36.97657465003430843353271484375" lon="140.1306559704244136810302734375">
        <ele>274.20001220703125</ele>
        <time>2025-10-23T01:49:29.000Z</time>
        <extensions>
          <ns3:TrackPointExtension>
            <ns3:hr>127</ns3:hr>
          </ns3:TrackPointExtension>
        </extensions>
      </trkpt>
      <trkpt lat="36.97672502137720584869384765625" lon="140.130756385624408721923828125">
        <ele>275</ele>
        <time>2025-10-23T01:49:39.000Z</time>
        <extensions>
          <ns3:TrackPointExtension>
            <ns3:hr>129</ns3:hr>
          </ns3:TrackPointExtension>
        </extensions>
      </trkpt>
      <trkpt lat="36.97686147876083850860595703125" lon="140.13084095902740955352783203125">
        <ele>276.20001220703125</ele>
        <time>2025-10-23T01:49:48.000Z</time>
        <extensions>
          <ns3:TrackPointExtension>
            <ns3:hr>128</ns3:hr>
          </ns3:TrackPointExtension>
        </extensions>
      </trkpt>
      <trkpt lat="36.97702643461525440216064453125" lon="140.13094983994960784912109375">
        <ele>277.600006103515625</ele>
        <time>2025-10-23T01:49:59.000Z</time>
        <extensions>
          <ns3:TrackPointExtension>
            <ns3:hr>130</ns3:hr>
          </ns3:TrackPointExtension>
        </extensions>
      </trkpt>
      <trkpt lat="36.97717580012977123260498046875" lon="140.13103374280035495758056640625">
        <ele>279.600006103515625</ele>
        <time>2025-10-23T01:50:09.000Z</time>
        <extensions>
          <ns3:TrackPointExtension>
            <ns3:hr>132</ns3:hr>
          </ns3:TrackPointExtension>
        </extensions>
      </trkpt>
      <trkpt lat="36.97730253450572490692138671875" lon="140.13110767118632793426513671875">
        <ele>281.79998779296875</ele>
        <time>2025-10-23T01:50:17.000Z</time>
        <extensions>
          <ns3:TrackPointExtension>
            <ns3:hr>132</ns3:hr>
          </ns3:TrackPointExtension>
        </extensions>
      </trkpt>
      <trkpt lat="36.9774063862860202789306640625" lon="140.13118227012455463409423828125">
        <ele>282.79998779296875</ele>
        <time>2025-10-23T01:50:24.000Z</time>
        <extensions>
          <ns3:TrackPointExtension>
            <ns3:hr>134</ns3:hr>
          </ns3:TrackPointExtension>
        </extensions>
      </trkpt>
      <trkpt lat="36.97752130217850208282470703125" lon="140.13126365840435028076171875">
        <ele>283.20001220703125</ele>
        <time>2025-10-23T01:50:32.000Z</time>
        <extensions>
          <ns3:TrackPointExtension>
            <ns3:hr>136</ns3:hr>
          </ns3:TrackPointExtension>
        </extensions>
      </trkpt>
      <trkpt lat="36.977649629116058349609375" lon="140.1313543505966663360595703125">
        <ele>284</ele>
        <time>2025-10-23T01:50:42.000Z</time>
        <extensions>
          <ns3:TrackPointExtension>
            <ns3:hr>136</ns3:hr>
          </ns3:TrackPointExtension>
        </extensions>
      </trkpt>
      <trkpt lat="36.97776571847498416900634765625" lon="140.13146742247045040130615234375">
        <ele>284</ele>
        <time>2025-10-23T01:50:52.000Z</time>
        <extensions>
          <ns3:TrackPointExtension>
            <ns3:hr>136</ns3:hr>
          </ns3:TrackPointExtension>
        </extensions>
      </trkpt>
      <trkpt lat="36.97788926772773265838623046875" lon="140.13156180270016193389892578125">
        <ele>284</ele>
        <time>2025-10-23T01:51:01.000Z</time>
        <extensions>
          <ns3:TrackPointExtension>
            <ns3:hr>136</ns3:hr>
          </ns3:TrackPointExtension>
        </extensions>
      </trkpt>
      <trkpt lat="36.978014074265956878662109375" lon="140.13165953569114208221435546875">
        <ele>284.79998779296875</ele>
        <time>2025-10-23T01:51:09.000Z</time>
        <extensions>
          <ns3:TrackPointExtension>
            <ns3:hr>134</ns3:hr>
          </ns3:TrackPointExtension>
        </extensions>
      </trkpt>
      <trkpt lat="36.97802907787263393402099609375" lon="140.1317050494253635406494140625">
        <ele>285</ele>
        <time>2025-10-23T01:51:12.000Z</time>
        <extensions>
          <ns3:TrackPointExtension>
            <ns3:hr>134</ns3:hr>
          </ns3:TrackPointExtension>
        </extensions>
      </trkpt>
      <trkpt lat="36.97804332710802555084228515625" lon="140.131733380258083343505859375">
        <ele>285.20001220703125</ele>
        <time>2025-10-23T01:51:14.000Z</time>
        <extensions>
          <ns3:TrackPointExtension>
            <ns3:hr>134</ns3:hr>
          </ns3:TrackPointExtension>
        </extensions>
      </trkpt>
      <trkpt lat="36.978054977953433990478515625" lon="140.1317466236650943756103515625">
        <ele>285.399993896484375</ele>
        <time>2025-10-23T01:51:15.000Z</time>
        <extensions>
          <ns3:TrackPointExtension>
            <ns3:hr>131</ns3:hr>
          </ns3:TrackPointExtension>
        </extensions>
      </trkpt>
      <trkpt lat="36.97806729935109615325927734375" lon="140.13176011852920055389404296875">
        <ele>285.399993896484375</ele>
        <time>2025-10-23T01:51:16.000Z</time>
        <extensions>
          <ns3:TrackPointExtension>
            <ns3:hr>134</ns3:hr>
          </ns3:TrackPointExtension>
        </extensions>
      </trkpt>
      <trkpt lat="36.97816000320017337799072265625" lon="140.1318462006747722625732421875">
        <ele>286</ele>
        <time>2025-10-23T01:51:23.000Z</time>
        <extensions>
          <ns3:TrackPointExtension>
            <ns3:hr>134</ns3:hr>
          </ns3:TrackPointExtension>
        </extensions>
      </trkpt>
      <trkpt lat="36.978295706212520599365234375" lon="140.13197687454521656036376953125">
        <ele>285.600006103515625</ele>
        <time>2025-10-23T01:51:33.000Z</time>
        <extensions>
          <ns3:TrackPointExtension>
            <ns3:hr>133</ns3:hr>
          </ns3:TrackPointExtension>
        </extensions>
      </trkpt>
      <trkpt lat="36.978386901319026947021484375" lon="140.1320741884410381317138671875">
        <ele>285.20001220703125</ele>
        <time>2025-10-23T01:51:40.000Z</time>
        <extensions>
          <ns3:TrackPointExtension>
            <ns3:hr>134</ns3:hr>
          </ns3:TrackPointExtension>
        </extensions>
      </trkpt>
      <trkpt lat="36.97849008254706859588623046875" lon="140.13220134191215038299560546875">
        <ele>285</ele>
        <time>2025-10-23T01:51:49.000Z</time>
        <extensions>
          <ns3:TrackPointExtension>
            <ns3:hr>136</ns3:hr>
          </ns3:TrackPointExtension>
        </extensions>
      </trkpt>
      <trkpt lat="36.978604495525360107421875" lon="140.13234727084636688232421875">
        <ele>285</ele>
        <time>2025-10-23T01:51:59.000Z</time>
        <extensions>
          <ns3:TrackPointExtension>
            <ns3:hr>136</ns3:hr>
          </ns3:TrackPointExtension>
        </extensions>
      </trkpt>
      <trkpt lat="36.97867750190198421478271484375" lon="140.1324584148824214935302734375">
        <ele>285</ele>
        <time>2025-10-23T01:52:07.000Z</time>
        <extensions>
          <ns3:TrackPointExtension>
            <ns3:hr>137</ns3:hr>
          </ns3:TrackPointExtension>
        </extensions>
      </trkpt>
      <trkpt lat="36.97875143028795719146728515625" lon="140.1325459219515323638916015625">
        <ele>285</ele>
        <time>2025-10-23T01:52:15.000Z</time>
        <extensions>
          <ns3:TrackPointExtension>
            <ns3:hr>134</ns3:hr>
          </ns3:TrackPointExtension>
        </extensions>
      </trkpt>
      <trkpt lat="36.97878613136708736419677734375" lon="140.1325992308557033538818359375">
        <ele>284.79998779296875</ele>
        <time>2025-10-23T01:52:20.000Z</time>
        <extensions>
          <ns3:TrackPointExtension>
            <ns3:hr>133</ns3:hr>
          </ns3:TrackPointExtension>
        </extensions>
      </trkpt>
      <trkpt lat="36.97885050438344478607177734375" lon="140.13268983922898769378662109375">
        <ele>284.600006103515625</ele>
        <time>2025-10-23T01:52:28.000Z</time>
        <extensions>
          <ns3:TrackPointExtension>
            <ns3:hr>131</ns3:hr>
          </ns3:TrackPointExtension>
        </extensions>
      </trkpt>
      <trkpt lat="36.9789295457303524017333984375" lon="140.13278958387672901153564453125">
        <ele>284.399993896484375</ele>
        <time>2025-10-23T01:52:36.000Z</time>
        <extensions>
          <ns3:TrackPointExtension>
            <ns3:hr>128</ns3:hr>
          </ns3:TrackPointExtension>
        </extensions>
      </trkpt>
      <trkpt lat="36.97894589044153690338134765625" lon="140.13281791470944881439208984375">
        <ele>284.20001220703125</ele>
        <time>2025-10-23T01:52:38.000Z</time>
        <extensions>
          <ns3:TrackPointExtension>
            <ns3:hr>128</ns3:hr>
          </ns3:TrackPointExtension>
        </extensions>
      </trkpt>
      <trkpt lat="36.97899668477475643157958984375" lon="140.1328724808990955352783203125">
        <ele>284</ele>
        <time>2025-10-23T01:52:44.000Z</time>
        <extensions>
          <ns3:TrackPointExtension>
            <ns3:hr>125</ns3:hr>
          </ns3:TrackPointExtension>
        </extensions>
      </trkpt>
      <trkpt lat="36.97904882021248340606689453125" lon="140.132933668792247772216796875">
        <ele>284</ele>
        <time>2025-10-23T01:52:50.000Z</time>
        <extensions>
          <ns3:TrackPointExtension>
            <ns3:hr>123</ns3:hr>
          </ns3:TrackPointExtension>
        </extensions>
      </trkpt>
      <trkpt lat="36.9791417755186557769775390625" lon="140.13304254971444606781005859375">
        <ele>284</ele>
        <time>2025-10-23T01:53:00.000Z</time>
        <extensions>
          <ns3:TrackPointExtension>
            <ns3:hr>122</ns3:hr>
          </ns3:TrackPointExtension>
        </extensions>
      </trkpt>
      <trkpt lat="36.97915258817374706268310546875" lon="140.13305344618856906890869140625">
        <ele>284</ele>
        <time>2025-10-23T01:53:01.000Z</time>
        <extensions>
          <ns3:TrackPointExtension>
            <ns3:hr>121</ns3:hr>
          </ns3:TrackPointExtension>
        </extensions>
      </trkpt>
      <trkpt lat="36.97920807637274265289306640625" lon="140.13314816169440746307373046875">
        <ele>284</ele>
        <time>2025-10-23T01:53:08.000Z</time>
        <extensions>
          <ns3:TrackPointExtension>
            <ns3:hr>119</ns3:hr>
          </ns3:TrackPointExtension>
        </extensions>
      </trkpt>
      <trkpt lat="36.979308910667896270751953125" lon="140.13326081447303295135498046875">
        <ele>284.20001220703125</ele>
        <time>2025-10-23T01:53:17.000Z</time>
        <extensions>
          <ns3:TrackPointExtension>
            <ns3:hr>119</ns3:hr>
          </ns3:TrackPointExtension>
        </extensions>
      </trkpt>
      <trkpt lat="36.979402117431163787841796875" lon="140.13336642645299434661865234375">
        <ele>284.399993896484375</ele>
        <time>2025-10-23T01:53:27.000Z</time>
        <extensions>
          <ns3:TrackPointExtension>
            <ns3:hr>121</ns3:hr>
          </ns3:TrackPointExtension>
        </extensions>
      </trkpt>
      <trkpt lat="36.97942835278809070587158203125" lon="140.13340003788471221923828125">
        <ele>284.600006103515625</ele>
        <time>2025-10-23T01:53:30.000Z</time>
        <extensions>
          <ns3:TrackPointExtension>
            <ns3:hr>120</ns3:hr>
          </ns3:TrackPointExtension>
        </extensions>
      </trkpt>
      <trkpt lat="36.9794646464288234710693359375" lon="140.13343029655516147613525390625">
        <ele>284.79998779296875</ele>
        <time>2025-10-23T01:53:33.000Z</time>
        <extensions>
          <ns3:TrackPointExtension>
            <ns3:hr>119</ns3:hr>
          </ns3:TrackPointExtension>
        </extensions>
      </trkpt>
      <trkpt lat="36.97955642826855182647705078125" lon="140.133511684834957122802734375">
        <ele>285</ele>
        <time>2025-10-23T01:53:42.000Z</time>
        <extensions>
          <ns3:TrackPointExtension>
            <ns3:hr>117</ns3:hr>
          </ns3:TrackPointExtension>
        </extensions>
      </trkpt>
      <trkpt lat="36.9796832464635372161865234375" lon="140.13359407894313335418701171875">
        <ele>286.600006103515625</ele>
        <time>2025-10-23T01:53:53.000Z</time>
        <extensions>
          <ns3:TrackPointExtension>
            <ns3:hr>119</ns3:hr>
          </ns3:TrackPointExtension>
        </extensions>
      </trkpt>
      <trkpt lat="36.979691796004772186279296875" lon="140.13360564596951007843017578125">
        <ele>286.79998779296875</ele>
        <time>2025-10-23T01:53:54.000Z</time>
        <extensions>
          <ns3:TrackPointExtension>
            <ns3:hr>119</ns3:hr>
          </ns3:TrackPointExtension>
        </extensions>
      </trkpt>
      <trkpt lat="36.9797047041356563568115234375" lon="140.1336193084716796875">
        <ele>287.20001220703125</ele>
        <time>2025-10-23T01:53:56.000Z</time>
        <extensions>
          <ns3:TrackPointExtension>
            <ns3:hr>120</ns3:hr>
          </ns3:TrackPointExtension>
        </extensions>
      </trkpt>
      <trkpt lat="36.97971115820109844207763671875" lon="140.13361386023461818695068359375">
        <ele>287</ele>
        <time>2025-10-23T01:53:58.000Z</time>
        <extensions>
          <ns3:TrackPointExtension>
            <ns3:hr>120</ns3:hr>
          </ns3:TrackPointExtension>
        </extensions>
      </trkpt>
      <trkpt lat="36.97971635498106479644775390625" lon="140.1336114294826984405517578125">
        <ele>287.20001220703125</ele>
        <time>2025-10-23T01:53:59.000Z</time>
        <extensions>
          <ns3:TrackPointExtension>
            <ns3:hr>120</ns3:hr>
          </ns3:TrackPointExtension>
        </extensions>
      </trkpt>
      <trkpt lat="36.9797898642718791961669921875" lon="140.13366825878620147705078125">
        <ele>288.20001220703125</ele>
        <time>2025-10-23T01:54:08.000Z</time>
        <extensions>
          <ns3:TrackPointExtension>
            <ns3:hr>120</ns3:hr>
          </ns3:TrackPointExtension>
        </extensions>
      </trkpt>
      <trkpt lat="36.97981190867722034454345703125" lon="140.13369080610573291778564453125">
        <ele>288.600006103515625</ele>
        <time>2025-10-23T01:54:11.000Z</time>
        <extensions>
          <ns3:TrackPointExtension>
            <ns3:hr>121</ns3:hr>
          </ns3:TrackPointExtension>
        </extensions>
      </trkpt>
      <trkpt lat="36.97984375990927219390869140625" lon="140.13372584246098995208740234375">
        <ele>289.20001220703125</ele>
        <time>2025-10-23T01:54:15.000Z</time>
        <extensions>
          <ns3:TrackPointExtension>
            <ns3:hr>120</ns3:hr>
          </ns3:TrackPointExtension>
        </extensions>
      </trkpt>
      <trkpt lat="36.97989103384315967559814453125" lon="140.13376976363360881805419921875">
        <ele>290</ele>
        <time>2025-10-23T01:54:20.000Z</time>
        <extensions>
          <ns3:TrackPointExtension>
            <ns3:hr>117</ns3:hr>
          </ns3:TrackPointExtension>
        </extensions>
      </trkpt>
      <trkpt lat="36.9799551554024219512939453125" lon="140.13383648358285427093505859375">
        <ele>291.20001220703125</ele>
        <time>2025-10-23T01:54:27.000Z</time>
        <extensions>
          <ns3:TrackPointExtension>
            <ns3:hr>118</ns3:hr>
          </ns3:TrackPointExtension>
        </extensions>
      </trkpt>
      <trkpt lat="36.9800247251987457275390625" lon="140.133886523544788360595703125">
        <ele>292.399993896484375</ele>
        <time>2025-10-23T01:54:33.000Z</time>
        <extensions>
          <ns3:TrackPointExtension>
            <ns3:hr>121</ns3:hr>
          </ns3:TrackPointExtension>
        </extensions>
      </trkpt>
      <trkpt lat="36.9800607673823833465576171875" lon="140.1339279301464557647705078125">
        <ele>293.20001220703125</ele>
        <time>2025-10-23T01:54:38.000Z</time>
        <extensions>
          <ns3:TrackPointExtension>
            <ns3:hr>122</ns3:hr>
          </ns3:TrackPointExtension>
        </extensions>
      </trkpt>
      <trkpt lat="36.98014098219573497772216796875" lon="140.1340184547007083892822265625">
        <ele>295.20001220703125</ele>
        <time>2025-10-23T01:54:48.000Z</time>
        <extensions>
          <ns3:TrackPointExtension>
            <ns3:hr>121</ns3:hr>
          </ns3:TrackPointExtension>
        </extensions>
      </trkpt>
      <trkpt lat="36.980238296091556549072265625" lon="140.13413001783192157745361328125">
        <ele>296.79998779296875</ele>
        <time>2025-10-23T01:54:59.000Z</time>
        <extensions>
          <ns3:TrackPointExtension>
            <ns3:hr>123</ns3:hr>
          </ns3:TrackPointExtension>
        </extensions>
      </trkpt>
      <trkpt lat="36.98031909763813018798828125" lon="140.13423294760286808013916015625">
        <ele>298.399993896484375</ele>
        <time>2025-10-23T01:55:08.000Z</time>
        <extensions>
          <ns3:TrackPointExtension>
            <ns3:hr>121</ns3:hr>
          </ns3:TrackPointExtension>
        </extensions>
      </trkpt>
      <trkpt lat="36.9803641922771930694580078125" lon="140.13431173749268054962158203125">
        <ele>299.600006103515625</ele>
        <time>2025-10-23T01:55:15.000Z</time>
        <extensions>
          <ns3:TrackPointExtension>
            <ns3:hr>120</ns3:hr>
          </ns3:TrackPointExtension>
        </extensions>
      </trkpt>
      <trkpt lat="36.980387158691883087158203125" lon="140.13435029424726963043212890625">
        <ele>300.20001220703125</ele>
        <time>2025-10-23T01:55:18.000Z</time>
        <extensions>
          <ns3:TrackPointExtension>
            <ns3:hr>120</ns3:hr>
          </ns3:TrackPointExtension>
        </extensions>
      </trkpt>
      <trkpt lat="36.9804272241890430450439453125" lon="140.13441667892038822174072265625">
        <ele>300.600006103515625</ele>
        <time>2025-10-23T01:55:23.000Z</time>
        <extensions>
          <ns3:TrackPointExtension>
            <ns3:hr>120</ns3:hr>
          </ns3:TrackPointExtension>
        </extensions>
      </trkpt>
      <trkpt lat="36.9804915972054004669189453125" lon="140.134552381932735443115234375">
        <ele>301.399993896484375</ele>
        <time>2025-10-23T01:55:33.000Z</time>
        <extensions>
          <ns3:TrackPointExtension>
            <ns3:hr>117</ns3:hr>
          </ns3:TrackPointExtension>
        </extensions>
      </trkpt>
      <trkpt lat="36.980508528649806976318359375" lon="140.13458314351737499237060546875">
        <ele>301.600006103515625</ele>
        <time>2025-10-23T01:55:35.000Z</time>
        <extensions>
          <ns3:TrackPointExtension>
            <ns3:hr>117</ns3:hr>
          </ns3:TrackPointExtension>
        </extensions>
      </trkpt>
      <trkpt lat="36.9805475883185863494873046875" lon="140.1347000710666179656982421875">
        <ele>302</ele>
        <time>2025-10-23T01:55:44.000Z</time>
        <extensions>
          <ns3:TrackPointExtension>
            <ns3:hr>114</ns3:hr>
          </ns3:TrackPointExtension>
        </extensions>
      </trkpt>
      <trkpt lat="36.9805522821843624114990234375" lon="140.134713985025882720947265625">
        <ele>302.20001220703125</ele>
        <time>2025-10-23T01:55:45.000Z</time>
        <extensions>
          <ns3:TrackPointExtension>
            <ns3:hr>115</ns3:hr>
          </ns3:TrackPointExtension>
        </extensions>
      </trkpt>
      <trkpt lat="36.9806029088795185089111328125" lon="140.13487181626260280609130859375">
        <ele>303</ele>
        <time>2025-10-23T01:55:56.000Z</time>
        <extensions>
          <ns3:TrackPointExtension>
            <ns3:hr>117</ns3:hr>
          </ns3:TrackPointExtension>
        </extensions>
      </trkpt>
      <trkpt lat="36.98063501156866550445556640625" lon="140.13495177961885929107666015625">
        <ele>303.20001220703125</ele>
        <time>2025-10-23T01:56:02.000Z</time>
        <extensions>
          <ns3:TrackPointExtension>
            <ns3:hr>120</ns3:hr>
          </ns3:TrackPointExtension>
        </extensions>
      </trkpt>
      <trkpt lat="36.98065596632659435272216796875" lon="140.13499033637344837188720703125">
        <ele>303.20001220703125</ele>
        <time>2025-10-23T01:56:05.000Z</time>
        <extensions>
          <ns3:TrackPointExtension>
            <ns3:hr>121</ns3:hr>
          </ns3:TrackPointExtension>
        </extensions>
      </trkpt>
      <trkpt lat="36.98069854639470577239990234375" lon="140.1350920088589191436767578125">
        <ele>303.399993896484375</ele>
        <time>2025-10-23T01:56:12.000Z</time>
        <extensions>
          <ns3:TrackPointExtension>
            <ns3:hr>121</ns3:hr>
          </ns3:TrackPointExtension>
        </extensions>
      </trkpt>
      <trkpt lat="36.9807274639606475830078125" lon="140.1351832039654254913330078125">
        <ele>303.79998779296875</ele>
        <time>2025-10-23T01:56:20.000Z</time>
        <extensions>
          <ns3:TrackPointExtension>
            <ns3:hr>122</ns3:hr>
          </ns3:TrackPointExtension>
        </extensions>
      </trkpt>
      <trkpt lat="36.98076258413493633270263671875" lon="140.13529560528695583343505859375">
        <ele>303.399993896484375</ele>
        <time>2025-10-23T01:56:30.000Z</time>
        <extensions>
          <ns3:TrackPointExtension>
            <ns3:hr>121</ns3:hr>
          </ns3:TrackPointExtension>
        </extensions>
      </trkpt>
      <trkpt lat="36.98076090775430202484130859375" lon="140.1352992095053195953369140625">
        <ele>303.399993896484375</ele>
        <time>2025-10-23T01:56:35.000Z</time>
        <extensions>
          <ns3:TrackPointExtension>
            <ns3:hr>120</ns3:hr>
          </ns3:TrackPointExtension>
        </extensions>
      </trkpt>
      <trkpt lat="36.98078705929219722747802734375" lon="140.13536215759813785552978515625">
        <ele>303.20001220703125</ele>
        <time>2025-10-23T01:56:43.000Z</time>
        <extensions>
          <ns3:TrackPointExtension>
            <ns3:hr>118</ns3:hr>
          </ns3:TrackPointExtension>
        </extensions>
      </trkpt>
      <trkpt lat="36.9808077625930309295654296875" lon="140.13547916896641254425048828125">
        <ele>303</ele>
        <time>2025-10-23T01:56:51.000Z</time>
        <extensions>
          <ns3:TrackPointExtension>
            <ns3:hr>115</ns3:hr>
          </ns3:TrackPointExtension>
        </extensions>
      </trkpt>
      <trkpt lat="36.98081404902040958404541015625" lon="140.1354953460395336151123046875">
        <ele>302.79998779296875</ele>
        <time>2025-10-23T01:56:52.000Z</time>
        <extensions>
          <ns3:TrackPointExtension>
            <ns3:hr>114</ns3:hr>
          </ns3:TrackPointExtension>
        </extensions>
      </trkpt>
      <trkpt lat="36.98082695715129375457763671875" lon="140.13554580509662628173828125">
        <ele>302.399993896484375</ele>
        <time>2025-10-23T01:56:57.000Z</time>
        <extensions>
          <ns3:TrackPointExtension>
            <ns3:hr>112</ns3:hr>
          </ns3:TrackPointExtension>
        </extensions>
      </trkpt>
      <trkpt lat="36.980826370418071746826171875" lon="140.1355721242725849151611328125">
        <ele>302.20001220703125</ele>
        <time>2025-10-23T01:57:04.000Z</time>
        <extensions>
          <ns3:TrackPointExtension>
            <ns3:hr>112</ns3:hr>
          </ns3:TrackPointExtension>
        </extensions>
      </trkpt>
      <trkpt lat="36.9808550365269184112548828125" lon="140.1356569491326808929443359375">
        <ele>301</ele>
        <time>2025-10-23T01:57:10.000Z</time>
        <extensions>
          <ns3:TrackPointExtension>
            <ns3:hr>112</ns3:hr>
          </ns3:TrackPointExtension>
        </extensions>
      </trkpt>
      <trkpt lat="36.98088294826447963714599609375" lon="140.1357825100421905517578125">
        <ele>298.79998779296875</ele>
        <time>2025-10-23T01:57:19.000Z</time>
        <extensions>
          <ns3:TrackPointExtension>
            <ns3:hr>112</ns3:hr>
          </ns3:TrackPointExtension>
        </extensions>
      </trkpt>
      <trkpt lat="36.98092661798000335693359375" lon="140.135965906083583831787109375">
        <ele>295.600006103515625</ele>
        <time>2025-10-23T01:57:27.000Z</time>
        <extensions>
          <ns3:TrackPointExtension>
            <ns3:hr>111</ns3:hr>
          </ns3:TrackPointExtension>
        </extensions>
      </trkpt>
      <trkpt lat="36.98093122802674770355224609375" lon="140.13598895631730556488037109375">
        <ele>295.20001220703125</ele>
        <time>2025-10-23T01:57:28.000Z</time>
        <extensions>
          <ns3:TrackPointExtension>
            <ns3:hr>111</ns3:hr>
          </ns3:TrackPointExtension>
        </extensions>
      </trkpt>
      <trkpt lat="36.98094497434794902801513671875" lon="140.136137902736663818359375">
        <ele>293</ele>
        <time>2025-10-23T01:57:36.000Z</time>
        <extensions>
          <ns3:TrackPointExtension>
            <ns3:hr>113</ns3:hr>
          </ns3:TrackPointExtension>
        </extensions>
      </trkpt>
      <trkpt lat="36.98095402680337429046630859375" lon="140.13618417084217071533203125">
        <ele>292.399993896484375</ele>
        <time>2025-10-23T01:57:38.000Z</time>
        <extensions>
          <ns3:TrackPointExtension>
            <ns3:hr>117</ns3:hr>
          </ns3:TrackPointExtension>
        </extensions>
      </trkpt>
      <trkpt lat="36.9809566251933574676513671875" lon="140.13622440397739410400390625">
        <ele>291.79998779296875</ele>
        <time>2025-10-23T01:57:40.000Z</time>
        <extensions>
          <ns3:TrackPointExtension>
            <ns3:hr>121</ns3:hr>
          </ns3:TrackPointExtension>
        </extensions>
      </trkpt>
      <trkpt lat="36.9809693656861782073974609375" lon="140.13629104010760784149169921875">
        <ele>291</ele>
        <time>2025-10-23T01:57:43.000Z</time>
        <extensions>
          <ns3:TrackPointExtension>
            <ns3:hr>124</ns3:hr>
          </ns3:TrackPointExtension>
        </extensions>
      </trkpt>
      <trkpt lat="36.980972550809383392333984375" lon="140.13631082139909267425537109375">
        <ele>290.79998779296875</ele>
        <time>2025-10-23T01:57:44.000Z</time>
        <extensions>
          <ns3:TrackPointExtension>
            <ns3:hr>127</ns3:hr>
          </ns3:TrackPointExtension>
        </extensions>
      </trkpt>
      <trkpt lat="36.98097623884677886962890625" lon="140.13633144088089466094970703125">
        <ele>290.79998779296875</ele>
        <time>2025-10-23T01:57:45.000Z</time>
        <extensions>
          <ns3:TrackPointExtension>
            <ns3:hr>128</ns3:hr>
          </ns3:TrackPointExtension>
        </extensions>
      </trkpt>
      <trkpt lat="36.9809841178357601165771484375" lon="140.13637620024383068084716796875">
        <ele>290.399993896484375</ele>
        <time>2025-10-23T01:57:47.000Z</time>
        <extensions>
          <ns3:TrackPointExtension>
            <ns3:hr>131</ns3:hr>
          </ns3:TrackPointExtension>
        </extensions>
      </trkpt>
      <trkpt lat="36.98099903762340545654296875" lon="140.13646890409290790557861328125">
        <ele>290</ele>
        <time>2025-10-23T01:57:51.000Z</time>
        <extensions>
          <ns3:TrackPointExtension>
            <ns3:hr>134</ns3:hr>
          </ns3:TrackPointExtension>
        </extensions>
      </trkpt>
      <trkpt lat="36.98100817389786243438720703125" lon="140.1365360431373119354248046875">
        <ele>289.600006103515625</ele>
        <time>2025-10-23T01:57:54.000Z</time>
        <extensions>
          <ns3:TrackPointExtension>
            <ns3:hr>137</ns3:hr>
          </ns3:TrackPointExtension>
        </extensions>
      </trkpt>
      <trkpt lat="36.98101110756397247314453125" lon="140.1365578360855579376220703125">
        <ele>289.399993896484375</ele>
        <time>2025-10-23T01:57:55.000Z</time>
        <extensions>
          <ns3:TrackPointExtension>
            <ns3:hr>137</ns3:hr>
          </ns3:TrackPointExtension>
        </extensions>
      </trkpt>
      <trkpt lat="36.98102326132357120513916015625" lon="140.13668331317603588104248046875">
        <ele>288.79998779296875</ele>
        <time>2025-10-23T01:58:01.000Z</time>
        <extensions>
          <ns3:TrackPointExtension>
            <ns3:hr>140</ns3:hr>
          </ns3:TrackPointExtension>
        </extensions>
      </trkpt>
      <trkpt lat="36.98102544061839580535888671875" lon="140.1367056928575038909912109375">
        <ele>288.79998779296875</ele>
        <time>2025-10-23T01:58:02.000Z</time>
        <extensions>
          <ns3:TrackPointExtension>
            <ns3:hr>141</ns3:hr>
          </ns3:TrackPointExtension>
        </extensions>
      </trkpt>
      <trkpt lat="36.9810384325683116912841796875" lon="140.13681775890290737152099609375">
        <ele>288.399993896484375</ele>
        <time>2025-10-23T01:58:07.000Z</time>
        <extensions>
          <ns3:TrackPointExtension>
            <ns3:hr>138</ns3:hr>
          </ns3:TrackPointExtension>
        </extensions>
      </trkpt>
      <trkpt lat="36.981045641005039215087890625" lon="140.13686084188520908355712890625">
        <ele>288</ele>
        <time>2025-10-23T01:58:09.000Z</time>
        <extensions>
          <ns3:TrackPointExtension>
            <ns3:hr>141</ns3:hr>
          </ns3:TrackPointExtension>
        </extensions>
      </trkpt>
      <trkpt lat="36.9810493290424346923828125" lon="140.1368817128241062164306640625">
        <ele>287.79998779296875</ele>
        <time>2025-10-23T01:58:10.000Z</time>
        <extensions>
          <ns3:TrackPointExtension>
            <ns3:hr>141</ns3:hr>
          </ns3:TrackPointExtension>
        </extensions>
      </trkpt>
      <trkpt lat="36.98106835596263408660888671875" lon="140.1370726525783538818359375">
        <ele>286.399993896484375</ele>
        <time>2025-10-23T01:58:19.000Z</time>
        <extensions>
          <ns3:TrackPointExtension>
            <ns3:hr>140</ns3:hr>
          </ns3:TrackPointExtension>
        </extensions>
      </trkpt>
      <trkpt lat="36.981101967394351959228515625" lon="140.137242972850799560546875">
        <ele>285.20001220703125</ele>
        <time>2025-10-23T01:58:26.000Z</time>
        <extensions>
          <ns3:TrackPointExtension>
            <ns3:hr>144</ns3:hr>
          </ns3:TrackPointExtension>
        </extensions>
      </trkpt>
      <trkpt lat="36.981110684573650360107421875" lon="140.13728982768952846527099609375">
        <ele>284.79998779296875</ele>
        <time>2025-10-23T01:58:28.000Z</time>
        <extensions>
          <ns3:TrackPointExtension>
            <ns3:hr>145</ns3:hr>
          </ns3:TrackPointExtension>
        </extensions>
      </trkpt>
      <trkpt lat="36.9811178930103778839111328125" lon="140.13733483850955963134765625">
        <ele>284.399993896484375</ele>
        <time>2025-10-23T01:58:30.000Z</time>
        <extensions>
          <ns3:TrackPointExtension>
            <ns3:hr>148</ns3:hr>
          </ns3:TrackPointExtension>
        </extensions>
      </trkpt>
      <trkpt lat="36.9811297953128814697265625" lon="140.1373973675072193145751953125">
        <ele>284</ele>
        <time>2025-10-23T01:58:33.000Z</time>
        <extensions>
          <ns3:TrackPointExtension>
            <ns3:hr>145</ns3:hr>
          </ns3:TrackPointExtension>
        </extensions>
      </trkpt>
      <trkpt lat="36.9811450503766536712646484375" lon="140.1374808512628078460693359375">
        <ele>283.399993896484375</ele>
        <time>2025-10-23T01:58:37.000Z</time>
        <extensions>
          <ns3:TrackPointExtension>
            <ns3:hr>146</ns3:hr>
          </ns3:TrackPointExtension>
        </extensions>
      </trkpt>
      <trkpt lat="36.981155611574649810791015625" lon="140.13752468861639499664306640625">
        <ele>283</ele>
        <time>2025-10-23T01:58:39.000Z</time>
        <extensions>
          <ns3:TrackPointExtension>
            <ns3:hr>149</ns3:hr>
          </ns3:TrackPointExtension>
        </extensions>
      </trkpt>
      <trkpt lat="36.98118167929351329803466796875" lon="140.1376387663185596466064453125">
        <ele>282.20001220703125</ele>
        <time>2025-10-23T01:58:44.000Z</time>
        <extensions>
          <ns3:TrackPointExtension>
            <ns3:hr>151</ns3:hr>
          </ns3:TrackPointExtension>
        </extensions>
      </trkpt>
      <trkpt lat="36.9812312163412570953369140625" lon="140.137848816812038421630859375">
        <ele>281.399993896484375</ele>
        <time>2025-10-23T01:58:53.000Z</time>
        <extensions>
          <ns3:TrackPointExtension>
            <ns3:hr>151</ns3:hr>
          </ns3:TrackPointExtension>
        </extensions>
      </trkpt>
      <trkpt lat="36.981264241039752960205078125" lon="140.1379666663706302642822265625">
        <ele>281.20001220703125</ele>
        <time>2025-10-23T01:58:58.000Z</time>
        <extensions>
          <ns3:TrackPointExtension>
            <ns3:hr>154</ns3:hr>
          </ns3:TrackPointExtension>
        </extensions>
      </trkpt>
      <trkpt lat="36.98129005730152130126953125" lon="140.1380370743572711944580078125">
        <ele>280.79998779296875</ele>
        <time>2025-10-23T01:59:01.000Z</time>
        <extensions>
          <ns3:TrackPointExtension>
            <ns3:hr>157</ns3:hr>
          </ns3:TrackPointExtension>
        </extensions>
      </trkpt>
      <trkpt lat="36.98129651136696338653564453125" lon="140.13806146569550037384033203125">
        <ele>280.600006103515625</ele>
        <time>2025-10-23T01:59:02.000Z</time>
        <extensions>
          <ns3:TrackPointExtension>
            <ns3:hr>156</ns3:hr>
          </ns3:TrackPointExtension>
        </extensions>
      </trkpt>
      <trkpt lat="36.9813539274036884307861328125" lon="140.13826363719999790191650390625">
        <ele>279.20001220703125</ele>
        <time>2025-10-23T01:59:11.000Z</time>
        <extensions>
          <ns3:TrackPointExtension>
            <ns3:hr>157</ns3:hr>
          </ns3:TrackPointExtension>
        </extensions>
      </trkpt>
      <trkpt lat="36.9814022071659564971923828125" lon="140.13842574320733547210693359375">
        <ele>278.399993896484375</ele>
        <time>2025-10-23T01:59:18.000Z</time>
        <extensions>
          <ns3:TrackPointExtension>
            <ns3:hr>160</ns3:hr>
          </ns3:TrackPointExtension>
        </extensions>
      </trkpt>
      <trkpt lat="36.98141285218298435211181640625" lon="140.13847083784639835357666015625">
        <ele>278.399993896484375</ele>
        <time>2025-10-23T01:59:20.000Z</time>
        <extensions>
          <ns3:TrackPointExtension>
            <ns3:hr>158</ns3:hr>
          </ns3:TrackPointExtension>
        </extensions>
      </trkpt>
      <trkpt lat="36.98145526461303234100341796875" lon="140.138615928590297698974609375">
        <ele>277.399993896484375</ele>
        <time>2025-10-23T01:59:26.000Z</time>
        <extensions>
          <ns3:TrackPointExtension>
            <ns3:hr>158</ns3:hr>
          </ns3:TrackPointExtension>
        </extensions>
      </trkpt>
      <trkpt lat="36.98147186078131198883056640625" lon="140.13866479508578777313232421875">
        <ele>277</ele>
        <time>2025-10-23T01:59:28.000Z</time>
        <extensions>
          <ns3:TrackPointExtension>
            <ns3:hr>159</ns3:hr>
          </ns3:TrackPointExtension>
        </extensions>
      </trkpt>
      <trkpt lat="36.9815450347959995269775390625" lon="140.13887266628444194793701171875">
        <ele>275.600006103515625</ele>
        <time>2025-10-23T01:59:37.000Z</time>
        <extensions>
          <ns3:TrackPointExtension>
            <ns3:hr>159</ns3:hr>
          </ns3:TrackPointExtension>
        </extensions>
      </trkpt>
      <trkpt lat="36.9815507344901561737060546875" lon="140.13889395631849765777587890625">
        <ele>275.399993896484375</ele>
        <time>2025-10-23T01:59:38.000Z</time>
        <extensions>
          <ns3:TrackPointExtension>
            <ns3:hr>160</ns3:hr>
          </ns3:TrackPointExtension>
        </extensions>
      </trkpt>
      <trkpt lat="36.981613934040069580078125" lon="140.13910920359194278717041015625">
        <ele>274.600006103515625</ele>
        <time>2025-10-23T01:59:47.000Z</time>
        <extensions>
          <ns3:TrackPointExtension>
            <ns3:hr>160</ns3:hr>
          </ns3:TrackPointExtension>
        </extensions>
      </trkpt>
      <trkpt lat="36.981627009809017181396484375" lon="140.1391739957034587860107421875">
        <ele>274.399993896484375</ele>
        <time>2025-10-23T01:59:50.000Z</time>
        <extensions>
          <ns3:TrackPointExtension>
            <ns3:hr>162</ns3:hr>
          </ns3:TrackPointExtension>
        </extensions>
      </trkpt>
      <trkpt lat="36.98166548274457454681396484375" lon="140.13933719135820865631103515625">
        <ele>274.600006103515625</ele>
        <time>2025-10-23T01:59:57.000Z</time>
        <extensions>
          <ns3:TrackPointExtension>
            <ns3:hr>158</ns3:hr>
          </ns3:TrackPointExtension>
        </extensions>
      </trkpt>
      <trkpt lat="36.98166950605809688568115234375" lon="140.13937943615019321441650390625">
        <ele>274.399993896484375</ele>
        <time>2025-10-23T01:59:59.000Z</time>
        <extensions>
          <ns3:TrackPointExtension>
            <ns3:hr>159</ns3:hr>
          </ns3:TrackPointExtension>
        </extensions>
      </trkpt>
      <trkpt lat="36.98169833980500698089599609375" lon="140.13954363763332366943359375">
        <ele>274</ele>
        <time>2025-10-23T02:00:06.000Z</time>
        <extensions>
          <ns3:TrackPointExtension>
            <ns3:hr>159</ns3:hr>
          </ns3:TrackPointExtension>
        </extensions>
      </trkpt>
      <trkpt lat="36.98172214441001415252685546875" lon="140.13967548497021198272705078125">
        <ele>273.399993896484375</ele>
        <time>2025-10-23T02:00:12.000Z</time>
        <extensions>
          <ns3:TrackPointExtension>
            <ns3:hr>160</ns3:hr>
          </ns3:TrackPointExtension>
        </extensions>
      </trkpt>
      <trkpt lat="36.98175609111785888671875" lon="140.139919482171535491943359375">
        <ele>271.79998779296875</ele>
        <time>2025-10-23T02:00:22.000Z</time>
        <extensions>
          <ns3:TrackPointExtension>
            <ns3:hr>159</ns3:hr>
          </ns3:TrackPointExtension>
        </extensions>
      </trkpt>
      <trkpt lat="36.98175919242203235626220703125" lon="140.13997119851410388946533203125">
        <ele>271.399993896484375</ele>
        <time>2025-10-23T02:00:24.000Z</time>
        <extensions>
          <ns3:TrackPointExtension>
            <ns3:hr>159</ns3:hr>
          </ns3:TrackPointExtension>
        </extensions>
      </trkpt>
      <trkpt lat="36.981785595417022705078125" lon="140.140198767185211181640625">
        <ele>269.79998779296875</ele>
        <time>2025-10-23T02:00:33.000Z</time>
        <extensions>
          <ns3:TrackPointExtension>
            <ns3:hr>159</ns3:hr>
          </ns3:TrackPointExtension>
        </extensions>
      </trkpt>
      <trkpt lat="36.98178886435925960540771484375" lon="140.14027060009539127349853515625">
        <ele>269.399993896484375</ele>
        <time>2025-10-23T02:00:36.000Z</time>
        <extensions>
          <ns3:TrackPointExtension>
            <ns3:hr>159</ns3:hr>
          </ns3:TrackPointExtension>
        </extensions>
      </trkpt>
      <trkpt lat="36.98178651742637157440185546875" lon="140.140488445758819580078125">
        <ele>267.79998779296875</ele>
        <time>2025-10-23T02:00:45.000Z</time>
        <extensions>
          <ns3:TrackPointExtension>
            <ns3:hr>158</ns3:hr>
          </ns3:TrackPointExtension>
        </extensions>
      </trkpt>
      <trkpt lat="36.98176304809749126434326171875" lon="140.14065030030906200408935546875">
        <ele>267.20001220703125</ele>
        <time>2025-10-23T02:00:52.000Z</time>
        <extensions>
          <ns3:TrackPointExtension>
            <ns3:hr>157</ns3:hr>
          </ns3:TrackPointExtension>
        </extensions>
      </trkpt>
      <trkpt lat="36.98173035867512226104736328125" lon="140.14081634581089019775390625">
        <ele>266.79998779296875</ele>
        <time>2025-10-23T02:01:00.000Z</time>
        <extensions>
          <ns3:TrackPointExtension>
            <ns3:hr>157</ns3:hr>
          </ns3:TrackPointExtension>
        </extensions>
      </trkpt>
      <trkpt lat="36.98169582523405551910400390625" lon="140.141014494001865386962890625">
        <ele>266.600006103515625</ele>
        <time>2025-10-23T02:01:09.000Z</time>
        <extensions>
          <ns3:TrackPointExtension>
            <ns3:hr>158</ns3:hr>
          </ns3:TrackPointExtension>
        </extensions>
      </trkpt>
      <trkpt lat="36.9816580228507518768310546875" lon="140.1412408053874969482421875">
        <ele>266.399993896484375</ele>
        <time>2025-10-23T02:01:19.000Z</time>
        <extensions>
          <ns3:TrackPointExtension>
            <ns3:hr>158</ns3:hr>
          </ns3:TrackPointExtension>
        </extensions>
      </trkpt>
      <trkpt lat="36.9816539995372295379638671875" lon="140.14126284979283809661865234375">
        <ele>266.399993896484375</ele>
        <time>2025-10-23T02:01:20.000Z</time>
        <extensions>
          <ns3:TrackPointExtension>
            <ns3:hr>158</ns3:hr>
          </ns3:TrackPointExtension>
        </extensions>
      </trkpt>
      <trkpt lat="36.9816114194691181182861328125" lon="140.141489915549755096435546875">
        <ele>266</ele>
        <time>2025-10-23T02:01:30.000Z</time>
        <extensions>
          <ns3:TrackPointExtension>
            <ns3:hr>159</ns3:hr>
          </ns3:TrackPointExtension>
        </extensions>
      </trkpt>
      <trkpt lat="36.98159188963472843170166015625" lon="140.14166601933538913726806640625">
        <ele>265.20001220703125</ele>
        <time>2025-10-23T02:01:38.000Z</time>
        <extensions>
          <ns3:TrackPointExtension>
            <ns3:hr>156</ns3:hr>
          </ns3:TrackPointExtension>
        </extensions>
      </trkpt>
      <trkpt lat="36.9815856032073497772216796875" lon="140.1417101919651031494140625">
        <ele>264.600006103515625</ele>
        <time>2025-10-23T02:01:40.000Z</time>
        <extensions>
          <ns3:TrackPointExtension>
            <ns3:hr>156</ns3:hr>
          </ns3:TrackPointExtension>
        </extensions>
      </trkpt>
      <trkpt lat="36.9815718568861484527587890625" lon="140.14179962687194347381591796875">
        <ele>263.600006103515625</ele>
        <time>2025-10-23T02:01:46.000Z</time>
        <extensions>
          <ns3:TrackPointExtension>
            <ns3:hr>155</ns3:hr>
          </ns3:TrackPointExtension>
        </extensions>
      </trkpt>
      <trkpt lat="36.981559284031391143798828125" lon="140.141821838915348052978515625">
        <ele>263.399993896484375</ele>
        <time>2025-10-23T02:01:48.000Z</time>
        <extensions>
          <ns3:TrackPointExtension>
            <ns3:hr>155</ns3:hr>
          </ns3:TrackPointExtension>
        </extensions>
      </trkpt>
      <trkpt lat="36.98154511861503124237060546875" lon="140.141882859170436859130859375">
        <ele>262.600006103515625</ele>
        <time>2025-10-23T02:01:52.000Z</time>
        <extensions>
          <ns3:TrackPointExtension>
            <ns3:hr>152</ns3:hr>
          </ns3:TrackPointExtension>
        </extensions>
      </trkpt>
      <trkpt lat="36.9815455377101898193359375" lon="140.1419194042682647705078125">
        <ele>262.20001220703125</ele>
        <time>2025-10-23T02:01:54.000Z</time>
        <extensions>
          <ns3:TrackPointExtension>
            <ns3:hr>156</ns3:hr>
          </ns3:TrackPointExtension>
        </extensions>
      </trkpt>
      <trkpt lat="36.98154981248080730438232421875" lon="140.1420181430876255035400390625">
        <ele>261.20001220703125</ele>
        <time>2025-10-23T02:01:59.000Z</time>
        <extensions>
          <ns3:TrackPointExtension>
            <ns3:hr>152</ns3:hr>
          </ns3:TrackPointExtension>
        </extensions>
      </trkpt>
      <trkpt lat="36.9815535843372344970703125" lon="140.1420382596552371978759765625">
        <ele>261</ele>
        <time>2025-10-23T02:02:00.000Z</time>
        <extensions>
          <ns3:TrackPointExtension>
            <ns3:hr>156</ns3:hr>
          </ns3:TrackPointExtension>
        </extensions>
      </trkpt>
      <trkpt lat="36.98155400343239307403564453125" lon="140.142058543860912322998046875">
        <ele>260.79998779296875</ele>
        <time>2025-10-23T02:02:01.000Z</time>
        <extensions>
          <ns3:TrackPointExtension>
            <ns3:hr>154</ns3:hr>
          </ns3:TrackPointExtension>
        </extensions>
      </trkpt>
      <trkpt lat="36.9815641455352306365966796875" lon="140.1421495713293552398681640625">
        <ele>259.79998779296875</ele>
        <time>2025-10-23T02:02:05.000Z</time>
        <extensions>
          <ns3:TrackPointExtension>
            <ns3:hr>149</ns3:hr>
          </ns3:TrackPointExtension>
        </extensions>
      </trkpt>
      <trkpt lat="36.981565319001674652099609375" lon="140.142170526087284088134765625">
        <ele>259.399993896484375</ele>
        <time>2025-10-23T02:02:06.000Z</time>
        <extensions>
          <ns3:TrackPointExtension>
            <ns3:hr>149</ns3:hr>
          </ns3:TrackPointExtension>
        </extensions>
      </trkpt>
      <trkpt lat="36.9815648160874843597412109375" lon="140.1422131061553955078125">
        <ele>258.79998779296875</ele>
        <time>2025-10-23T02:02:08.000Z</time>
        <extensions>
          <ns3:TrackPointExtension>
            <ns3:hr>146</ns3:hr>
          </ns3:TrackPointExtension>
        </extensions>
      </trkpt>
      <trkpt lat="36.98156104423105716705322265625" lon="140.14223280362784862518310546875">
        <ele>258.600006103515625</ele>
        <time>2025-10-23T02:02:09.000Z</time>
        <extensions>
          <ns3:TrackPointExtension>
            <ns3:hr>146</ns3:hr>
          </ns3:TrackPointExtension>
        </extensions>
      </trkpt>
      <trkpt lat="36.98156657628715038299560546875" lon="140.1422769762575626373291015625">
        <ele>258</ele>
        <time>2025-10-23T02:02:11.000Z</time>
        <extensions>
          <ns3:TrackPointExtension>
            <ns3:hr>143</ns3:hr>
          </ns3:TrackPointExtension>
        </extensions>
      </trkpt>
      <trkpt lat="36.98157344944775104522705078125" lon="140.14239340089261531829833984375">
        <ele>256.20001220703125</ele>
        <time>2025-10-23T02:02:16.000Z</time>
        <extensions>
          <ns3:TrackPointExtension>
            <ns3:hr>143</ns3:hr>
          </ns3:TrackPointExtension>
        </extensions>
      </trkpt>
      <trkpt lat="36.98157705366611480712890625" lon="140.14259221963584423065185546875">
        <ele>254.8000030517578125</ele>
        <time>2025-10-23T02:02:25.000Z</time>
        <extensions>
          <ns3:TrackPointExtension>
            <ns3:hr>143</ns3:hr>
          </ns3:TrackPointExtension>
        </extensions>
      </trkpt>
      <trkpt lat="36.98157646693289279937744140625" lon="140.1426749490201473236083984375">
        <ele>254.1999969482421875</ele>
        <time>2025-10-23T02:02:29.000Z</time>
        <extensions>
          <ns3:TrackPointExtension>
            <ns3:hr>140</ns3:hr>
          </ns3:TrackPointExtension>
        </extensions>
      </trkpt>
      <trkpt lat="36.98157780803740024566650390625" lon="140.14271627180278301239013671875">
        <ele>254</ele>
        <time>2025-10-23T02:02:31.000Z</time>
        <extensions>
          <ns3:TrackPointExtension>
            <ns3:hr>136</ns3:hr>
          </ns3:TrackPointExtension>
        </extensions>
      </trkpt>
      <trkpt lat="36.98157646693289279937744140625" lon="140.1427587680518627166748046875">
        <ele>253.8000030517578125</ele>
        <time>2025-10-23T02:02:33.000Z</time>
        <extensions>
          <ns3:TrackPointExtension>
            <ns3:hr>137</ns3:hr>
          </ns3:TrackPointExtension>
        </extensions>
      </trkpt>
      <trkpt lat="36.98157646693289279937744140625" lon="140.1428268291056156158447265625">
        <ele>253.399993896484375</ele>
        <time>2025-10-23T02:02:36.000Z</time>
        <extensions>
          <ns3:TrackPointExtension>
            <ns3:hr>130</ns3:hr>
          </ns3:TrackPointExtension>
        </extensions>
      </trkpt>
      <trkpt lat="36.98157705366611480712890625" lon="140.14284786768257617950439453125">
        <ele>253.399993896484375</ele>
        <time>2025-10-23T02:02:37.000Z</time>
        <extensions>
          <ns3:TrackPointExtension>
            <ns3:hr>130</ns3:hr>
          </ns3:TrackPointExtension>
        </extensions>
      </trkpt>
      <trkpt lat="36.9815768860280513763427734375" lon="140.14297418296337127685546875">
        <ele>253</ele>
        <time>2025-10-23T02:02:43.000Z</time>
        <extensions>
          <ns3:TrackPointExtension>
            <ns3:hr>129</ns3:hr>
          </ns3:TrackPointExtension>
        </extensions>
      </trkpt>
      <trkpt lat="36.98158778250217437744140625" lon="140.14308490790426731109619140625">
        <ele>252.600006103515625</ele>
        <time>2025-10-23T02:02:51.000Z</time>
        <extensions>
          <ns3:TrackPointExtension>
            <ns3:hr>127</ns3:hr>
          </ns3:TrackPointExtension>
        </extensions>
      </trkpt>
      <trkpt lat="36.981592476367950439453125" lon="140.1431540586054325103759765625">
        <ele>252.1999969482421875</ele>
        <time>2025-10-23T02:02:57.000Z</time>
        <extensions>
          <ns3:TrackPointExtension>
            <ns3:hr>124</ns3:hr>
          </ns3:TrackPointExtension>
        </extensions>
      </trkpt>
      <trkpt lat="36.98159507475793361663818359375" lon="140.14322170056402683258056640625">
        <ele>252</ele>
        <time>2025-10-23T02:03:01.000Z</time>
        <extensions>
          <ns3:TrackPointExtension>
            <ns3:hr>123</ns3:hr>
          </ns3:TrackPointExtension>
        </extensions>
      </trkpt>
      <trkpt lat="36.9815946556627750396728515625" lon="140.14329277910292148590087890625">
        <ele>252</ele>
        <time>2025-10-23T02:03:05.000Z</time>
        <extensions>
          <ns3:TrackPointExtension>
            <ns3:hr>120</ns3:hr>
          </ns3:TrackPointExtension>
        </extensions>
      </trkpt>
      <trkpt lat="36.98158510029315948486328125" lon="140.14339772053062915802001953125">
        <ele>252</ele>
        <time>2025-10-23T02:03:11.000Z</time>
        <extensions>
          <ns3:TrackPointExtension>
            <ns3:hr>117</ns3:hr>
          </ns3:TrackPointExtension>
        </extensions>
      </trkpt>
      <trkpt lat="36.9815839268267154693603515625" lon="140.14341146685183048248291015625">
        <ele>252</ele>
        <time>2025-10-23T02:03:12.000Z</time>
        <extensions>
          <ns3:TrackPointExtension>
            <ns3:hr>117</ns3:hr>
          </ns3:TrackPointExtension>
        </extensions>
      </trkpt>
      <trkpt lat="36.9815822504460811614990234375" lon="140.14346695505082607269287109375">
        <ele>252</ele>
        <time>2025-10-23T02:03:17.000Z</time>
        <extensions>
          <ns3:TrackPointExtension>
            <ns3:hr>114</ns3:hr>
          </ns3:TrackPointExtension>
        </extensions>
      </trkpt>
      <trkpt lat="36.9815849326550960540771484375" lon="140.1434876583516597747802734375">
        <ele>252</ele>
        <time>2025-10-23T02:03:20.000Z</time>
        <extensions>
          <ns3:TrackPointExtension>
            <ns3:hr>113</ns3:hr>
          </ns3:TrackPointExtension>
        </extensions>
      </trkpt>
      <trkpt lat="36.9816154427826404571533203125" lon="140.14351858757436275482177734375">
        <ele>252</ele>
        <time>2025-10-23T02:03:26.000Z</time>
        <extensions>
          <ns3:TrackPointExtension>
            <ns3:hr>112</ns3:hr>
          </ns3:TrackPointExtension>
        </extensions>
      </trkpt>
      <trkpt lat="36.98162709362804889678955078125" lon="140.14351825229823589324951171875">
        <ele>252</ele>
        <time>2025-10-23T02:03:27.000Z</time>
        <extensions>
          <ns3:TrackPointExtension>
            <ns3:hr>112</ns3:hr>
          </ns3:TrackPointExtension>
        </extensions>
      </trkpt>
      <trkpt lat="36.98172097094357013702392578125" lon="140.1434692181646823883056640625">
        <ele>252</ele>
        <time>2025-10-23T02:03:36.000Z</time>
        <extensions>
          <ns3:TrackPointExtension>
            <ns3:hr>111</ns3:hr>
          </ns3:TrackPointExtension>
        </extensions>
      </trkpt>
      <trkpt lat="36.981796659529209136962890625" lon="140.1434241235256195068359375">
        <ele>252</ele>
        <time>2025-10-23T02:03:44.000Z</time>
        <extensions>
          <ns3:TrackPointExtension>
            <ns3:hr>109</ns3:hr>
          </ns3:TrackPointExtension>
        </extensions>
      </trkpt>
      <trkpt lat="36.98182255961000919342041015625" lon="140.143403671681880950927734375">
        <ele>252</ele>
        <time>2025-10-23T02:03:47.000Z</time>
        <extensions>
          <ns3:TrackPointExtension>
            <ns3:hr>109</ns3:hr>
          </ns3:TrackPointExtension>
        </extensions>
      </trkpt>
      <trkpt lat="36.98186614550650119781494140625" lon="140.14338682405650615692138671875">
        <ele>251.8000030517578125</ele>
        <time>2025-10-23T02:03:52.000Z</time>
        <extensions>
          <ns3:TrackPointExtension>
            <ns3:hr>109</ns3:hr>
          </ns3:TrackPointExtension>
        </extensions>
      </trkpt>
      <trkpt lat="36.98196454904973506927490234375" lon="140.143348015844821929931640625">
        <ele>251.399993896484375</ele>
        <time>2025-10-23T02:04:00.000Z</time>
        <extensions>
          <ns3:TrackPointExtension>
            <ns3:hr>108</ns3:hr>
          </ns3:TrackPointExtension>
        </extensions>
      </trkpt>
      <trkpt lat="36.98209329508244991302490234375" lon="140.143285654485225677490234375">
        <ele>251</ele>
        <time>2025-10-23T02:04:11.000Z</time>
        <extensions>
          <ns3:TrackPointExtension>
            <ns3:hr>110</ns3:hr>
          </ns3:TrackPointExtension>
        </extensions>
      </trkpt>
      <trkpt lat="36.98212900198996067047119140625" lon="140.14320158399641513824462890625">
        <ele>251.1999969482421875</ele>
        <time>2025-10-23T02:04:19.000Z</time>
        <extensions>
          <ns3:TrackPointExtension>
            <ns3:hr>112</ns3:hr>
          </ns3:TrackPointExtension>
        </extensions>
      </trkpt>
      <trkpt lat="36.9821381382644176483154296875" lon="140.1431398093700408935546875">
        <ele>251.600006103515625</ele>
        <time>2025-10-23T02:04:23.000Z</time>
        <extensions>
          <ns3:TrackPointExtension>
            <ns3:hr>115</ns3:hr>
          </ns3:TrackPointExtension>
        </extensions>
      </trkpt>
      <trkpt lat="36.982144676148891448974609375" lon="140.1430756039917469024658203125">
        <ele>252.1999969482421875</ele>
        <time>2025-10-23T02:04:27.000Z</time>
        <extensions>
          <ns3:TrackPointExtension>
            <ns3:hr>115</ns3:hr>
          </ns3:TrackPointExtension>
        </extensions>
      </trkpt>
      <trkpt lat="36.9821624457836151123046875" lon="140.1430159248411655426025390625">
        <ele>252.399993896484375</ele>
        <time>2025-10-23T02:04:33.000Z</time>
        <extensions>
          <ns3:TrackPointExtension>
            <ns3:hr>116</ns3:hr>
          </ns3:TrackPointExtension>
        </extensions>
      </trkpt>
      <trkpt lat="36.98218096978962421417236328125" lon="140.14300880022346973419189453125">
        <ele>252.399993896484375</ele>
        <time>2025-10-23T02:04:35.000Z</time>
        <extensions>
          <ns3:TrackPointExtension>
            <ns3:hr>117</ns3:hr>
          </ns3:TrackPointExtension>
        </extensions>
      </trkpt>
      <trkpt lat="36.98222757317125797271728515625" lon="140.14299974776804447174072265625">
        <ele>252.399993896484375</ele>
        <time>2025-10-23T02:04:39.000Z</time>
        <extensions>
          <ns3:TrackPointExtension>
            <ns3:hr>118</ns3:hr>
          </ns3:TrackPointExtension>
        </extensions>
      </trkpt>
      <trkpt lat="36.98224416933953762054443359375" lon="140.14304266311228275299072265625">
        <ele>252</ele>
        <time>2025-10-23T02:04:42.000Z</time>
        <extensions>
          <ns3:TrackPointExtension>
            <ns3:hr>119</ns3:hr>
          </ns3:TrackPointExtension>
        </extensions>
      </trkpt>
      <trkpt lat="36.98224492371082305908203125" lon="140.143203176558017730712890625">
        <ele>251.1999969482421875</ele>
        <time>2025-10-23T02:04:52.000Z</time>
        <extensions>
          <ns3:TrackPointExtension>
            <ns3:hr>117</ns3:hr>
          </ns3:TrackPointExtension>
        </extensions>
      </trkpt>
      <trkpt lat="36.98224492371082305908203125" lon="140.143258832395076751708984375">
        <ele>251</ele>
        <time>2025-10-23T02:04:56.000Z</time>
        <extensions>
          <ns3:TrackPointExtension>
            <ns3:hr>117</ns3:hr>
          </ns3:TrackPointExtension>
        </extensions>
      </trkpt>
      <trkpt lat="36.98224115185439586639404296875" lon="140.14329629950225353240966796875">
        <ele>251</ele>
        <time>2025-10-23T02:04:59.000Z</time>
        <extensions>
          <ns3:TrackPointExtension>
            <ns3:hr>117</ns3:hr>
          </ns3:TrackPointExtension>
        </extensions>
      </trkpt>
      <trkpt lat="36.982239894568920135498046875" lon="140.1433488540351390838623046875">
        <ele>251</ele>
        <time>2025-10-23T02:05:03.000Z</time>
        <extensions>
          <ns3:TrackPointExtension>
            <ns3:hr>119</ns3:hr>
          </ns3:TrackPointExtension>
        </extensions>
      </trkpt>
      <trkpt lat="36.98223494924604892730712890625" lon="140.143399648368358612060546875">
        <ele>251</ele>
        <time>2025-10-23T02:05:07.000Z</time>
        <extensions>
          <ns3:TrackPointExtension>
            <ns3:hr>122</ns3:hr>
          </ns3:TrackPointExtension>
        </extensions>
      </trkpt>
      <trkpt lat="36.98223151266574859619140625" lon="140.1434102095663547515869140625">
        <ele>251</ele>
        <time>2025-10-23T02:05:08.000Z</time>
        <extensions>
          <ns3:TrackPointExtension>
            <ns3:hr>122</ns3:hr>
          </ns3:TrackPointExtension>
        </extensions>
      </trkpt>
      <trkpt lat="36.9822115637362003326416015625" lon="140.143547840416431427001953125">
        <ele>251.600006103515625</ele>
        <time>2025-10-23T02:05:18.000Z</time>
        <extensions>
          <ns3:TrackPointExtension>
            <ns3:hr>121</ns3:hr>
          </ns3:TrackPointExtension>
        </extensions>
      </trkpt>
      <trkpt lat="36.982207708060741424560546875" lon="140.14365755952894687652587890625">
        <ele>253</ele>
        <time>2025-10-23T02:05:24.000Z</time>
        <extensions>
          <ns3:TrackPointExtension>
            <ns3:hr>121</ns3:hr>
          </ns3:TrackPointExtension>
        </extensions>
      </trkpt>
      <trkpt lat="36.98220469057559967041015625" lon="140.14373919926583766937255859375">
        <ele>254.1999969482421875</ele>
        <time>2025-10-23T02:05:29.000Z</time>
        <extensions>
          <ns3:TrackPointExtension>
            <ns3:hr>117</ns3:hr>
          </ns3:TrackPointExtension>
        </extensions>
      </trkpt>
      <trkpt lat="36.98220276273787021636962890625" lon="140.14378027059137821197509765625">
        <ele>254.8000030517578125</ele>
        <time>2025-10-23T02:05:32.000Z</time>
        <extensions>
          <ns3:TrackPointExtension>
            <ns3:hr>114</ns3:hr>
          </ns3:TrackPointExtension>
        </extensions>
      </trkpt>
      <trkpt lat="36.98219588957726955413818359375" lon="140.14381731860339641571044921875">
        <ele>256</ele>
        <time>2025-10-23T02:05:34.000Z</time>
        <extensions>
          <ns3:TrackPointExtension>
            <ns3:hr>114</ns3:hr>
          </ns3:TrackPointExtension>
        </extensions>
      </trkpt>
      <trkpt lat="36.982191614806652069091796875" lon="140.143877752125263214111328125">
        <ele>258.20001220703125</ele>
        <time>2025-10-23T02:05:38.000Z</time>
        <extensions>
          <ns3:TrackPointExtension>
            <ns3:hr>111</ns3:hr>
          </ns3:TrackPointExtension>
        </extensions>
      </trkpt>
      <trkpt lat="36.9821988232433795928955078125" lon="140.143900550901889801025390625">
        <ele>259</ele>
        <time>2025-10-23T02:05:40.000Z</time>
        <extensions>
          <ns3:TrackPointExtension>
            <ns3:hr>110</ns3:hr>
          </ns3:TrackPointExtension>
        </extensions>
      </trkpt>
      <trkpt lat="36.98220594786107540130615234375" lon="140.1439174823462963104248046875">
        <ele>259.600006103515625</ele>
        <time>2025-10-23T02:05:41.000Z</time>
        <extensions>
          <ns3:TrackPointExtension>
            <ns3:hr>109</ns3:hr>
          </ns3:TrackPointExtension>
        </extensions>
      </trkpt>
      <trkpt lat="36.98218264617025852203369140625" lon="140.14402695000171661376953125">
        <ele>261.600006103515625</ele>
        <time>2025-10-23T02:05:48.000Z</time>
        <extensions>
          <ns3:TrackPointExtension>
            <ns3:hr>109</ns3:hr>
          </ns3:TrackPointExtension>
        </extensions>
      </trkpt>
      <trkpt lat="36.982112489640712738037109375" lon="140.144145973026752471923828125">
        <ele>264.20001220703125</ele>
        <time>2025-10-23T02:05:58.000Z</time>
        <extensions>
          <ns3:TrackPointExtension>
            <ns3:hr>110</ns3:hr>
          </ns3:TrackPointExtension>
        </extensions>
      </trkpt>
      <trkpt lat="36.98204082436859607696533203125" lon="140.144214369356632232666015625">
        <ele>265.399993896484375</ele>
        <time>2025-10-23T02:06:07.000Z</time>
        <extensions>
          <ns3:TrackPointExtension>
            <ns3:hr>109</ns3:hr>
          </ns3:TrackPointExtension>
        </extensions>
      </trkpt>
      <trkpt lat="36.9820283353328704833984375" lon="140.1442296244204044342041015625">
        <ele>265.79998779296875</ele>
        <time>2025-10-23T02:06:09.000Z</time>
        <extensions>
          <ns3:TrackPointExtension>
            <ns3:hr>110</ns3:hr>
          </ns3:TrackPointExtension>
        </extensions>
      </trkpt>
      <trkpt lat="36.98198919184505939483642578125" lon="140.14427010901272296905517578125">
        <ele>266.399993896484375</ele>
        <time>2025-10-23T02:06:13.000Z</time>
        <extensions>
          <ns3:TrackPointExtension>
            <ns3:hr>113</ns3:hr>
          </ns3:TrackPointExtension>
        </extensions>
      </trkpt>
      <trkpt lat="36.9819788821041584014892578125" lon="140.14428083784878253936767578125">
        <ele>266.600006103515625</ele>
        <time>2025-10-23T02:06:14.000Z</time>
        <extensions>
          <ns3:TrackPointExtension>
            <ns3:hr>113</ns3:hr>
          </ns3:TrackPointExtension>
        </extensions>
      </trkpt>
      <trkpt lat="36.98194124735891819000244140625" lon="140.1443307101726531982421875">
        <ele>267.20001220703125</ele>
        <time>2025-10-23T02:06:18.000Z</time>
        <extensions>
          <ns3:TrackPointExtension>
            <ns3:hr>115</ns3:hr>
          </ns3:TrackPointExtension>
        </extensions>
      </trkpt>
      <trkpt lat="36.9819047860801219940185546875" lon="140.14434638433158397674560546875">
        <ele>266.79998779296875</ele>
        <time>2025-10-23T02:06:21.000Z</time>
        <extensions>
          <ns3:TrackPointExtension>
            <ns3:hr>115</ns3:hr>
          </ns3:TrackPointExtension>
        </extensions>
      </trkpt>
      <trkpt lat="36.98186949826776981353759765625" lon="140.14436985366046428680419921875">
        <ele>266.79998779296875</ele>
        <time>2025-10-23T02:06:24.000Z</time>
        <extensions>
          <ns3:TrackPointExtension>
            <ns3:hr>115</ns3:hr>
          </ns3:TrackPointExtension>
        </extensions>
      </trkpt>
      <trkpt lat="36.981839239597320556640625" lon="140.14437354169785976409912109375">
        <ele>266.399993896484375</ele>
        <time>2025-10-23T02:06:27.000Z</time>
        <extensions>
          <ns3:TrackPointExtension>
            <ns3:hr>115</ns3:hr>
          </ns3:TrackPointExtension>
        </extensions>
      </trkpt>
      <trkpt lat="36.98182054795324802398681640625" lon="140.1443935744464397430419921875">
        <ele>266.600006103515625</ele>
        <time>2025-10-23T02:06:29.000Z</time>
        <extensions>
          <ns3:TrackPointExtension>
            <ns3:hr>115</ns3:hr>
          </ns3:TrackPointExtension>
        </extensions>
      </trkpt>
      <trkpt lat="36.98179892264306545257568359375" lon="140.14440405182540416717529296875">
        <ele>266.399993896484375</ele>
        <time>2025-10-23T02:06:31.000Z</time>
        <extensions>
          <ns3:TrackPointExtension>
            <ns3:hr>114</ns3:hr>
          </ns3:TrackPointExtension>
        </extensions>
      </trkpt>
      <trkpt lat="36.9817814044654369354248046875" lon="140.14441561885178089141845703125">
        <ele>266.600006103515625</ele>
        <time>2025-10-23T02:06:33.000Z</time>
        <extensions>
          <ns3:TrackPointExtension>
            <ns3:hr>113</ns3:hr>
          </ns3:TrackPointExtension>
        </extensions>
      </trkpt>
      <trkpt lat="36.98176925070583820343017578125" lon="140.14441989362239837646484375">
        <ele>266.600006103515625</ele>
        <time>2025-10-23T02:06:34.000Z</time>
        <extensions>
          <ns3:TrackPointExtension>
            <ns3:hr>113</ns3:hr>
          </ns3:TrackPointExtension>
        </extensions>
      </trkpt>
      <trkpt lat="36.9817078113555908203125" lon="140.14446306042373180389404296875">
        <ele>267.20001220703125</ele>
        <time>2025-10-23T02:06:39.000Z</time>
        <extensions>
          <ns3:TrackPointExtension>
            <ns3:hr>114</ns3:hr>
          </ns3:TrackPointExtension>
        </extensions>
      </trkpt>
      <trkpt lat="36.98169716633856296539306640625" lon="140.14447798021137714385986328125">
        <ele>267.600006103515625</ele>
        <time>2025-10-23T02:06:40.000Z</time>
        <extensions>
          <ns3:TrackPointExtension>
            <ns3:hr>114</ns3:hr>
          </ns3:TrackPointExtension>
        </extensions>
      </trkpt>
      <trkpt lat="36.9816446118056774139404296875" lon="140.144525505602359771728515625">
        <ele>268.79998779296875</ele>
        <time>2025-10-23T02:06:46.000Z</time>
        <extensions>
          <ns3:TrackPointExtension>
            <ns3:hr>116</ns3:hr>
          </ns3:TrackPointExtension>
        </extensions>
      </trkpt>
      <trkpt lat="36.98162877000868320465087890625" lon="140.14453715644776821136474609375">
        <ele>269.20001220703125</ele>
        <time>2025-10-23T02:06:48.000Z</time>
        <extensions>
          <ns3:TrackPointExtension>
            <ns3:hr>118</ns3:hr>
          </ns3:TrackPointExtension>
        </extensions>
      </trkpt>
      <trkpt lat="36.98159490711987018585205078125" lon="140.144565738737583160400390625">
        <ele>270.20001220703125</ele>
        <time>2025-10-23T02:06:52.000Z</time>
        <extensions>
          <ns3:TrackPointExtension>
            <ns3:hr>119</ns3:hr>
          </ns3:TrackPointExtension>
        </extensions>
      </trkpt>
      <trkpt lat="36.98155836202204227447509765625" lon="140.1445732824504375457763671875">
        <ele>270.399993896484375</ele>
        <time>2025-10-23T02:06:55.000Z</time>
        <extensions>
          <ns3:TrackPointExtension>
            <ns3:hr>116</ns3:hr>
          </ns3:TrackPointExtension>
        </extensions>
      </trkpt>
      <trkpt lat="36.98152751661837100982666015625" lon="140.14459155499935150146484375">
        <ele>271</ele>
        <time>2025-10-23T02:06:58.000Z</time>
        <extensions>
          <ns3:TrackPointExtension>
            <ns3:hr>120</ns3:hr>
          </ns3:TrackPointExtension>
        </extensions>
      </trkpt>
      <trkpt lat="36.981518380343914031982421875" lon="140.1445962488651275634765625">
        <ele>271</ele>
        <time>2025-10-23T02:06:59.000Z</time>
        <extensions>
          <ns3:TrackPointExtension>
            <ns3:hr>118</ns3:hr>
          </ns3:TrackPointExtension>
        </extensions>
      </trkpt>
      <trkpt lat="36.98148761875927448272705078125" lon="140.14461762271821498870849609375">
        <ele>271.399993896484375</ele>
        <time>2025-10-23T02:07:02.000Z</time>
        <extensions>
          <ns3:TrackPointExtension>
            <ns3:hr>115</ns3:hr>
          </ns3:TrackPointExtension>
        </extensions>
      </trkpt>
      <trkpt lat="36.98144168592989444732666015625" lon="140.14465265907347202301025390625">
        <ele>271.600006103515625</ele>
        <time>2025-10-23T02:07:06.000Z</time>
        <extensions>
          <ns3:TrackPointExtension>
            <ns3:hr>115</ns3:hr>
          </ns3:TrackPointExtension>
        </extensions>
      </trkpt>
      <trkpt lat="36.9813737086951732635498046875" lon="140.14473798684775829315185546875">
        <ele>272.399993896484375</ele>
        <time>2025-10-23T02:07:13.000Z</time>
        <extensions>
          <ns3:TrackPointExtension>
            <ns3:hr>116</ns3:hr>
          </ns3:TrackPointExtension>
        </extensions>
      </trkpt>
      <trkpt lat="36.9813631474971771240234375" lon="140.144741423428058624267578125">
        <ele>272.399993896484375</ele>
        <time>2025-10-23T02:07:14.000Z</time>
        <extensions>
          <ns3:TrackPointExtension>
            <ns3:hr>116</ns3:hr>
          </ns3:TrackPointExtension>
        </extensions>
      </trkpt>
      <trkpt lat="36.98132584802806377410888671875" lon="140.14477972872555255889892578125">
        <ele>273</ele>
        <time>2025-10-23T02:07:18.000Z</time>
        <extensions>
          <ns3:TrackPointExtension>
            <ns3:hr>116</ns3:hr>
          </ns3:TrackPointExtension>
        </extensions>
      </trkpt>
      <trkpt lat="36.98131394572556018829345703125" lon="140.1447824947535991668701171875">
        <ele>273</ele>
        <time>2025-10-23T02:07:19.000Z</time>
        <extensions>
          <ns3:TrackPointExtension>
            <ns3:hr>117</ns3:hr>
          </ns3:TrackPointExtension>
        </extensions>
      </trkpt>
      <trkpt lat="36.98124420829117298126220703125" lon="140.14478827826678752899169921875">
        <ele>272.600006103515625</ele>
        <time>2025-10-23T02:07:24.000Z</time>
        <extensions>
          <ns3:TrackPointExtension>
            <ns3:hr>118</ns3:hr>
          </ns3:TrackPointExtension>
        </extensions>
      </trkpt>
      <trkpt lat="36.981126777827739715576171875" lon="140.14481577090919017791748046875">
        <ele>272.79998779296875</ele>
        <time>2025-10-23T02:07:33.000Z</time>
        <extensions>
          <ns3:TrackPointExtension>
            <ns3:hr>119</ns3:hr>
          </ns3:TrackPointExtension>
        </extensions>
      </trkpt>
      <trkpt lat="36.9810374267399311065673828125" lon="140.14486153610050678253173828125">
        <ele>273.399993896484375</ele>
        <time>2025-10-23T02:07:41.000Z</time>
        <extensions>
          <ns3:TrackPointExtension>
            <ns3:hr>120</ns3:hr>
          </ns3:TrackPointExtension>
        </extensions>
      </trkpt>
      <trkpt lat="36.98103181086480617523193359375" lon="140.1448713429272174835205078125">
        <ele>273.600006103515625</ele>
        <time>2025-10-23T02:07:42.000Z</time>
        <extensions>
          <ns3:TrackPointExtension>
            <ns3:hr>120</ns3:hr>
          </ns3:TrackPointExtension>
        </extensions>
      </trkpt>
      <trkpt lat="36.9810038991272449493408203125" lon="140.14488525688648223876953125">
        <ele>273.79998779296875</ele>
        <time>2025-10-23T02:07:45.000Z</time>
        <extensions>
          <ns3:TrackPointExtension>
            <ns3:hr>119</ns3:hr>
          </ns3:TrackPointExtension>
        </extensions>
      </trkpt>
      <trkpt lat="36.98092955164611339569091796875" lon="140.14491434209048748016357421875">
        <ele>274</ele>
        <time>2025-10-23T02:07:52.000Z</time>
        <extensions>
          <ns3:TrackPointExtension>
            <ns3:hr>118</ns3:hr>
          </ns3:TrackPointExtension>
        </extensions>
      </trkpt>
      <trkpt lat="36.980920247733592987060546875" lon="140.14492213726043701171875">
        <ele>274</ele>
        <time>2025-10-23T02:07:53.000Z</time>
        <extensions>
          <ns3:TrackPointExtension>
            <ns3:hr>118</ns3:hr>
          </ns3:TrackPointExtension>
        </extensions>
      </trkpt>
      <trkpt lat="36.98083198629319667816162109375" lon="140.14496169984340667724609375">
        <ele>274</ele>
        <time>2025-10-23T02:08:00.000Z</time>
        <extensions>
          <ns3:TrackPointExtension>
            <ns3:hr>119</ns3:hr>
          </ns3:TrackPointExtension>
        </extensions>
      </trkpt>
      <trkpt lat="36.9808225147426128387451171875" lon="140.14497234486043453216552734375">
        <ele>274</ele>
        <time>2025-10-23T02:08:01.000Z</time>
        <extensions>
          <ns3:TrackPointExtension>
            <ns3:hr>119</ns3:hr>
          </ns3:TrackPointExtension>
        </extensions>
      </trkpt>
      <trkpt lat="36.9807454012334346771240234375" lon="140.1449905335903167724609375">
        <ele>273.600006103515625</ele>
        <time>2025-10-23T02:08:09.000Z</time>
        <extensions>
          <ns3:TrackPointExtension>
            <ns3:hr>118</ns3:hr>
          </ns3:TrackPointExtension>
        </extensions>
      </trkpt>
      <trkpt lat="36.980671472847461700439453125" lon="140.145042501389980316162109375">
        <ele>272.79998779296875</ele>
        <time>2025-10-23T02:08:17.000Z</time>
        <extensions>
          <ns3:TrackPointExtension>
            <ns3:hr>116</ns3:hr>
          </ns3:TrackPointExtension>
        </extensions>
      </trkpt>
      <trkpt lat="36.98059645481407642364501953125" lon="140.14510377310216426849365234375">
        <ele>272</ele>
        <time>2025-10-23T02:08:25.000Z</time>
        <extensions>
          <ns3:TrackPointExtension>
            <ns3:hr>116</ns3:hr>
          </ns3:TrackPointExtension>
        </extensions>
      </trkpt>
      <trkpt lat="36.980546750128269195556640625" lon="140.1451657153666019439697265625">
        <ele>272</ele>
        <time>2025-10-23T02:08:31.000Z</time>
        <extensions>
          <ns3:TrackPointExtension>
            <ns3:hr>119</ns3:hr>
          </ns3:TrackPointExtension>
        </extensions>
      </trkpt>
      <trkpt lat="36.98050417006015777587890625" lon="140.145236961543560028076171875">
        <ele>271.399993896484375</ele>
        <time>2025-10-23T02:08:37.000Z</time>
        <extensions>
          <ns3:TrackPointExtension>
            <ns3:hr>119</ns3:hr>
          </ns3:TrackPointExtension>
        </extensions>
      </trkpt>
      <trkpt lat="36.9804667867720127105712890625" lon="140.14531843364238739013671875">
        <ele>270.79998779296875</ele>
        <time>2025-10-23T02:08:43.000Z</time>
        <extensions>
          <ns3:TrackPointExtension>
            <ns3:hr>116</ns3:hr>
          </ns3:TrackPointExtension>
        </extensions>
      </trkpt>
      <trkpt lat="36.98044910095632076263427734375" lon="140.14535732567310333251953125">
        <ele>270.600006103515625</ele>
        <time>2025-10-23T02:08:46.000Z</time>
        <extensions>
          <ns3:TrackPointExtension>
            <ns3:hr>116</ns3:hr>
          </ns3:TrackPointExtension>
        </extensions>
      </trkpt>
      <trkpt lat="36.980426050722599029541015625" lon="140.1454268954694271087646484375">
        <ele>270.20001220703125</ele>
        <time>2025-10-23T02:08:51.000Z</time>
        <extensions>
          <ns3:TrackPointExtension>
            <ns3:hr>119</ns3:hr>
          </ns3:TrackPointExtension>
        </extensions>
      </trkpt>
      <trkpt lat="36.98041968047618865966796875" lon="140.1454885862767696380615234375">
        <ele>270</ele>
        <time>2025-10-23T02:08:56.000Z</time>
        <extensions>
          <ns3:TrackPointExtension>
            <ns3:hr>120</ns3:hr>
          </ns3:TrackPointExtension>
        </extensions>
      </trkpt>
      <trkpt lat="36.98042596690356731414794921875" lon="140.1455076970160007476806640625">
        <ele>270.20001220703125</ele>
        <time>2025-10-23T02:08:58.000Z</time>
        <extensions>
          <ns3:TrackPointExtension>
            <ns3:hr>120</ns3:hr>
          </ns3:TrackPointExtension>
        </extensions>
      </trkpt>
      <trkpt lat="36.9804580695927143096923828125" lon="140.14553141780197620391845703125">
        <ele>270.399993896484375</ele>
        <time>2025-10-23T02:09:02.000Z</time>
        <extensions>
          <ns3:TrackPointExtension>
            <ns3:hr>119</ns3:hr>
          </ns3:TrackPointExtension>
        </extensions>
      </trkpt>
      <trkpt lat="36.98047726415097713470458984375" lon="140.14554667286574840545654296875">
        <ele>270.399993896484375</ele>
        <time>2025-10-23T02:09:04.000Z</time>
        <extensions>
          <ns3:TrackPointExtension>
            <ns3:hr>119</ns3:hr>
          </ns3:TrackPointExtension>
        </extensions>
      </trkpt>
      <trkpt lat="36.98051112703979015350341796875" lon="140.14555689878761768341064453125">
        <ele>270.79998779296875</ele>
        <time>2025-10-23T02:09:08.000Z</time>
        <extensions>
          <ns3:TrackPointExtension>
            <ns3:hr>117</ns3:hr>
          </ns3:TrackPointExtension>
        </extensions>
      </trkpt>
      <trkpt lat="36.98052696883678436279296875" lon="140.14555857516825199127197265625">
        <ele>270.79998779296875</ele>
        <time>2025-10-23T02:09:10.000Z</time>
        <extensions>
          <ns3:TrackPointExtension>
            <ns3:hr>117</ns3:hr>
          </ns3:TrackPointExtension>
        </extensions>
      </trkpt>
      <trkpt lat="36.9805576466023921966552734375" lon="140.14556427486240863800048828125">
        <ele>271</ele>
        <time>2025-10-23T02:09:14.000Z</time>
        <extensions>
          <ns3:TrackPointExtension>
            <ns3:hr>116</ns3:hr>
          </ns3:TrackPointExtension>
        </extensions>
      </trkpt>
      <trkpt lat="36.98059670627117156982421875" lon="140.14556779526174068450927734375">
        <ele>271.399993896484375</ele>
        <time>2025-10-23T02:09:18.000Z</time>
        <extensions>
          <ns3:TrackPointExtension>
            <ns3:hr>116</ns3:hr>
          </ns3:TrackPointExtension>
        </extensions>
      </trkpt>
      <trkpt lat="36.980625204741954803466796875" lon="140.1455781050026416778564453125">
        <ele>271.600006103515625</ele>
        <time>2025-10-23T02:09:20.000Z</time>
        <extensions>
          <ns3:TrackPointExtension>
            <ns3:hr>117</ns3:hr>
          </ns3:TrackPointExtension>
        </extensions>
      </trkpt>
      <trkpt lat="36.980673484504222869873046875" lon="140.145579278469085693359375">
        <ele>271.79998779296875</ele>
        <time>2025-10-23T02:09:24.000Z</time>
        <extensions>
          <ns3:TrackPointExtension>
            <ns3:hr>120</ns3:hr>
          </ns3:TrackPointExtension>
        </extensions>
      </trkpt>
      <trkpt lat="36.9806850515305995941162109375" lon="140.14558372087776660919189453125">
        <ele>272</ele>
        <time>2025-10-23T02:09:25.000Z</time>
        <extensions>
          <ns3:TrackPointExtension>
            <ns3:hr>121</ns3:hr>
          </ns3:TrackPointExtension>
        </extensions>
      </trkpt>
      <trkpt lat="36.980709694325923919677734375" lon="140.145585648715496063232421875">
        <ele>272</ele>
        <time>2025-10-23T02:09:27.000Z</time>
        <extensions>
          <ns3:TrackPointExtension>
            <ns3:hr>122</ns3:hr>
          </ns3:TrackPointExtension>
        </extensions>
      </trkpt>
      <trkpt lat="36.98080885224044322967529296875" lon="140.14562009833753108978271484375">
        <ele>272.399993896484375</ele>
        <time>2025-10-23T02:09:36.000Z</time>
        <extensions>
          <ns3:TrackPointExtension>
            <ns3:hr>123</ns3:hr>
          </ns3:TrackPointExtension>
        </extensions>
      </trkpt>
      <trkpt lat="36.98081689886748790740966796875" lon="140.14562680386006832122802734375">
        <ele>272.399993896484375</ele>
        <time>2025-10-23T02:09:37.000Z</time>
        <extensions>
          <ns3:TrackPointExtension>
            <ns3:hr>123</ns3:hr>
          </ns3:TrackPointExtension>
        </extensions>
      </trkpt>
      <trkpt lat="36.98085579089820384979248046875" lon="140.14564977027475833892822265625">
        <ele>272.600006103515625</ele>
        <time>2025-10-23T02:09:42.000Z</time>
        <extensions>
          <ns3:TrackPointExtension>
            <ns3:hr>123</ns3:hr>
          </ns3:TrackPointExtension>
        </extensions>
      </trkpt>
      <trkpt lat="36.9809071719646453857421875" lon="140.1456579007208347320556640625">
        <ele>273</ele>
        <time>2025-10-23T02:09:47.000Z</time>
        <extensions>
          <ns3:TrackPointExtension>
            <ns3:hr>122</ns3:hr>
          </ns3:TrackPointExtension>
        </extensions>
      </trkpt>
      <trkpt lat="36.9809961877763271331787109375" lon="140.14566753990948200225830078125">
        <ele>273.600006103515625</ele>
        <time>2025-10-23T02:09:56.000Z</time>
        <extensions>
          <ns3:TrackPointExtension>
            <ns3:hr>121</ns3:hr>
          </ns3:TrackPointExtension>
        </extensions>
      </trkpt>
      <trkpt lat="36.9810608960688114166259765625" lon="140.1456800289452075958251953125">
        <ele>274</ele>
        <time>2025-10-23T02:10:01.000Z</time>
        <extensions>
          <ns3:TrackPointExtension>
            <ns3:hr>120</ns3:hr>
          </ns3:TrackPointExtension>
        </extensions>
      </trkpt>
      <trkpt lat="36.9810722954571247100830078125" lon="140.14567860402166843414306640625">
        <ele>274.20001220703125</ele>
        <time>2025-10-23T02:10:02.000Z</time>
        <extensions>
          <ns3:TrackPointExtension>
            <ns3:hr>120</ns3:hr>
          </ns3:TrackPointExtension>
        </extensions>
      </trkpt>
      <trkpt lat="36.981175057590007781982421875" lon="140.1456803642213344573974609375">
        <ele>274.79998779296875</ele>
        <time>2025-10-23T02:10:10.000Z</time>
        <extensions>
          <ns3:TrackPointExtension>
            <ns3:hr>122</ns3:hr>
          </ns3:TrackPointExtension>
        </extensions>
      </trkpt>
      <trkpt lat="36.9812141172587871551513671875" lon="140.1456770114600658416748046875">
        <ele>275.20001220703125</ele>
        <time>2025-10-23T02:10:14.000Z</time>
        <extensions>
          <ns3:TrackPointExtension>
            <ns3:hr>122</ns3:hr>
          </ns3:TrackPointExtension>
        </extensions>
      </trkpt>
      <trkpt lat="36.98124437592923641204833984375" lon="140.145652703940868377685546875">
        <ele>275.600006103515625</ele>
        <time>2025-10-23T02:10:17.000Z</time>
        <extensions>
          <ns3:TrackPointExtension>
            <ns3:hr>122</ns3:hr>
          </ns3:TrackPointExtension>
        </extensions>
      </trkpt>
      <trkpt lat="36.98132383637130260467529296875" lon="140.145603083074092864990234375">
        <ele>276.600006103515625</ele>
        <time>2025-10-23T02:10:24.000Z</time>
        <extensions>
          <ns3:TrackPointExtension>
            <ns3:hr>123</ns3:hr>
          </ns3:TrackPointExtension>
        </extensions>
      </trkpt>
      <trkpt lat="36.98135166428983211517333984375" lon="140.14556494541466236114501953125">
        <ele>277</ele>
        <time>2025-10-23T02:10:27.000Z</time>
        <extensions>
          <ns3:TrackPointExtension>
            <ns3:hr>123</ns3:hr>
          </ns3:TrackPointExtension>
        </extensions>
      </trkpt>
      <trkpt lat="36.98138284496963024139404296875" lon="140.1455537974834442138671875">
        <ele>277.20001220703125</ele>
        <time>2025-10-23T02:10:29.000Z</time>
        <extensions>
          <ns3:TrackPointExtension>
            <ns3:hr>123</ns3:hr>
          </ns3:TrackPointExtension>
        </extensions>
      </trkpt>
      <trkpt lat="36.98139608837664127349853515625" lon="140.145552121102809906005859375">
        <ele>277.20001220703125</ele>
        <time>2025-10-23T02:10:30.000Z</time>
        <extensions>
          <ns3:TrackPointExtension>
            <ns3:hr>123</ns3:hr>
          </ns3:TrackPointExtension>
        </extensions>
      </trkpt>
      <trkpt lat="36.9814437814056873321533203125" lon="140.14554063789546489715576171875">
        <ele>277.399993896484375</ele>
        <time>2025-10-23T02:10:34.000Z</time>
        <extensions>
          <ns3:TrackPointExtension>
            <ns3:hr>123</ns3:hr>
          </ns3:TrackPointExtension>
        </extensions>
      </trkpt>
      <trkpt lat="36.981456689536571502685546875" lon="140.1455390453338623046875">
        <ele>277.399993896484375</ele>
        <time>2025-10-23T02:10:35.000Z</time>
        <extensions>
          <ns3:TrackPointExtension>
            <ns3:hr>124</ns3:hr>
          </ns3:TrackPointExtension>
        </extensions>
      </trkpt>
      <trkpt lat="36.9814809970557689666748046875" lon="140.14553275890648365020751953125">
        <ele>277.600006103515625</ele>
        <time>2025-10-23T02:10:37.000Z</time>
        <extensions>
          <ns3:TrackPointExtension>
            <ns3:hr>124</ns3:hr>
          </ns3:TrackPointExtension>
        </extensions>
      </trkpt>
      <trkpt lat="36.9815265946090221405029296875" lon="140.1455392129719257354736328125">
        <ele>277.79998779296875</ele>
        <time>2025-10-23T02:10:40.000Z</time>
        <extensions>
          <ns3:TrackPointExtension>
            <ns3:hr>122</ns3:hr>
          </ns3:TrackPointExtension>
        </extensions>
      </trkpt>
      <trkpt lat="36.98157303035259246826171875" lon="140.1455351896584033966064453125">
        <ele>278.20001220703125</ele>
        <time>2025-10-23T02:10:43.000Z</time>
        <extensions>
          <ns3:TrackPointExtension>
            <ns3:hr>120</ns3:hr>
          </ns3:TrackPointExtension>
        </extensions>
      </trkpt>
      <trkpt lat="36.9817130081355571746826171875" lon="140.14556117355823516845703125">
        <ele>279.399993896484375</ele>
        <time>2025-10-23T02:10:53.000Z</time>
        <extensions>
          <ns3:TrackPointExtension>
            <ns3:hr>120</ns3:hr>
          </ns3:TrackPointExtension>
        </extensions>
      </trkpt>
      <trkpt lat="36.98178685270249843597412109375" lon="140.1456019096076488494873046875">
        <ele>280</ele>
        <time>2025-10-23T02:11:00.000Z</time>
        <extensions>
          <ns3:TrackPointExtension>
            <ns3:hr>123</ns3:hr>
          </ns3:TrackPointExtension>
        </extensions>
      </trkpt>
      <trkpt lat="36.98180680163204669952392578125" lon="140.14562210999429225921630859375">
        <ele>280</ele>
        <time>2025-10-23T02:11:02.000Z</time>
        <extensions>
          <ns3:TrackPointExtension>
            <ns3:hr>123</ns3:hr>
          </ns3:TrackPointExtension>
        </extensions>
      </trkpt>
      <trkpt lat="36.9818169437348842620849609375" lon="140.1456283964216709136962890625">
        <ele>280</ele>
        <time>2025-10-23T02:11:03.000Z</time>
        <extensions>
          <ns3:TrackPointExtension>
            <ns3:hr>123</ns3:hr>
          </ns3:TrackPointExtension>
        </extensions>
      </trkpt>
      <trkpt lat="36.98188550770282745361328125" lon="140.14567927457392215728759765625">
        <ele>280.399993896484375</ele>
        <time>2025-10-23T02:11:10.000Z</time>
        <extensions>
          <ns3:TrackPointExtension>
            <ns3:hr>123</ns3:hr>
          </ns3:TrackPointExtension>
        </extensions>
      </trkpt>
      <trkpt lat="36.98197360150516033172607421875" lon="140.1457739062607288360595703125">
        <ele>280.79998779296875</ele>
        <time>2025-10-23T02:11:20.000Z</time>
        <extensions>
          <ns3:TrackPointExtension>
            <ns3:hr>120</ns3:hr>
          </ns3:TrackPointExtension>
        </extensions>
      </trkpt>
      <trkpt lat="36.98206546716392040252685546875" lon="140.14585621654987335205078125">
        <ele>281.399993896484375</ele>
        <time>2025-10-23T02:11:30.000Z</time>
        <extensions>
          <ns3:TrackPointExtension>
            <ns3:hr>117</ns3:hr>
          </ns3:TrackPointExtension>
        </extensions>
      </trkpt>
      <trkpt lat="36.9820727594196796417236328125" lon="140.14586602337658405303955078125">
        <ele>281.399993896484375</ele>
        <time>2025-10-23T02:11:31.000Z</time>
        <extensions>
          <ns3:TrackPointExtension>
            <ns3:hr>117</ns3:hr>
          </ns3:TrackPointExtension>
        </extensions>
      </trkpt>
      <trkpt lat="36.982081644237041473388671875" lon="140.14587767422199249267578125">
        <ele>281.399993896484375</ele>
        <time>2025-10-23T02:11:32.000Z</time>
        <extensions>
          <ns3:TrackPointExtension>
            <ns3:hr>117</ns3:hr>
          </ns3:TrackPointExtension>
        </extensions>
      </trkpt>
      <trkpt lat="36.9821642898023128509521484375" lon="140.1459884829819202423095703125">
        <ele>281.20001220703125</ele>
        <time>2025-10-23T02:11:41.000Z</time>
        <extensions>
          <ns3:TrackPointExtension>
            <ns3:hr>116</ns3:hr>
          </ns3:TrackPointExtension>
        </extensions>
      </trkpt>
      <trkpt lat="36.98225657455623149871826171875" lon="140.146136172115802764892578125">
        <ele>280.79998779296875</ele>
        <time>2025-10-23T02:11:53.000Z</time>
        <extensions>
          <ns3:TrackPointExtension>
            <ns3:hr>116</ns3:hr>
          </ns3:TrackPointExtension>
        </extensions>
      </trkpt>
      <trkpt lat="36.98229320347309112548828125" lon="140.14622292481362819671630859375">
        <ele>280.399993896484375</ele>
        <time>2025-10-23T02:12:01.000Z</time>
        <extensions>
          <ns3:TrackPointExtension>
            <ns3:hr>115</ns3:hr>
          </ns3:TrackPointExtension>
        </extensions>
      </trkpt>
      <trkpt lat="36.98230636306107044219970703125" lon="140.1462458074092864990234375">
        <ele>280.399993896484375</ele>
        <time>2025-10-23T02:12:03.000Z</time>
        <extensions>
          <ns3:TrackPointExtension>
            <ns3:hr>114</ns3:hr>
          </ns3:TrackPointExtension>
        </extensions>
      </trkpt>
      <trkpt lat="36.98236503638327121734619140625" lon="140.1463465578854084014892578125">
        <ele>280.399993896484375</ele>
        <time>2025-10-23T02:12:12.000Z</time>
        <extensions>
          <ns3:TrackPointExtension>
            <ns3:hr>112</ns3:hr>
          </ns3:TrackPointExtension>
        </extensions>
      </trkpt>
      <trkpt lat="36.98238263837993144989013671875" lon="140.14645594172179698944091796875">
        <ele>281</ele>
        <time>2025-10-23T02:12:21.000Z</time>
        <extensions>
          <ns3:TrackPointExtension>
            <ns3:hr>110</ns3:hr>
          </ns3:TrackPointExtension>
        </extensions>
      </trkpt>
      <trkpt lat="36.98240292258560657501220703125" lon="140.14648578129708766937255859375">
        <ele>281.20001220703125</ele>
        <time>2025-10-23T02:12:24.000Z</time>
        <extensions>
          <ns3:TrackPointExtension>
            <ns3:hr>109</ns3:hr>
          </ns3:TrackPointExtension>
        </extensions>
      </trkpt>
      <trkpt lat="36.9824494421482086181640625" lon="140.14651042409241199493408203125">
        <ele>281.20001220703125</ele>
        <time>2025-10-23T02:12:28.000Z</time>
        <extensions>
          <ns3:TrackPointExtension>
            <ns3:hr>109</ns3:hr>
          </ns3:TrackPointExtension>
        </extensions>
      </trkpt>
      <trkpt lat="36.98255312629044055938720703125" lon="140.14656876213848590850830078125">
        <ele>281.20001220703125</ele>
        <time>2025-10-23T02:12:37.000Z</time>
        <extensions>
          <ns3:TrackPointExtension>
            <ns3:hr>109</ns3:hr>
          </ns3:TrackPointExtension>
        </extensions>
      </trkpt>
      <trkpt lat="36.98268036358058452606201171875" lon="140.14667269773781299591064453125">
        <ele>282.79998779296875</ele>
        <time>2025-10-23T02:12:48.000Z</time>
        <extensions>
          <ns3:TrackPointExtension>
            <ns3:hr>111</ns3:hr>
          </ns3:TrackPointExtension>
        </extensions>
      </trkpt>
      <trkpt lat="36.98277776129543781280517578125" lon="140.14675886370241641998291015625">
        <ele>284.399993896484375</ele>
        <time>2025-10-23T02:12:57.000Z</time>
        <extensions>
          <ns3:TrackPointExtension>
            <ns3:hr>110</ns3:hr>
          </ns3:TrackPointExtension>
        </extensions>
      </trkpt>
      <trkpt lat="36.9829059205949306488037109375" lon="140.146871097385883331298828125">
        <ele>286.399993896484375</ele>
        <time>2025-10-23T02:13:09.000Z</time>
        <extensions>
          <ns3:TrackPointExtension>
            <ns3:hr>111</ns3:hr>
          </ns3:TrackPointExtension>
        </extensions>
      </trkpt>
      <trkpt lat="36.9829729758203029632568359375" lon="140.14694787561893463134765625">
        <ele>287.20001220703125</ele>
        <time>2025-10-23T02:13:18.000Z</time>
        <extensions>
          <ns3:TrackPointExtension>
            <ns3:hr>112</ns3:hr>
          </ns3:TrackPointExtension>
        </extensions>
      </trkpt>
      <trkpt lat="36.98305034078657627105712890625" lon="140.14701484702527523040771484375">
        <ele>287.600006103515625</ele>
        <time>2025-10-23T02:13:27.000Z</time>
        <extensions>
          <ns3:TrackPointExtension>
            <ns3:hr>110</ns3:hr>
          </ns3:TrackPointExtension>
        </extensions>
      </trkpt>
      <trkpt lat="36.98317523114383220672607421875" lon="140.14709162525832653045654296875">
        <ele>287.600006103515625</ele>
        <time>2025-10-23T02:13:38.000Z</time>
        <extensions>
          <ns3:TrackPointExtension>
            <ns3:hr>111</ns3:hr>
          </ns3:TrackPointExtension>
        </extensions>
      </trkpt>
      <trkpt lat="36.983260810375213623046875" lon="140.14721333049237728118896484375">
        <ele>288.20001220703125</ele>
        <time>2025-10-23T02:13:48.000Z</time>
        <extensions>
          <ns3:TrackPointExtension>
            <ns3:hr>112</ns3:hr>
          </ns3:TrackPointExtension>
        </extensions>
      </trkpt>
      <trkpt lat="36.98333146981894969940185546875" lon="140.14735951088368892669677734375">
        <ele>289.600006103515625</ele>
        <time>2025-10-23T02:13:58.000Z</time>
        <extensions>
          <ns3:TrackPointExtension>
            <ns3:hr>112</ns3:hr>
          </ns3:TrackPointExtension>
        </extensions>
      </trkpt>
      <trkpt lat="36.9833679310977458953857421875" lon="140.1475019194185733795166015625">
        <ele>290.20001220703125</ele>
        <time>2025-10-23T02:14:08.000Z</time>
        <extensions>
          <ns3:TrackPointExtension>
            <ns3:hr>113</ns3:hr>
          </ns3:TrackPointExtension>
        </extensions>
      </trkpt>
      <trkpt lat="36.98337337933480739593505859375" lon="140.14753921888768672943115234375">
        <ele>290.399993896484375</ele>
        <time>2025-10-23T02:14:11.000Z</time>
        <extensions>
          <ns3:TrackPointExtension>
            <ns3:hr>113</ns3:hr>
          </ns3:TrackPointExtension>
        </extensions>
      </trkpt>
      <trkpt lat="36.983376480638980865478515625" lon="140.147564113140106201171875">
        <ele>290.399993896484375</ele>
        <time>2025-10-23T02:14:13.000Z</time>
        <extensions>
          <ns3:TrackPointExtension>
            <ns3:hr>113</ns3:hr>
          </ns3:TrackPointExtension>
        </extensions>
      </trkpt>
      <trkpt lat="36.98337706737220287322998046875" lon="140.14760510064661502838134765625">
        <ele>290.79998779296875</ele>
        <time>2025-10-23T02:14:16.000Z</time>
        <extensions>
          <ns3:TrackPointExtension>
            <ns3:hr>112</ns3:hr>
          </ns3:TrackPointExtension>
        </extensions>
      </trkpt>
      <trkpt lat="36.9833977706730365753173828125" lon="140.14770987443625926971435546875">
        <ele>291.399993896484375</ele>
        <time>2025-10-23T02:14:23.000Z</time>
        <extensions>
          <ns3:TrackPointExtension>
            <ns3:hr>114</ns3:hr>
          </ns3:TrackPointExtension>
        </extensions>
      </trkpt>
      <trkpt lat="36.98340154252946376800537109375" lon="140.1478314958512783050537109375">
        <ele>292.600006103515625</ele>
        <time>2025-10-23T02:14:30.000Z</time>
        <extensions>
          <ns3:TrackPointExtension>
            <ns3:hr>117</ns3:hr>
          </ns3:TrackPointExtension>
        </extensions>
      </trkpt>
      <trkpt lat="36.9833964295685291290283203125" lon="140.14784968458116054534912109375">
        <ele>292.79998779296875</ele>
        <time>2025-10-23T02:14:31.000Z</time>
        <extensions>
          <ns3:TrackPointExtension>
            <ns3:hr>115</ns3:hr>
          </ns3:TrackPointExtension>
        </extensions>
      </trkpt>
      <trkpt lat="36.98340003378689289093017578125" lon="140.14794188551604747772216796875">
        <ele>293.600006103515625</ele>
        <time>2025-10-23T02:14:36.000Z</time>
        <extensions>
          <ns3:TrackPointExtension>
            <ns3:hr>116</ns3:hr>
          </ns3:TrackPointExtension>
        </extensions>
      </trkpt>
      <trkpt lat="36.98342450894415378570556640625" lon="140.1481205038726329803466796875">
        <ele>294.20001220703125</ele>
        <time>2025-10-23T02:14:45.000Z</time>
        <extensions>
          <ns3:TrackPointExtension>
            <ns3:hr>116</ns3:hr>
          </ns3:TrackPointExtension>
        </extensions>
      </trkpt>
      <trkpt lat="36.9834671728312969207763671875" lon="140.14829660765826702117919921875">
        <ele>294.399993896484375</ele>
        <time>2025-10-23T02:14:55.000Z</time>
        <extensions>
          <ns3:TrackPointExtension>
            <ns3:hr>116</ns3:hr>
          </ns3:TrackPointExtension>
        </extensions>
      </trkpt>
      <trkpt lat="36.98350329883396625518798828125" lon="140.1484143733978271484375">
        <ele>295</ele>
        <time>2025-10-23T02:15:02.000Z</time>
        <extensions>
          <ns3:TrackPointExtension>
            <ns3:hr>115</ns3:hr>
          </ns3:TrackPointExtension>
        </extensions>
      </trkpt>
      <trkpt lat="36.98351838625967502593994140625" lon="140.1484934985637664794921875">
        <ele>295.399993896484375</ele>
        <time>2025-10-23T02:15:10.000Z</time>
        <extensions>
          <ns3:TrackPointExtension>
            <ns3:hr>115</ns3:hr>
          </ns3:TrackPointExtension>
        </extensions>
      </trkpt>
      <trkpt lat="36.9835154525935649871826171875" lon="140.14850112609565258026123046875">
        <ele>295.399993896484375</ele>
        <time>2025-10-23T02:15:11.000Z</time>
        <extensions>
          <ns3:TrackPointExtension>
            <ns3:hr>115</ns3:hr>
          </ns3:TrackPointExtension>
        </extensions>
      </trkpt>
      <trkpt lat="36.9835120998322963714599609375" lon="140.14852995984256267547607421875">
        <ele>295.600006103515625</ele>
        <time>2025-10-23T02:15:14.000Z</time>
        <extensions>
          <ns3:TrackPointExtension>
            <ns3:hr>115</ns3:hr>
          </ns3:TrackPointExtension>
        </extensions>
      </trkpt>
      <trkpt lat="36.98351335711777210235595703125" lon="140.14854102395474910736083984375">
        <ele>295.79998779296875</ele>
        <time>2025-10-23T02:15:15.000Z</time>
        <extensions>
          <ns3:TrackPointExtension>
            <ns3:hr>115</ns3:hr>
          </ns3:TrackPointExtension>
        </extensions>
      </trkpt>
      <trkpt lat="36.98353062383830547332763671875" lon="140.14859617687761783599853515625">
        <ele>296</ele>
        <time>2025-10-23T02:15:20.000Z</time>
        <extensions>
          <ns3:TrackPointExtension>
            <ns3:hr>114</ns3:hr>
          </ns3:TrackPointExtension>
        </extensions>
      </trkpt>
      <trkpt lat="36.9835335575044155120849609375" lon="140.1486012898385524749755859375">
        <ele>296</ele>
        <time>2025-10-23T02:15:22.000Z</time>
        <extensions>
          <ns3:TrackPointExtension>
            <ns3:hr>114</ns3:hr>
          </ns3:TrackPointExtension>
        </extensions>
      </trkpt>
      <trkpt lat="36.98354319669306278228759765625" lon="140.14862568117678165435791015625">
        <ele>296.20001220703125</ele>
        <time>2025-10-23T02:15:26.000Z</time>
        <extensions>
          <ns3:TrackPointExtension>
            <ns3:hr>113</ns3:hr>
          </ns3:TrackPointExtension>
        </extensions>
      </trkpt>
      <trkpt lat="36.9835426099598407745361328125" lon="140.1486378349363803863525390625">
        <ele>296.20001220703125</ele>
        <time>2025-10-23T02:15:29.000Z</time>
        <extensions>
          <ns3:TrackPointExtension>
            <ns3:hr>112</ns3:hr>
          </ns3:TrackPointExtension>
        </extensions>
      </trkpt>
      <trkpt lat="36.98359449394047260284423828125" lon="140.1487216539680957794189453125">
        <ele>296.399993896484375</ele>
        <time>2025-10-23T02:15:36.000Z</time>
        <extensions>
          <ns3:TrackPointExtension>
            <ns3:hr>112</ns3:hr>
          </ns3:TrackPointExtension>
        </extensions>
      </trkpt>
      <trkpt lat="36.9836036302149295806884765625" lon="140.148733891546726226806640625">
        <ele>296.399993896484375</ele>
        <time>2025-10-23T02:15:37.000Z</time>
        <extensions>
          <ns3:TrackPointExtension>
            <ns3:hr>110</ns3:hr>
          </ns3:TrackPointExtension>
        </extensions>
      </trkpt>
      <trkpt lat="36.98361578397452831268310546875" lon="140.14874420128762722015380859375">
        <ele>296.399993896484375</ele>
        <time>2025-10-23T02:15:38.000Z</time>
        <extensions>
          <ns3:TrackPointExtension>
            <ns3:hr>113</ns3:hr>
          </ns3:TrackPointExtension>
        </extensions>
      </trkpt>
      <trkpt lat="36.98362735100090503692626953125" lon="140.14874805696308612823486328125">
        <ele>296.20001220703125</ele>
        <time>2025-10-23T02:15:39.000Z</time>
        <extensions>
          <ns3:TrackPointExtension>
            <ns3:hr>111</ns3:hr>
          </ns3:TrackPointExtension>
        </extensions>
      </trkpt>
      <trkpt lat="36.983652077615261077880859375" lon="140.1487793214619159698486328125">
        <ele>296.20001220703125</ele>
        <time>2025-10-23T02:15:42.000Z</time>
        <extensions>
          <ns3:TrackPointExtension>
            <ns3:hr>113</ns3:hr>
          </ns3:TrackPointExtension>
        </extensions>
      </trkpt>
      <trkpt lat="36.98366389609873294830322265625" lon="140.14879683963954448699951171875">
        <ele>296.20001220703125</ele>
        <time>2025-10-23T02:15:44.000Z</time>
        <extensions>
          <ns3:TrackPointExtension>
            <ns3:hr>114</ns3:hr>
          </ns3:TrackPointExtension>
        </extensions>
      </trkpt>
      <trkpt lat="36.983695328235626220703125" lon="140.14885618351399898529052734375">
        <ele>296</ele>
        <time>2025-10-23T02:15:48.000Z</time>
        <extensions>
          <ns3:TrackPointExtension>
            <ns3:hr>116</ns3:hr>
          </ns3:TrackPointExtension>
        </extensions>
      </trkpt>
      <trkpt lat="36.98376179672777652740478515625" lon="140.14899917878210544586181640625">
        <ele>295.600006103515625</ele>
        <time>2025-10-23T02:15:57.000Z</time>
        <extensions>
          <ns3:TrackPointExtension>
            <ns3:hr>116</ns3:hr>
          </ns3:TrackPointExtension>
        </extensions>
      </trkpt>
      <trkpt lat="36.983807645738124847412109375" lon="140.14909339137375354766845703125">
        <ele>295.79998779296875</ele>
        <time>2025-10-23T02:16:05.000Z</time>
        <extensions>
          <ns3:TrackPointExtension>
            <ns3:hr>115</ns3:hr>
          </ns3:TrackPointExtension>
        </extensions>
      </trkpt>
      <trkpt lat="36.98382868431508541107177734375" lon="140.1491839997470378875732421875">
        <ele>295.79998779296875</ele>
        <time>2025-10-23T02:16:11.000Z</time>
        <extensions>
          <ns3:TrackPointExtension>
            <ns3:hr>114</ns3:hr>
          </ns3:TrackPointExtension>
        </extensions>
      </trkpt>
      <trkpt lat="36.9838500581681728363037109375" lon="140.149242170155048370361328125">
        <ele>295.600006103515625</ele>
        <time>2025-10-23T02:16:15.000Z</time>
        <extensions>
          <ns3:TrackPointExtension>
            <ns3:hr>114</ns3:hr>
          </ns3:TrackPointExtension>
        </extensions>
      </trkpt>
      <trkpt lat="36.98385600931942462921142578125" lon="140.149290449917316436767578125">
        <ele>295.600006103515625</ele>
        <time>2025-10-23T02:16:18.000Z</time>
        <extensions>
          <ns3:TrackPointExtension>
            <ns3:hr>114</ns3:hr>
          </ns3:TrackPointExtension>
        </extensions>
      </trkpt>
      <trkpt lat="36.983879394829273223876953125" lon="140.1493969000875949859619140625">
        <ele>295.600006103515625</ele>
        <time>2025-10-23T02:16:26.000Z</time>
        <extensions>
          <ns3:TrackPointExtension>
            <ns3:hr>113</ns3:hr>
          </ns3:TrackPointExtension>
        </extensions>
      </trkpt>
      <trkpt lat="36.98389171622693538665771484375" lon="140.14942598529160022735595703125">
        <ele>295.399993896484375</ele>
        <time>2025-10-23T02:16:33.000Z</time>
        <extensions>
          <ns3:TrackPointExtension>
            <ns3:hr>111</ns3:hr>
          </ns3:TrackPointExtension>
        </extensions>
      </trkpt>
      <trkpt lat="36.98389825411140918731689453125" lon="140.14945079572498798370361328125">
        <ele>295.399993896484375</ele>
        <time>2025-10-23T02:16:42.000Z</time>
        <extensions>
          <ns3:TrackPointExtension>
            <ns3:hr>110</ns3:hr>
          </ns3:TrackPointExtension>
        </extensions>
      </trkpt>
      <trkpt lat="36.98390630073845386505126953125" lon="140.14949605800211429595947265625">
        <ele>295.399993896484375</ele>
        <time>2025-10-23T02:16:51.000Z</time>
        <extensions>
          <ns3:TrackPointExtension>
            <ns3:hr>108</ns3:hr>
          </ns3:TrackPointExtension>
        </extensions>
      </trkpt>
      <trkpt lat="36.9839208014309406280517578125" lon="140.1495340280234813690185546875">
        <ele>295.399993896484375</ele>
        <time>2025-10-23T02:16:59.000Z</time>
        <extensions>
          <ns3:TrackPointExtension>
            <ns3:hr>108</ns3:hr>
          </ns3:TrackPointExtension>
        </extensions>
      </trkpt>
      <trkpt lat="36.98391862213611602783203125" lon="140.14953914098441600799560546875">
        <ele>295.399993896484375</ele>
        <time>2025-10-23T02:17:07.000Z</time>
        <extensions>
          <ns3:TrackPointExtension>
            <ns3:hr>107</ns3:hr>
          </ns3:TrackPointExtension>
        </extensions>
      </trkpt>
      <trkpt lat="36.98394703678786754608154296875" lon="140.14955674298107624053955078125">
        <ele>295.20001220703125</ele>
        <time>2025-10-23T02:17:13.000Z</time>
        <extensions>
          <ns3:TrackPointExtension>
            <ns3:hr>107</ns3:hr>
          </ns3:TrackPointExtension>
        </extensions>
      </trkpt>
      <trkpt lat="36.983947455883026123046875" lon="140.14955624006688594818115234375">
        <ele>295.20001220703125</ele>
        <time>2025-10-23T02:17:19.000Z</time>
        <extensions>
          <ns3:TrackPointExtension>
            <ns3:hr>107</ns3:hr>
          </ns3:TrackPointExtension>
        </extensions>
      </trkpt>
      <trkpt lat="36.98395508341491222381591796875" lon="140.1496522128582000732421875">
        <ele>295.20001220703125</ele>
        <time>2025-10-23T02:17:31.000Z</time>
        <extensions>
          <ns3:TrackPointExtension>
            <ns3:hr>107</ns3:hr>
          </ns3:TrackPointExtension>
        </extensions>
      </trkpt>
      <trkpt lat="36.9839700870215892791748046875" lon="140.149759836494922637939453125">
        <ele>294.79998779296875</ele>
        <time>2025-10-23T02:17:38.000Z</time>
        <extensions>
          <ns3:TrackPointExtension>
            <ns3:hr>105</ns3:hr>
          </ns3:TrackPointExtension>
        </extensions>
      </trkpt>
      <trkpt lat="36.98398676700890064239501953125" lon="140.14984021894633769989013671875">
        <ele>294.399993896484375</ele>
        <time>2025-10-23T02:17:45.000Z</time>
        <extensions>
          <ns3:TrackPointExtension>
            <ns3:hr>102</ns3:hr>
          </ns3:TrackPointExtension>
        </extensions>
      </trkpt>
      <trkpt lat="36.98398835957050323486328125" lon="140.1498641073703765869140625">
        <ele>294.20001220703125</ele>
        <time>2025-10-23T02:17:47.000Z</time>
        <extensions>
          <ns3:TrackPointExtension>
            <ns3:hr>102</ns3:hr>
          </ns3:TrackPointExtension>
        </extensions>
      </trkpt>
      <trkpt lat="36.98399665765464305877685546875" lon="140.1499579846858978271484375">
        <ele>294</ele>
        <time>2025-10-23T02:17:55.000Z</time>
        <extensions>
          <ns3:TrackPointExtension>
            <ns3:hr>101</ns3:hr>
          </ns3:TrackPointExtension>
        </extensions>
      </trkpt>
      <trkpt lat="36.98399699293076992034912109375" lon="140.1499713957309722900390625">
        <ele>294</ele>
        <time>2025-10-23T02:17:56.000Z</time>
        <extensions>
          <ns3:TrackPointExtension>
            <ns3:hr>100</ns3:hr>
          </ns3:TrackPointExtension>
        </extensions>
      </trkpt>
      <trkpt lat="36.9840052910149097442626953125" lon="140.1500332541763782501220703125">
        <ele>294</ele>
        <time>2025-10-23T02:18:01.000Z</time>
        <extensions>
          <ns3:TrackPointExtension>
            <ns3:hr>101</ns3:hr>
          </ns3:TrackPointExtension>
        </extensions>
      </trkpt>
      <trkpt lat="36.98404057882726192474365234375" lon="140.15016342513263225555419921875">
        <ele>294.20001220703125</ele>
        <time>2025-10-23T02:18:10.000Z</time>
        <extensions>
          <ns3:TrackPointExtension>
            <ns3:hr>102</ns3:hr>
          </ns3:TrackPointExtension>
        </extensions>
      </trkpt>
      <trkpt lat="36.98409724049270153045654296875" lon="140.15030776150524616241455078125">
        <ele>294.79998779296875</ele>
        <time>2025-10-23T02:18:21.000Z</time>
        <extensions>
          <ns3:TrackPointExtension>
            <ns3:hr>104</ns3:hr>
          </ns3:TrackPointExtension>
        </extensions>
      </trkpt>
      <trkpt lat="36.9841189496219158172607421875" lon="140.15037012286484241485595703125">
        <ele>295</ele>
        <time>2025-10-23T02:18:26.000Z</time>
        <extensions>
          <ns3:TrackPointExtension>
            <ns3:hr>107</ns3:hr>
          </ns3:TrackPointExtension>
        </extensions>
      </trkpt>
      <trkpt lat="36.98412523604929447174072265625" lon="140.15038252808153629302978515625">
        <ele>295</ele>
        <time>2025-10-23T02:18:27.000Z</time>
        <extensions>
          <ns3:TrackPointExtension>
            <ns3:hr>105</ns3:hr>
          </ns3:TrackPointExtension>
        </extensions>
      </trkpt>
      <trkpt lat="36.98416379280388355255126953125" lon="140.15052351169288158416748046875">
        <ele>295.600006103515625</ele>
        <time>2025-10-23T02:18:37.000Z</time>
        <extensions>
          <ns3:TrackPointExtension>
            <ns3:hr>106</ns3:hr>
          </ns3:TrackPointExtension>
        </extensions>
      </trkpt>
      <trkpt lat="36.98419145308434963226318359375" lon="140.15060129575431346893310546875">
        <ele>295.600006103515625</ele>
        <time>2025-10-23T02:18:42.000Z</time>
        <extensions>
          <ns3:TrackPointExtension>
            <ns3:hr>103</ns3:hr>
          </ns3:TrackPointExtension>
        </extensions>
      </trkpt>
      <trkpt lat="36.984199583530426025390625" lon="140.15061445534229278564453125">
        <ele>295.600006103515625</ele>
        <time>2025-10-23T02:18:43.000Z</time>
        <extensions>
          <ns3:TrackPointExtension>
            <ns3:hr>106</ns3:hr>
          </ns3:TrackPointExtension>
        </extensions>
      </trkpt>
      <trkpt lat="36.98421073146164417266845703125" lon="140.15064203180372714996337890625">
        <ele>295.600006103515625</ele>
        <time>2025-10-23T02:18:45.000Z</time>
        <extensions>
          <ns3:TrackPointExtension>
            <ns3:hr>106</ns3:hr>
          </ns3:TrackPointExtension>
        </extensions>
      </trkpt>
      <trkpt lat="36.98426001705229282379150390625" lon="140.1507728733122348785400390625">
        <ele>296.20001220703125</ele>
        <time>2025-10-23T02:18:54.000Z</time>
        <extensions>
          <ns3:TrackPointExtension>
            <ns3:hr>107</ns3:hr>
          </ns3:TrackPointExtension>
        </extensions>
      </trkpt>
      <trkpt lat="36.984321288764476776123046875" lon="140.1509334705770015716552734375">
        <ele>296.20001220703125</ele>
        <time>2025-10-23T02:19:06.000Z</time>
        <extensions>
          <ns3:TrackPointExtension>
            <ns3:hr>110</ns3:hr>
          </ns3:TrackPointExtension>
        </extensions>
      </trkpt>
      <trkpt lat="36.98435825295746326446533203125" lon="140.15103229321539402008056640625">
        <ele>296.399993896484375</ele>
        <time>2025-10-23T02:19:13.000Z</time>
        <extensions>
          <ns3:TrackPointExtension>
            <ns3:hr>113</ns3:hr>
          </ns3:TrackPointExtension>
        </extensions>
      </trkpt>
      <trkpt lat="36.984380297362804412841796875" lon="140.15109934844076633453369140625">
        <ele>296.600006103515625</ele>
        <time>2025-10-23T02:19:18.000Z</time>
        <extensions>
          <ns3:TrackPointExtension>
            <ns3:hr>114</ns3:hr>
          </ns3:TrackPointExtension>
        </extensions>
      </trkpt>
      <trkpt lat="36.98441072367131710052490234375" lon="140.15117906033992767333984375">
        <ele>296.79998779296875</ele>
        <time>2025-10-23T02:19:24.000Z</time>
        <extensions>
          <ns3:TrackPointExtension>
            <ns3:hr>117</ns3:hr>
          </ns3:TrackPointExtension>
        </extensions>
      </trkpt>
      <trkpt lat="36.98443603701889514923095703125" lon="140.15126095153391361236572265625">
        <ele>297</ele>
        <time>2025-10-23T02:19:30.000Z</time>
        <extensions>
          <ns3:TrackPointExtension>
            <ns3:hr>116</ns3:hr>
          </ns3:TrackPointExtension>
        </extensions>
      </trkpt>
      <trkpt lat="36.98445363901555538177490234375" lon="140.1513156853616237640380859375">
        <ele>297</ele>
        <time>2025-10-23T02:19:34.000Z</time>
        <extensions>
          <ns3:TrackPointExtension>
            <ns3:hr>113</ns3:hr>
          </ns3:TrackPointExtension>
        </extensions>
      </trkpt>
      <trkpt lat="36.9844798743724822998046875" lon="140.15141014941036701202392578125">
        <ele>297.20001220703125</ele>
        <time>2025-10-23T02:19:41.000Z</time>
        <extensions>
          <ns3:TrackPointExtension>
            <ns3:hr>112</ns3:hr>
          </ns3:TrackPointExtension>
        </extensions>
      </trkpt>
      <trkpt lat="36.9845286570489406585693359375" lon="140.15156705863773822784423828125">
        <ele>297.600006103515625</ele>
        <time>2025-10-23T02:19:52.000Z</time>
        <extensions>
          <ns3:TrackPointExtension>
            <ns3:hr>115</ns3:hr>
          </ns3:TrackPointExtension>
        </extensions>
      </trkpt>
      <trkpt lat="36.98453695513308048248291015625" lon="140.15158130787312984466552734375">
        <ele>297.79998779296875</ele>
        <time>2025-10-23T02:19:53.000Z</time>
        <extensions>
          <ns3:TrackPointExtension>
            <ns3:hr>115</ns3:hr>
          </ns3:TrackPointExtension>
        </extensions>
      </trkpt>
      <trkpt lat="36.984589509665966033935546875" lon="140.1517069526016712188720703125">
        <ele>298.600006103515625</ele>
        <time>2025-10-23T02:20:02.000Z</time>
        <extensions>
          <ns3:TrackPointExtension>
            <ns3:hr>118</ns3:hr>
          </ns3:TrackPointExtension>
        </extensions>
      </trkpt>
      <trkpt lat="36.9845983944833278656005859375" lon="140.151729919016361236572265625">
        <ele>298.79998779296875</ele>
        <time>2025-10-23T02:20:04.000Z</time>
        <extensions>
          <ns3:TrackPointExtension>
            <ns3:hr>119</ns3:hr>
          </ns3:TrackPointExtension>
        </extensions>
      </trkpt>
      <trkpt lat="36.98467643000185489654541015625" lon="140.151894204318523406982421875">
        <ele>300.399993896484375</ele>
        <time>2025-10-23T02:20:15.000Z</time>
        <extensions>
          <ns3:TrackPointExtension>
            <ns3:hr>119</ns3:hr>
          </ns3:TrackPointExtension>
        </extensions>
      </trkpt>
      <trkpt lat="36.984762512147426605224609375" lon="140.1520392112433910369873046875">
        <ele>302.399993896484375</ele>
        <time>2025-10-23T02:20:24.000Z</time>
        <extensions>
          <ns3:TrackPointExtension>
            <ns3:hr>121</ns3:hr>
          </ns3:TrackPointExtension>
        </extensions>
      </trkpt>
      <trkpt lat="36.98479746468365192413330078125" lon="140.15208271332085132598876953125">
        <ele>303</ele>
        <time>2025-10-23T02:20:27.000Z</time>
        <extensions>
          <ns3:TrackPointExtension>
            <ns3:hr>124</ns3:hr>
          </ns3:TrackPointExtension>
        </extensions>
      </trkpt>
      <trkpt lat="36.9848247058689594268798828125" lon="140.15211406163871288299560546875">
        <ele>303.600006103515625</ele>
        <time>2025-10-23T02:20:29.000Z</time>
        <extensions>
          <ns3:TrackPointExtension>
            <ns3:hr>129</ns3:hr>
          </ns3:TrackPointExtension>
        </extensions>
      </trkpt>
      <trkpt lat="36.98484960012137889862060546875" lon="140.15214390121400356292724609375">
        <ele>304</ele>
        <time>2025-10-23T02:20:31.000Z</time>
        <extensions>
          <ns3:TrackPointExtension>
            <ns3:hr>132</ns3:hr>
          </ns3:TrackPointExtension>
        </extensions>
      </trkpt>
      <trkpt lat="36.98486141860485076904296875" lon="140.1521615870296955108642578125">
        <ele>304.20001220703125</ele>
        <time>2025-10-23T02:20:32.000Z</time>
        <extensions>
          <ns3:TrackPointExtension>
            <ns3:hr>136</ns3:hr>
          </ns3:TrackPointExtension>
        </extensions>
      </trkpt>
      <trkpt lat="36.9848753325641155242919921875" lon="140.15217818319797515869140625">
        <ele>304.20001220703125</ele>
        <time>2025-10-23T02:20:33.000Z</time>
        <extensions>
          <ns3:TrackPointExtension>
            <ns3:hr>135</ns3:hr>
          </ns3:TrackPointExtension>
        </extensions>
      </trkpt>
      <trkpt lat="36.9849148951470851898193359375" lon="140.1522179134190082550048828125">
        <ele>304.399993896484375</ele>
        <time>2025-10-23T02:20:36.000Z</time>
        <extensions>
          <ns3:TrackPointExtension>
            <ns3:hr>139</ns3:hr>
          </ns3:TrackPointExtension>
        </extensions>
      </trkpt>
      <trkpt lat="36.98497868143022060394287109375" lon="140.15226409770548343658447265625">
        <ele>304.399993896484375</ele>
        <time>2025-10-23T02:20:40.000Z</time>
        <extensions>
          <ns3:TrackPointExtension>
            <ns3:hr>142</ns3:hr>
          </ns3:TrackPointExtension>
        </extensions>
      </trkpt>
      <trkpt lat="36.98503484018146991729736328125" lon="140.152301229536533355712890625">
        <ele>304.600006103515625</ele>
        <time>2025-10-23T02:20:44.000Z</time>
        <extensions>
          <ns3:TrackPointExtension>
            <ns3:hr>145</ns3:hr>
          </ns3:TrackPointExtension>
        </extensions>
      </trkpt>
      <trkpt lat="36.98508362285792827606201171875" lon="140.15232830308377742767333984375">
        <ele>304.79998779296875</ele>
        <time>2025-10-23T02:20:47.000Z</time>
        <extensions>
          <ns3:TrackPointExtension>
            <ns3:hr>147</ns3:hr>
          </ns3:TrackPointExtension>
        </extensions>
      </trkpt>
      <trkpt lat="36.98513508774340152740478515625" lon="140.152373649179935455322265625">
        <ele>304.79998779296875</ele>
        <time>2025-10-23T02:20:51.000Z</time>
        <extensions>
          <ns3:TrackPointExtension>
            <ns3:hr>150</ns3:hr>
          </ns3:TrackPointExtension>
        </extensions>
      </trkpt>
      <trkpt lat="36.9851852953433990478515625" lon="140.15239301137626171112060546875">
        <ele>304.399993896484375</ele>
        <time>2025-10-23T02:20:54.000Z</time>
        <extensions>
          <ns3:TrackPointExtension>
            <ns3:hr>151</ns3:hr>
          </ns3:TrackPointExtension>
        </extensions>
      </trkpt>
      <trkpt lat="36.98536072857677936553955078125" lon="140.152474232017993927001953125">
        <ele>302.399993896484375</ele>
        <time>2025-10-23T02:21:04.000Z</time>
        <extensions>
          <ns3:TrackPointExtension>
            <ns3:hr>154</ns3:hr>
          </ns3:TrackPointExtension>
        </extensions>
      </trkpt>
      <trkpt lat="36.98551009409129619598388671875" lon="140.15254103578627109527587890625">
        <ele>300.399993896484375</ele>
        <time>2025-10-23T02:21:13.000Z</time>
        <extensions>
          <ns3:TrackPointExtension>
            <ns3:hr>154</ns3:hr>
          </ns3:TrackPointExtension>
        </extensions>
      </trkpt>
      <trkpt lat="36.98564328253269195556640625" lon="140.1525749824941158294677734375">
        <ele>298.600006103515625</ele>
        <time>2025-10-23T02:21:21.000Z</time>
        <extensions>
          <ns3:TrackPointExtension>
            <ns3:hr>155</ns3:hr>
          </ns3:TrackPointExtension>
        </extensions>
      </trkpt>
      <trkpt lat="36.9858030416071414947509765625" lon="140.15261881984770298004150390625">
        <ele>296</ele>
        <time>2025-10-23T02:21:30.000Z</time>
        <extensions>
          <ns3:TrackPointExtension>
            <ns3:hr>157</ns3:hr>
          </ns3:TrackPointExtension>
        </extensions>
      </trkpt>
      <trkpt lat="36.985951401293277740478515625" lon="140.15268352814018726348876953125">
        <ele>293.399993896484375</ele>
        <time>2025-10-23T02:21:38.000Z</time>
        <extensions>
          <ns3:TrackPointExtension>
            <ns3:hr>157</ns3:hr>
          </ns3:TrackPointExtension>
        </extensions>
      </trkpt>
      <trkpt lat="36.98606036603450775146484375" lon="140.152737088501453399658203125">
        <ele>291.20001220703125</ele>
        <time>2025-10-23T02:21:44.000Z</time>
        <extensions>
          <ns3:TrackPointExtension>
            <ns3:hr>155</ns3:hr>
          </ns3:TrackPointExtension>
        </extensions>
      </trkpt>
      <trkpt lat="36.98609900660812854766845703125" lon="140.152735412120819091796875">
        <ele>290.399993896484375</ele>
        <time>2025-10-23T02:21:46.000Z</time>
        <extensions>
          <ns3:TrackPointExtension>
            <ns3:hr>155</ns3:hr>
          </ns3:TrackPointExtension>
        </extensions>
      </trkpt>
      <trkpt lat="36.98623194359242916107177734375" lon="140.15278545208275318145751953125">
        <ele>287.600006103515625</ele>
        <time>2025-10-23T02:21:54.000Z</time>
        <extensions>
          <ns3:TrackPointExtension>
            <ns3:hr>155</ns3:hr>
          </ns3:TrackPointExtension>
        </extensions>
      </trkpt>
      <trkpt lat="36.98636353947222232818603515625" lon="140.15291252173483371734619140625">
        <ele>285.20001220703125</ele>
        <time>2025-10-23T02:22:03.000Z</time>
        <extensions>
          <ns3:TrackPointExtension>
            <ns3:hr>156</ns3:hr>
          </ns3:TrackPointExtension>
        </extensions>
      </trkpt>
      <trkpt lat="36.98647434823215007781982421875" lon="140.15294252894818782806396484375">
        <ele>283</ele>
        <time>2025-10-23T02:22:10.000Z</time>
        <extensions>
          <ns3:TrackPointExtension>
            <ns3:hr>155</ns3:hr>
          </ns3:TrackPointExtension>
        </extensions>
      </trkpt>
      <trkpt lat="36.9866030104458332061767578125" lon="140.152977816760540008544921875">
        <ele>281</ele>
        <time>2025-10-23T02:22:18.000Z</time>
        <extensions>
          <ns3:TrackPointExtension>
            <ns3:hr>158</ns3:hr>
          </ns3:TrackPointExtension>
        </extensions>
      </trkpt>
      <trkpt lat="36.9866365380585193634033203125" lon="140.15299734659492969512939453125">
        <ele>280.399993896484375</ele>
        <time>2025-10-23T02:22:20.000Z</time>
        <extensions>
          <ns3:TrackPointExtension>
            <ns3:hr>158</ns3:hr>
          </ns3:TrackPointExtension>
        </extensions>
      </trkpt>
      <trkpt lat="36.98674793355166912078857421875" lon="140.15310061164200305938720703125">
        <ele>278</ele>
        <time>2025-10-23T02:22:28.000Z</time>
        <extensions>
          <ns3:TrackPointExtension>
            <ns3:hr>158</ns3:hr>
          </ns3:TrackPointExtension>
        </extensions>
      </trkpt>
      <trkpt lat="36.98687265627086162567138671875" lon="140.15322281979024410247802734375">
        <ele>275.79998779296875</ele>
        <time>2025-10-23T02:22:37.000Z</time>
        <extensions>
          <ns3:TrackPointExtension>
            <ns3:hr>159</ns3:hr>
          </ns3:TrackPointExtension>
        </extensions>
      </trkpt>
      <trkpt lat="36.9868973828852176666259765625" lon="140.15325785614550113677978515625">
        <ele>275.20001220703125</ele>
        <time>2025-10-23T02:22:39.000Z</time>
        <extensions>
          <ns3:TrackPointExtension>
            <ns3:hr>157</ns3:hr>
          </ns3:TrackPointExtension>
        </extensions>
      </trkpt>
      <trkpt lat="36.98695647530257701873779296875" lon="140.15332088805735111236572265625">
        <ele>274</ele>
        <time>2025-10-23T02:22:44.000Z</time>
        <extensions>
          <ns3:TrackPointExtension>
            <ns3:hr>158</ns3:hr>
          </ns3:TrackPointExtension>
        </extensions>
      </trkpt>
      <trkpt lat="36.9870398752391338348388671875" lon="140.15342381782829761505126953125">
        <ele>271.79998779296875</ele>
        <time>2025-10-23T02:22:51.000Z</time>
        <extensions>
          <ns3:TrackPointExtension>
            <ns3:hr>158</ns3:hr>
          </ns3:TrackPointExtension>
        </extensions>
      </trkpt>
      <trkpt lat="36.987159065902233123779296875" lon="140.15360436402261257171630859375">
        <ele>269.600006103515625</ele>
        <time>2025-10-23T02:23:01.000Z</time>
        <extensions>
          <ns3:TrackPointExtension>
            <ns3:hr>159</ns3:hr>
          </ns3:TrackPointExtension>
        </extensions>
      </trkpt>
      <trkpt lat="36.98728404007852077484130859375" lon="140.15378021635115146636962890625">
        <ele>269</ele>
        <time>2025-10-23T02:23:11.000Z</time>
        <extensions>
          <ns3:TrackPointExtension>
            <ns3:hr>160</ns3:hr>
          </ns3:TrackPointExtension>
        </extensions>
      </trkpt>
      <trkpt lat="36.98731027543544769287109375" lon="140.15383587218821048736572265625">
        <ele>268.600006103515625</ele>
        <time>2025-10-23T02:23:14.000Z</time>
        <extensions>
          <ns3:TrackPointExtension>
            <ns3:hr>160</ns3:hr>
          </ns3:TrackPointExtension>
        </extensions>
      </trkpt>
      <trkpt lat="36.9873342476785182952880859375" lon="140.15389102511107921600341796875">
        <ele>268</ele>
        <time>2025-10-23T02:23:18.000Z</time>
        <extensions>
          <ns3:TrackPointExtension>
            <ns3:hr>161</ns3:hr>
          </ns3:TrackPointExtension>
        </extensions>
      </trkpt>
      <trkpt lat="36.987402476370334625244140625" lon="140.15402748249471187591552734375">
        <ele>266.399993896484375</ele>
        <time>2025-10-23T02:23:25.000Z</time>
        <extensions>
          <ns3:TrackPointExtension>
            <ns3:hr>159</ns3:hr>
          </ns3:TrackPointExtension>
        </extensions>
      </trkpt>
      <trkpt lat="36.98749132454395294189453125" lon="140.1541672088205814361572265625">
        <ele>265</ele>
        <time>2025-10-23T02:23:33.000Z</time>
        <extensions>
          <ns3:TrackPointExtension>
            <ns3:hr>159</ns3:hr>
          </ns3:TrackPointExtension>
        </extensions>
      </trkpt>
      <trkpt lat="36.9875672645866870880126953125" lon="140.15427558682858943939208984375">
        <ele>263.79998779296875</ele>
        <time>2025-10-23T02:23:40.000Z</time>
        <extensions>
          <ns3:TrackPointExtension>
            <ns3:hr>157</ns3:hr>
          </ns3:TrackPointExtension>
        </extensions>
      </trkpt>
      <trkpt lat="36.9876530952751636505126953125" lon="140.1544104516506195068359375">
        <ele>262.399993896484375</ele>
        <time>2025-10-23T02:23:47.000Z</time>
        <extensions>
          <ns3:TrackPointExtension>
            <ns3:hr>159</ns3:hr>
          </ns3:TrackPointExtension>
        </extensions>
      </trkpt>
      <trkpt lat="36.98766759596765041351318359375" lon="140.1544444821774959564208984375">
        <ele>262.20001220703125</ele>
        <time>2025-10-23T02:23:49.000Z</time>
        <extensions>
          <ns3:TrackPointExtension>
            <ns3:hr>160</ns3:hr>
          </ns3:TrackPointExtension>
        </extensions>
      </trkpt>
      <trkpt lat="36.9876963458955287933349609375" lon="140.15452402643859386444091796875">
        <ele>261.600006103515625</ele>
        <time>2025-10-23T02:23:53.000Z</time>
        <extensions>
          <ns3:TrackPointExtension>
            <ns3:hr>162</ns3:hr>
          </ns3:TrackPointExtension>
        </extensions>
      </trkpt>
      <trkpt lat="36.98774722404778003692626953125" lon="140.154704488813877105712890625">
        <ele>260.399993896484375</ele>
        <time>2025-10-23T02:24:02.000Z</time>
        <extensions>
          <ns3:TrackPointExtension>
            <ns3:hr>164</ns3:hr>
          </ns3:TrackPointExtension>
        </extensions>
      </trkpt>
      <trkpt lat="36.9877872057259082794189453125" lon="140.15486164949834346771240234375">
        <ele>259.600006103515625</ele>
        <time>2025-10-23T02:24:10.000Z</time>
        <extensions>
          <ns3:TrackPointExtension>
            <ns3:hr>163</ns3:hr>
          </ns3:TrackPointExtension>
        </extensions>
      </trkpt>
      <trkpt lat="36.987836658954620361328125" lon="140.1550878770649433135986328125">
        <ele>259.20001220703125</ele>
        <time>2025-10-23T02:24:21.000Z</time>
        <extensions>
          <ns3:TrackPointExtension>
            <ns3:hr>164</ns3:hr>
          </ns3:TrackPointExtension>
        </extensions>
      </trkpt>
      <trkpt lat="36.98783867061138153076171875" lon="140.1551086641848087310791015625">
        <ele>259.20001220703125</ele>
        <time>2025-10-23T02:24:22.000Z</time>
        <extensions>
          <ns3:TrackPointExtension>
            <ns3:hr>162</ns3:hr>
          </ns3:TrackPointExtension>
        </extensions>
      </trkpt>
      <trkpt lat="36.9878388382494449615478515625" lon="140.15529893338680267333984375">
        <ele>258.79998779296875</ele>
        <time>2025-10-23T02:24:31.000Z</time>
        <extensions>
          <ns3:TrackPointExtension>
            <ns3:hr>163</ns3:hr>
          </ns3:TrackPointExtension>
        </extensions>
      </trkpt>
      <trkpt lat="36.98782484047114849090576171875" lon="140.155446119606494903564453125">
        <ele>258</ele>
        <time>2025-10-23T02:24:38.000Z</time>
        <extensions>
          <ns3:TrackPointExtension>
            <ns3:hr>164</ns3:hr>
          </ns3:TrackPointExtension>
        </extensions>
      </trkpt>
      <trkpt lat="36.9877989403903484344482421875" lon="140.1555897854268550872802734375">
        <ele>257</ele>
        <time>2025-10-23T02:24:45.000Z</time>
        <extensions>
          <ns3:TrackPointExtension>
            <ns3:hr>164</ns3:hr>
          </ns3:TrackPointExtension>
        </extensions>
      </trkpt>
      <trkpt lat="36.98779466561973094940185546875" lon="140.1557274162769317626953125">
        <ele>255.600006103515625</ele>
        <time>2025-10-23T02:24:51.000Z</time>
        <extensions>
          <ns3:TrackPointExtension>
            <ns3:hr>161</ns3:hr>
          </ns3:TrackPointExtension>
        </extensions>
      </trkpt>
      <trkpt lat="36.98778779245913028717041015625" lon="140.15577460639178752899169921875">
        <ele>255.1999969482421875</ele>
        <time>2025-10-23T02:24:53.000Z</time>
        <extensions>
          <ns3:TrackPointExtension>
            <ns3:hr>160</ns3:hr>
          </ns3:TrackPointExtension>
        </extensions>
      </trkpt>
      <trkpt lat="36.98774839751422405242919921875" lon="140.15598247759044170379638671875">
        <ele>253.600006103515625</ele>
        <time>2025-10-23T02:25:02.000Z</time>
        <extensions>
          <ns3:TrackPointExtension>
            <ns3:hr>159</ns3:hr>
          </ns3:TrackPointExtension>
        </extensions>
      </trkpt>
      <trkpt lat="36.98770321905612945556640625" lon="140.156148858368396759033203125">
        <ele>252.8000030517578125</ele>
        <time>2025-10-23T02:25:10.000Z</time>
        <extensions>
          <ns3:TrackPointExtension>
            <ns3:hr>160</ns3:hr>
          </ns3:TrackPointExtension>
        </extensions>
      </trkpt>
      <trkpt lat="36.9876460544764995574951171875" lon="140.15636402182281017303466796875">
        <ele>251.8000030517578125</ele>
        <time>2025-10-23T02:25:21.000Z</time>
        <extensions>
          <ns3:TrackPointExtension>
            <ns3:hr>159</ns3:hr>
          </ns3:TrackPointExtension>
        </extensions>
      </trkpt>
      <trkpt lat="36.987586207687854766845703125" lon="140.1565956138074398040771484375">
        <ele>250.8000030517578125</ele>
        <time>2025-10-23T02:25:32.000Z</time>
        <extensions>
          <ns3:TrackPointExtension>
            <ns3:hr>159</ns3:hr>
          </ns3:TrackPointExtension>
        </extensions>
      </trkpt>
      <trkpt lat="36.98752393014729022979736328125" lon="140.1568246074020862579345703125">
        <ele>250</ele>
        <time>2025-10-23T02:25:43.000Z</time>
        <extensions>
          <ns3:TrackPointExtension>
            <ns3:hr>160</ns3:hr>
          </ns3:TrackPointExtension>
        </extensions>
      </trkpt>
      <trkpt lat="36.98745452798902988433837890625" lon="140.15696835704147815704345703125">
        <ele>250.399993896484375</ele>
        <time>2025-10-23T02:25:52.000Z</time>
        <extensions>
          <ns3:TrackPointExtension>
            <ns3:hr>161</ns3:hr>
          </ns3:TrackPointExtension>
        </extensions>
      </trkpt>
      <trkpt lat="36.9874222576618194580078125" lon="140.1570978574454784393310546875">
        <ele>250.1999969482421875</ele>
        <time>2025-10-23T02:25:59.000Z</time>
        <extensions>
          <ns3:TrackPointExtension>
            <ns3:hr>161</ns3:hr>
          </ns3:TrackPointExtension>
        </extensions>
      </trkpt>
      <trkpt lat="36.987392418086528778076171875" lon="140.15731486491858959197998046875">
        <ele>250.600006103515625</ele>
        <time>2025-10-23T02:26:10.000Z</time>
        <extensions>
          <ns3:TrackPointExtension>
            <ns3:hr>162</ns3:hr>
          </ns3:TrackPointExtension>
        </extensions>
      </trkpt>
      <trkpt lat="36.98737188242375850677490234375" lon="140.1574555970728397369384765625">
        <ele>251</ele>
        <time>2025-10-23T02:26:17.000Z</time>
        <extensions>
          <ns3:TrackPointExtension>
            <ns3:hr>161</ns3:hr>
          </ns3:TrackPointExtension>
        </extensions>
      </trkpt>
      <trkpt lat="36.98733399622142314910888671875" lon="140.15763924457132816314697265625">
        <ele>251</ele>
        <time>2025-10-23T02:26:26.000Z</time>
        <extensions>
          <ns3:TrackPointExtension>
            <ns3:hr>162</ns3:hr>
          </ns3:TrackPointExtension>
        </extensions>
      </trkpt>
      <trkpt lat="36.9872883148491382598876953125" lon="140.15784275718033313751220703125">
        <ele>251.1999969482421875</ele>
        <time>2025-10-23T02:26:36.000Z</time>
        <extensions>
          <ns3:TrackPointExtension>
            <ns3:hr>162</ns3:hr>
          </ns3:TrackPointExtension>
        </extensions>
      </trkpt>
      <trkpt lat="36.98722687549889087677001953125" lon="140.1580664701759815216064453125">
        <ele>251.399993896484375</ele>
        <time>2025-10-23T02:26:47.000Z</time>
        <extensions>
          <ns3:TrackPointExtension>
            <ns3:hr>163</ns3:hr>
          </ns3:TrackPointExtension>
        </extensions>
      </trkpt>
      <trkpt lat="36.9872210919857025146484375" lon="140.15808465890586376190185546875">
        <ele>251.399993896484375</ele>
        <time>2025-10-23T02:26:48.000Z</time>
        <extensions>
          <ns3:TrackPointExtension>
            <ns3:hr>163</ns3:hr>
          </ns3:TrackPointExtension>
        </extensions>
      </trkpt>
      <trkpt lat="36.987198628485202789306640625" lon="140.1581559889018535614013671875">
        <ele>251.600006103515625</ele>
        <time>2025-10-23T02:26:53.000Z</time>
        <extensions>
          <ns3:TrackPointExtension>
            <ns3:hr>161</ns3:hr>
          </ns3:TrackPointExtension>
        </extensions>
      </trkpt>
      <trkpt lat="36.98717725463211536407470703125" lon="140.15822161920368671417236328125">
        <ele>251.600006103515625</ele>
        <time>2025-10-23T02:26:56.000Z</time>
        <extensions>
          <ns3:TrackPointExtension>
            <ns3:hr>158</ns3:hr>
          </ns3:TrackPointExtension>
        </extensions>
      </trkpt>
      <trkpt lat="36.98716820217669010162353515625" lon="140.15826939605176448822021484375">
        <ele>251.8000030517578125</ele>
        <time>2025-10-23T02:26:58.000Z</time>
        <extensions>
          <ns3:TrackPointExtension>
            <ns3:hr>154</ns3:hr>
          </ns3:TrackPointExtension>
        </extensions>
      </trkpt>
      <trkpt lat="36.98714976198971271514892578125" lon="140.158330835402011871337890625">
        <ele>252</ele>
        <time>2025-10-23T02:27:01.000Z</time>
        <extensions>
          <ns3:TrackPointExtension>
            <ns3:hr>148</ns3:hr>
          </ns3:TrackPointExtension>
        </extensions>
      </trkpt>
      <trkpt lat="36.98714322410523891448974609375" lon="140.15835204161703586578369140625">
        <ele>252.1999969482421875</ele>
        <time>2025-10-23T02:27:02.000Z</time>
        <extensions>
          <ns3:TrackPointExtension>
            <ns3:hr>148</ns3:hr>
          </ns3:TrackPointExtension>
        </extensions>
      </trkpt>
      <trkpt lat="36.98712931014597415924072265625" lon="140.1583923585712909698486328125">
        <ele>252.399993896484375</ele>
        <time>2025-10-23T02:27:04.000Z</time>
        <extensions>
          <ns3:TrackPointExtension>
            <ns3:hr>144</ns3:hr>
          </ns3:TrackPointExtension>
        </extensions>
      </trkpt>
      <trkpt lat="36.98712361045181751251220703125" lon="140.15841121785342693328857421875">
        <ele>252.399993896484375</ele>
        <time>2025-10-23T02:27:05.000Z</time>
        <extensions>
          <ns3:TrackPointExtension>
            <ns3:hr>141</ns3:hr>
          </ns3:TrackPointExtension>
        </extensions>
      </trkpt>
      <trkpt lat="36.9871112890541553497314453125" lon="140.1584738306701183319091796875">
        <ele>252.8000030517578125</ele>
        <time>2025-10-23T02:27:08.000Z</time>
        <extensions>
          <ns3:TrackPointExtension>
            <ns3:hr>138</ns3:hr>
          </ns3:TrackPointExtension>
        </extensions>
      </trkpt>
      <trkpt lat="36.98707750998437404632568359375" lon="140.158596374094486236572265625">
        <ele>253</ele>
        <time>2025-10-23T02:27:14.000Z</time>
        <extensions>
          <ns3:TrackPointExtension>
            <ns3:hr>137</ns3:hr>
          </ns3:TrackPointExtension>
        </extensions>
      </trkpt>
      <trkpt lat="36.98701146058738231658935546875" lon="140.1588173210620880126953125">
        <ele>253</ele>
        <time>2025-10-23T02:27:25.000Z</time>
        <extensions>
          <ns3:TrackPointExtension>
            <ns3:hr>137</ns3:hr>
          </ns3:TrackPointExtension>
        </extensions>
      </trkpt>
      <trkpt lat="36.9869557209312915802001953125" lon="140.15904790721833705902099609375">
        <ele>253</ele>
        <time>2025-10-23T02:27:36.000Z</time>
        <extensions>
          <ns3:TrackPointExtension>
            <ns3:hr>138</ns3:hr>
          </ns3:TrackPointExtension>
        </extensions>
      </trkpt>
      <trkpt lat="36.98695354163646697998046875" lon="140.15907037071883678436279296875">
        <ele>253</ele>
        <time>2025-10-23T02:27:37.000Z</time>
        <extensions>
          <ns3:TrackPointExtension>
            <ns3:hr>138</ns3:hr>
          </ns3:TrackPointExtension>
        </extensions>
      </trkpt>
      <trkpt lat="36.986907608807086944580078125" lon="140.159304141998291015625">
        <ele>252.600006103515625</ele>
        <time>2025-10-23T02:27:48.000Z</time>
        <extensions>
          <ns3:TrackPointExtension>
            <ns3:hr>139</ns3:hr>
          </ns3:TrackPointExtension>
        </extensions>
      </trkpt>
      <trkpt lat="36.986897885799407958984375" lon="140.15934504568576812744140625">
        <ele>252.399993896484375</ele>
        <time>2025-10-23T02:27:50.000Z</time>
        <extensions>
          <ns3:TrackPointExtension>
            <ns3:hr>139</ns3:hr>
          </ns3:TrackPointExtension>
        </extensions>
      </trkpt>
      <trkpt lat="36.98685673065483570098876953125" lon="140.15951176173985004425048828125">
        <ele>251.600006103515625</ele>
        <time>2025-10-23T02:27:58.000Z</time>
        <extensions>
          <ns3:TrackPointExtension>
            <ns3:hr>139</ns3:hr>
          </ns3:TrackPointExtension>
        </extensions>
      </trkpt>
      <trkpt lat="36.98687282390892505645751953125" lon="140.1597009412944316864013671875">
        <ele>251</ele>
        <time>2025-10-23T02:28:07.000Z</time>
        <extensions>
          <ns3:TrackPointExtension>
            <ns3:hr>139</ns3:hr>
          </ns3:TrackPointExtension>
        </extensions>
      </trkpt>
      <trkpt lat="36.9868467561900615692138671875" lon="140.15984569676220417022705078125">
        <ele>251</ele>
        <time>2025-10-23T02:28:14.000Z</time>
        <extensions>
          <ns3:TrackPointExtension>
            <ns3:hr>140</ns3:hr>
          </ns3:TrackPointExtension>
        </extensions>
      </trkpt>
      <trkpt lat="36.986782550811767578125" lon="140.15989632345736026763916015625">
        <ele>251</ele>
        <time>2025-10-23T02:28:19.000Z</time>
        <extensions>
          <ns3:TrackPointExtension>
            <ns3:hr>139</ns3:hr>
          </ns3:TrackPointExtension>
        </extensions>
      </trkpt>
      <trkpt lat="36.9867035932838916778564453125" lon="140.159995146095752716064453125">
        <ele>251</ele>
        <time>2025-10-23T02:28:26.000Z</time>
        <extensions>
          <ns3:TrackPointExtension>
            <ns3:hr>139</ns3:hr>
          </ns3:TrackPointExtension>
        </extensions>
      </trkpt>
      <trkpt lat="36.9866449199616909027099609375" lon="140.16017208807170391082763671875">
        <ele>252</ele>
        <time>2025-10-23T02:28:35.000Z</time>
        <extensions>
          <ns3:TrackPointExtension>
            <ns3:hr>138</ns3:hr>
          </ns3:TrackPointExtension>
        </extensions>
      </trkpt>
      <trkpt lat="36.98656269349157810211181640625" lon="140.16028054989874362945556640625">
        <ele>252.399993896484375</ele>
        <time>2025-10-23T02:28:42.000Z</time>
        <extensions>
          <ns3:TrackPointExtension>
            <ns3:hr>136</ns3:hr>
          </ns3:TrackPointExtension>
        </extensions>
      </trkpt>
      <trkpt lat="36.9865456782281398773193359375" lon="140.160336457192897796630859375">
        <ele>252.600006103515625</ele>
        <time>2025-10-23T02:28:46.000Z</time>
        <extensions>
          <ns3:TrackPointExtension>
            <ns3:hr>135</ns3:hr>
          </ns3:TrackPointExtension>
        </extensions>
      </trkpt>
      <trkpt lat="36.986553557217121124267578125" lon="140.16034961678087711334228515625">
        <ele>252.600006103515625</ele>
        <time>2025-10-23T02:28:48.000Z</time>
        <extensions>
          <ns3:TrackPointExtension>
            <ns3:hr>134</ns3:hr>
          </ns3:TrackPointExtension>
        </extensions>
      </trkpt>
      <trkpt lat="36.9865624420344829559326171875" lon="140.160364620387554168701171875">
        <ele>252.600006103515625</ele>
        <time>2025-10-23T02:28:50.000Z</time>
        <extensions>
          <ns3:TrackPointExtension>
            <ns3:hr>134</ns3:hr>
          </ns3:TrackPointExtension>
        </extensions>
      </trkpt>
      <trkpt lat="36.986537463963031768798828125" lon="140.16042036004364490509033203125">
        <ele>252.8000030517578125</ele>
        <time>2025-10-23T02:28:54.000Z</time>
        <extensions>
          <ns3:TrackPointExtension>
            <ns3:hr>132</ns3:hr>
          </ns3:TrackPointExtension>
        </extensions>
      </trkpt>
      <trkpt lat="36.98648759163916110992431640625" lon="140.1605808734893798828125">
        <ele>253.8000030517578125</ele>
        <time>2025-10-23T02:29:02.000Z</time>
        <extensions>
          <ns3:TrackPointExtension>
            <ns3:hr>132</ns3:hr>
          </ns3:TrackPointExtension>
        </extensions>
      </trkpt>
      <trkpt lat="36.986484825611114501953125" lon="140.16066812910139560699462890625">
        <ele>254.399993896484375</ele>
        <time>2025-10-23T02:29:06.000Z</time>
        <extensions>
          <ns3:TrackPointExtension>
            <ns3:hr>129</ns3:hr>
          </ns3:TrackPointExtension>
        </extensions>
      </trkpt>
      <trkpt lat="36.98649195022881031036376953125" lon="140.16070517711341381072998046875">
        <ele>254.8000030517578125</ele>
        <time>2025-10-23T02:29:08.000Z</time>
        <extensions>
          <ns3:TrackPointExtension>
            <ns3:hr>132</ns3:hr>
          </ns3:TrackPointExtension>
        </extensions>
      </trkpt>
      <trkpt lat="36.98650888167321681976318359375" lon="140.160740129649639129638671875">
        <ele>255</ele>
        <time>2025-10-23T02:29:10.000Z</time>
        <extensions>
          <ns3:TrackPointExtension>
            <ns3:hr>132</ns3:hr>
          </ns3:TrackPointExtension>
        </extensions>
      </trkpt>
      <trkpt lat="36.986595802009105682373046875" lon="140.1608750782907009124755859375">
        <ele>255.8000030517578125</ele>
        <time>2025-10-23T02:29:20.000Z</time>
        <extensions>
          <ns3:TrackPointExtension>
            <ns3:hr>133</ns3:hr>
          </ns3:TrackPointExtension>
        </extensions>
      </trkpt>
      <trkpt lat="36.98669596575200557708740234375" lon="140.16096535138785839080810546875">
        <ele>256</ele>
        <time>2025-10-23T02:29:29.000Z</time>
        <extensions>
          <ns3:TrackPointExtension>
            <ns3:hr>131</ns3:hr>
          </ns3:TrackPointExtension>
        </extensions>
      </trkpt>
      <trkpt lat="36.98685622774064540863037109375" lon="140.16105285845696926116943359375">
        <ele>255.8000030517578125</ele>
        <time>2025-10-23T02:29:39.000Z</time>
        <extensions>
          <ns3:TrackPointExtension>
            <ns3:hr>129</ns3:hr>
          </ns3:TrackPointExtension>
        </extensions>
      </trkpt>
      <trkpt lat="36.986967623233795166015625" lon="140.16111555509269237518310546875">
        <ele>255.1999969482421875</ele>
        <time>2025-10-23T02:29:47.000Z</time>
        <extensions>
          <ns3:TrackPointExtension>
            <ns3:hr>129</ns3:hr>
          </ns3:TrackPointExtension>
        </extensions>
      </trkpt>
      <trkpt lat="36.9870868138968944549560546875" lon="140.1611976139247417449951171875">
        <ele>254.600006103515625</ele>
        <time>2025-10-23T02:29:56.000Z</time>
        <extensions>
          <ns3:TrackPointExtension>
            <ns3:hr>130</ns3:hr>
          </ns3:TrackPointExtension>
        </extensions>
      </trkpt>
      <trkpt lat="36.987218074500560760498046875" lon="140.1612851209938526153564453125">
        <ele>254</ele>
        <time>2025-10-23T02:30:06.000Z</time>
        <extensions>
          <ns3:TrackPointExtension>
            <ns3:hr>132</ns3:hr>
          </ns3:TrackPointExtension>
        </extensions>
      </trkpt>
      <trkpt lat="36.98730097152292728424072265625" lon="140.1613595522940158843994140625">
        <ele>254.1999969482421875</ele>
        <time>2025-10-23T02:30:13.000Z</time>
        <extensions>
          <ns3:TrackPointExtension>
            <ns3:hr>133</ns3:hr>
          </ns3:TrackPointExtension>
        </extensions>
      </trkpt>
      <trkpt lat="36.987401805818080902099609375" lon="140.16144697554409503936767578125">
        <ele>254.399993896484375</ele>
        <time>2025-10-23T02:30:21.000Z</time>
        <extensions>
          <ns3:TrackPointExtension>
            <ns3:hr>134</ns3:hr>
          </ns3:TrackPointExtension>
        </extensions>
      </trkpt>
      <trkpt lat="36.98748302645981311798095703125" lon="140.1615504920482635498046875">
        <ele>254.8000030517578125</ele>
        <time>2025-10-23T02:30:30.000Z</time>
        <extensions>
          <ns3:TrackPointExtension>
            <ns3:hr>133</ns3:hr>
          </ns3:TrackPointExtension>
        </extensions>
      </trkpt>
      <trkpt lat="36.98751621879637241363525390625" lon="140.16159349121153354644775390625">
        <ele>255.1999969482421875</ele>
        <time>2025-10-23T02:30:33.000Z</time>
        <extensions>
          <ns3:TrackPointExtension>
            <ns3:hr>132</ns3:hr>
          </ns3:TrackPointExtension>
        </extensions>
      </trkpt>
      <trkpt lat="36.98752057738602161407470703125" lon="140.1616525836288928985595703125">
        <ele>256</ele>
        <time>2025-10-23T02:30:36.000Z</time>
        <extensions>
          <ns3:TrackPointExtension>
            <ns3:hr>134</ns3:hr>
          </ns3:TrackPointExtension>
        </extensions>
      </trkpt>
      <trkpt lat="36.98751303367316722869873046875" lon="140.161803625524044036865234375">
        <ele>258</ele>
        <time>2025-10-23T02:30:43.000Z</time>
        <extensions>
          <ns3:TrackPointExtension>
            <ns3:hr>133</ns3:hr>
          </ns3:TrackPointExtension>
        </extensions>
      </trkpt>
      <trkpt lat="36.9875176437199115753173828125" lon="140.1618205569684505462646484375">
        <ele>258.20001220703125</ele>
        <time>2025-10-23T02:30:44.000Z</time>
        <extensions>
          <ns3:TrackPointExtension>
            <ns3:hr>133</ns3:hr>
          </ns3:TrackPointExtension>
        </extensions>
      </trkpt>
      <trkpt lat="36.98753516189754009246826171875" lon="140.16186540015041828155517578125">
        <ele>258.79998779296875</ele>
        <time>2025-10-23T02:30:47.000Z</time>
        <extensions>
          <ns3:TrackPointExtension>
            <ns3:hr>130</ns3:hr>
          </ns3:TrackPointExtension>
        </extensions>
      </trkpt>
      <trkpt lat="36.987552009522914886474609375" lon="140.1618953235447406768798828125">
        <ele>259.399993896484375</ele>
        <time>2025-10-23T02:30:49.000Z</time>
        <extensions>
          <ns3:TrackPointExtension>
            <ns3:hr>133</ns3:hr>
          </ns3:TrackPointExtension>
        </extensions>
      </trkpt>
      <trkpt lat="36.987560056149959564208984375" lon="140.1619107462465763092041015625">
        <ele>259.79998779296875</ele>
        <time>2025-10-23T02:30:50.000Z</time>
        <extensions>
          <ns3:TrackPointExtension>
            <ns3:hr>130</ns3:hr>
          </ns3:TrackPointExtension>
        </extensions>
      </trkpt>
      <trkpt lat="36.98757187463343143463134765625" lon="140.16192734241485595703125">
        <ele>260.20001220703125</ele>
        <time>2025-10-23T02:30:51.000Z</time>
        <extensions>
          <ns3:TrackPointExtension>
            <ns3:hr>133</ns3:hr>
          </ns3:TrackPointExtension>
        </extensions>
      </trkpt>
      <trkpt lat="36.98762786574661731719970703125" lon="140.16199967823922634124755859375">
        <ele>261.79998779296875</ele>
        <time>2025-10-23T02:30:57.000Z</time>
        <extensions>
          <ns3:TrackPointExtension>
            <ns3:hr>134</ns3:hr>
          </ns3:TrackPointExtension>
        </extensions>
      </trkpt>
      <trkpt lat="36.98764421045780181884765625" lon="140.1620240695774555206298828125">
        <ele>262.20001220703125</ele>
        <time>2025-10-23T02:30:59.000Z</time>
        <extensions>
          <ns3:TrackPointExtension>
            <ns3:hr>131</ns3:hr>
          </ns3:TrackPointExtension>
        </extensions>
      </trkpt>
      <trkpt lat="36.98770464397966861724853515625" lon="140.16210629604756832122802734375">
        <ele>263.600006103515625</ele>
        <time>2025-10-23T02:31:06.000Z</time>
        <extensions>
          <ns3:TrackPointExtension>
            <ns3:hr>132</ns3:hr>
          </ns3:TrackPointExtension>
        </extensions>
      </trkpt>
      <trkpt lat="36.9877774827182292938232421875" lon="140.162160694599151611328125">
        <ele>264.20001220703125</ele>
        <time>2025-10-23T02:31:14.000Z</time>
        <extensions>
          <ns3:TrackPointExtension>
            <ns3:hr>131</ns3:hr>
          </ns3:TrackPointExtension>
        </extensions>
      </trkpt>
      <trkpt lat="36.98778930120170116424560546875" lon="140.1621608622372150421142578125">
        <ele>264.20001220703125</ele>
        <time>2025-10-23T02:31:16.000Z</time>
        <extensions>
          <ns3:TrackPointExtension>
            <ns3:hr>130</ns3:hr>
          </ns3:TrackPointExtension>
        </extensions>
      </trkpt>
      <trkpt lat="36.9878012873232364654541015625" lon="140.1621700823307037353515625">
        <ele>264.20001220703125</ele>
        <time>2025-10-23T02:31:18.000Z</time>
        <extensions>
          <ns3:TrackPointExtension>
            <ns3:hr>129</ns3:hr>
          </ns3:TrackPointExtension>
        </extensions>
      </trkpt>
      <trkpt lat="36.987826935946941375732421875" lon="140.16218441538512706756591796875">
        <ele>264.399993896484375</ele>
        <time>2025-10-23T02:31:21.000Z</time>
        <extensions>
          <ns3:TrackPointExtension>
            <ns3:hr>128</ns3:hr>
          </ns3:TrackPointExtension>
        </extensions>
      </trkpt>
      <trkpt lat="36.9878626428544521331787109375" lon="140.1622017659246921539306640625">
        <ele>264.399993896484375</ele>
        <time>2025-10-23T02:31:25.000Z</time>
        <extensions>
          <ns3:TrackPointExtension>
            <ns3:hr>126</ns3:hr>
          </ns3:TrackPointExtension>
        </extensions>
      </trkpt>
      <trkpt lat="36.98786457069218158721923828125" lon="140.1622346229851245880126953125">
        <ele>265.20001220703125</ele>
        <time>2025-10-23T02:31:28.000Z</time>
        <extensions>
          <ns3:TrackPointExtension>
            <ns3:hr>124</ns3:hr>
          </ns3:TrackPointExtension>
        </extensions>
      </trkpt>
      <trkpt lat="36.98788150213658809661865234375" lon="140.16225784085690975189208984375">
        <ele>265.600006103515625</ele>
        <time>2025-10-23T02:31:33.000Z</time>
        <extensions>
          <ns3:TrackPointExtension>
            <ns3:hr>123</ns3:hr>
          </ns3:TrackPointExtension>
        </extensions>
      </trkpt>
      <trkpt lat="36.98790597729384899139404296875" lon="140.1622637920081615447998046875">
        <ele>265.399993896484375</ele>
        <time>2025-10-23T02:31:35.000Z</time>
        <extensions>
          <ns3:TrackPointExtension>
            <ns3:hr>122</ns3:hr>
          </ns3:TrackPointExtension>
        </extensions>
      </trkpt>
      <trkpt lat="36.98804092593491077423095703125" lon="140.16232791356742382049560546875">
        <ele>263.79998779296875</ele>
        <time>2025-10-23T02:31:46.000Z</time>
        <extensions>
          <ns3:TrackPointExtension>
            <ns3:hr>121</ns3:hr>
          </ns3:TrackPointExtension>
        </extensions>
      </trkpt>
      <trkpt lat="36.988078393042087554931640625" lon="140.16234082169830799102783203125">
        <ele>263.20001220703125</ele>
        <time>2025-10-23T02:31:49.000Z</time>
        <extensions>
          <ns3:TrackPointExtension>
            <ns3:hr>124</ns3:hr>
          </ns3:TrackPointExtension>
        </extensions>
      </trkpt>
      <trkpt lat="36.988154835999011993408203125" lon="140.1623747684061527252197265625">
        <ele>262.20001220703125</ele>
        <time>2025-10-23T02:31:54.000Z</time>
        <extensions>
          <ns3:TrackPointExtension>
            <ns3:hr>121</ns3:hr>
          </ns3:TrackPointExtension>
        </extensions>
      </trkpt>
      <trkpt lat="36.9881969131529331207275390625" lon="140.16238155774772167205810546875">
        <ele>261.399993896484375</ele>
        <time>2025-10-23T02:31:57.000Z</time>
        <extensions>
          <ns3:TrackPointExtension>
            <ns3:hr>119</ns3:hr>
          </ns3:TrackPointExtension>
        </extensions>
      </trkpt>
      <trkpt lat="36.98828919790685176849365234375" lon="140.1624341122806072235107421875">
        <ele>260.79998779296875</ele>
        <time>2025-10-23T02:32:04.000Z</time>
        <extensions>
          <ns3:TrackPointExtension>
            <ns3:hr>118</ns3:hr>
          </ns3:TrackPointExtension>
        </extensions>
      </trkpt>
      <trkpt lat="36.9883095659315586090087890625" lon="140.16243972815573215484619140625">
        <ele>260.600006103515625</ele>
        <time>2025-10-23T02:32:05.000Z</time>
        <extensions>
          <ns3:TrackPointExtension>
            <ns3:hr>118</ns3:hr>
          </ns3:TrackPointExtension>
        </extensions>
      </trkpt>
      <trkpt lat="36.988330185413360595703125" lon="140.16243335790932178497314453125">
        <ele>260.20001220703125</ele>
        <time>2025-10-23T02:32:07.000Z</time>
        <extensions>
          <ns3:TrackPointExtension>
            <ns3:hr>118</ns3:hr>
          </ns3:TrackPointExtension>
        </extensions>
      </trkpt>
      <trkpt lat="36.98835424147546291351318359375" lon="140.16242958605289459228515625">
        <ele>260</ele>
        <time>2025-10-23T02:32:09.000Z</time>
        <extensions>
          <ns3:TrackPointExtension>
            <ns3:hr>118</ns3:hr>
          </ns3:TrackPointExtension>
        </extensions>
      </trkpt>
      <trkpt lat="36.98844258673489093780517578125" lon="140.1624994911253452301025390625">
        <ele>259.399993896484375</ele>
        <time>2025-10-23T02:32:18.000Z</time>
        <extensions>
          <ns3:TrackPointExtension>
            <ns3:hr>120</ns3:hr>
          </ns3:TrackPointExtension>
        </extensions>
      </trkpt>
      <trkpt lat="36.9885482825338840484619140625" lon="140.16257450915873050689697265625">
        <ele>259</ele>
        <time>2025-10-23T02:32:28.000Z</time>
        <extensions>
          <ns3:TrackPointExtension>
            <ns3:hr>120</ns3:hr>
          </ns3:TrackPointExtension>
        </extensions>
      </trkpt>
      <trkpt lat="36.9885838218033313751220703125" lon="140.16259378753602504730224609375">
        <ele>258.79998779296875</ele>
        <time>2025-10-23T02:32:31.000Z</time>
        <extensions>
          <ns3:TrackPointExtension>
            <ns3:hr>117</ns3:hr>
          </ns3:TrackPointExtension>
        </extensions>
      </trkpt>
      <trkpt lat="36.98864123784005641937255859375" lon="140.16263687051832675933837890625">
        <ele>258.600006103515625</ele>
        <time>2025-10-23T02:32:37.000Z</time>
        <extensions>
          <ns3:TrackPointExtension>
            <ns3:hr>116</ns3:hr>
          </ns3:TrackPointExtension>
        </extensions>
      </trkpt>
      <trkpt lat="36.988704688847064971923828125" lon="140.16265899874269962310791015625">
        <ele>258.20001220703125</ele>
        <time>2025-10-23T02:32:45.000Z</time>
        <extensions>
          <ns3:TrackPointExtension>
            <ns3:hr>116</ns3:hr>
          </ns3:TrackPointExtension>
        </extensions>
      </trkpt>
      <trkpt lat="36.9887833110988140106201171875" lon="140.16272387467324733734130859375">
        <ele>258.20001220703125</ele>
        <time>2025-10-23T02:32:52.000Z</time>
        <extensions>
          <ns3:TrackPointExtension>
            <ns3:hr>112</ns3:hr>
          </ns3:TrackPointExtension>
        </extensions>
      </trkpt>
      <trkpt lat="36.98879328556358814239501953125" lon="140.1627321727573871612548828125">
        <ele>258.20001220703125</ele>
        <time>2025-10-23T02:32:53.000Z</time>
        <extensions>
          <ns3:TrackPointExtension>
            <ns3:hr>116</ns3:hr>
          </ns3:TrackPointExtension>
        </extensions>
      </trkpt>
      <trkpt lat="36.988846175372600555419921875" lon="140.1627569831907749176025390625">
        <ele>258.20001220703125</ele>
        <time>2025-10-23T02:32:58.000Z</time>
        <extensions>
          <ns3:TrackPointExtension>
            <ns3:hr>115</ns3:hr>
          </ns3:TrackPointExtension>
        </extensions>
      </trkpt>
      <trkpt lat="36.98893125168979167938232421875" lon="140.162782967090606689453125">
        <ele>258</ele>
        <time>2025-10-23T02:33:06.000Z</time>
        <extensions>
          <ns3:TrackPointExtension>
            <ns3:hr>114</ns3:hr>
          </ns3:TrackPointExtension>
        </extensions>
      </trkpt>
      <trkpt lat="36.9890384562313556671142578125" lon="140.16283652745187282562255859375">
        <ele>258</ele>
        <time>2025-10-23T02:33:15.000Z</time>
        <extensions>
          <ns3:TrackPointExtension>
            <ns3:hr>113</ns3:hr>
          </ns3:TrackPointExtension>
        </extensions>
      </trkpt>
      <trkpt lat="36.9890508614480495452880859375" lon="140.1628379523754119873046875">
        <ele>258</ele>
        <time>2025-10-23T02:33:16.000Z</time>
        <extensions>
          <ns3:TrackPointExtension>
            <ns3:hr>113</ns3:hr>
          </ns3:TrackPointExtension>
        </extensions>
      </trkpt>
      <trkpt lat="36.9890729896724224090576171875" lon="140.162851698696613311767578125">
        <ele>257.79998779296875</ele>
        <time>2025-10-23T02:33:18.000Z</time>
        <extensions>
          <ns3:TrackPointExtension>
            <ns3:hr>113</ns3:hr>
          </ns3:TrackPointExtension>
        </extensions>
      </trkpt>
      <trkpt lat="36.98910777457058429718017578125" lon="140.1628781855106353759765625">
        <ele>257.79998779296875</ele>
        <time>2025-10-23T02:33:21.000Z</time>
        <extensions>
          <ns3:TrackPointExtension>
            <ns3:hr>113</ns3:hr>
          </ns3:TrackPointExtension>
        </extensions>
      </trkpt>
      <trkpt lat="36.98918673209846019744873046875" lon="140.16293006949126720428466796875">
        <ele>257.600006103515625</ele>
        <time>2025-10-23T02:33:28.000Z</time>
        <extensions>
          <ns3:TrackPointExtension>
            <ns3:hr>114</ns3:hr>
          </ns3:TrackPointExtension>
        </extensions>
      </trkpt>
      <trkpt lat="36.98926535435020923614501953125" lon="140.1629739068448543548583984375">
        <ele>257.399993896484375</ele>
        <time>2025-10-23T02:33:38.000Z</time>
        <extensions>
          <ns3:TrackPointExtension>
            <ns3:hr>115</ns3:hr>
          </ns3:TrackPointExtension>
        </extensions>
      </trkpt>
      <trkpt lat="36.98931246064603328704833984375" lon="140.16300668008625507354736328125">
        <ele>257.20001220703125</ele>
        <time>2025-10-23T02:33:43.000Z</time>
        <extensions>
          <ns3:TrackPointExtension>
            <ns3:hr>112</ns3:hr>
          </ns3:TrackPointExtension>
        </extensions>
      </trkpt>
      <trkpt lat="36.9893381930887699127197265625" lon="140.163030065596103668212890625">
        <ele>257.20001220703125</ele>
        <time>2025-10-23T02:33:46.000Z</time>
        <extensions>
          <ns3:TrackPointExtension>
            <ns3:hr>110</ns3:hr>
          </ns3:TrackPointExtension>
        </extensions>
      </trkpt>
      <trkpt lat="36.9894086010754108428955078125" lon="140.16308270394802093505859375">
        <ele>257</ele>
        <time>2025-10-23T02:33:53.000Z</time>
        <extensions>
          <ns3:TrackPointExtension>
            <ns3:hr>109</ns3:hr>
          </ns3:TrackPointExtension>
        </extensions>
      </trkpt>
      <trkpt lat="36.9894994609057903289794921875" lon="140.16312503255903720855712890625">
        <ele>256.79998779296875</ele>
        <time>2025-10-23T02:34:02.000Z</time>
        <extensions>
          <ns3:TrackPointExtension>
            <ns3:hr>110</ns3:hr>
          </ns3:TrackPointExtension>
        </extensions>
      </trkpt>
      <trkpt lat="36.9895168952643871307373046875" lon="140.1631356775760650634765625">
        <ele>256.79998779296875</ele>
        <time>2025-10-23T02:34:08.000Z</time>
        <extensions>
          <ns3:TrackPointExtension>
            <ns3:hr>111</ns3:hr>
          </ns3:TrackPointExtension>
        </extensions>
      </trkpt>
      <trkpt lat="36.989510692656040191650390625" lon="140.16313190571963787078857421875">
        <ele>256.79998779296875</ele>
        <time>2025-10-23T02:34:18.000Z</time>
        <extensions>
          <ns3:TrackPointExtension>
            <ns3:hr>110</ns3:hr>
          </ns3:TrackPointExtension>
        </extensions>
      </trkpt>
      <trkpt lat="36.9895256124436855316162109375" lon="140.1631489209830760955810546875">
        <ele>256.79998779296875</ele>
        <time>2025-10-23T02:34:41.000Z</time>
        <extensions>
          <ns3:TrackPointExtension>
            <ns3:hr>107</ns3:hr>
          </ns3:TrackPointExtension>
        </extensions>
      </trkpt>
      <trkpt lat="36.9895953498780727386474609375" lon="140.16319041140377521514892578125">
        <ele>256.79998779296875</ele>
        <time>2025-10-23T02:34:46.000Z</time>
        <extensions>
          <ns3:TrackPointExtension>
            <ns3:hr>108</ns3:hr>
          </ns3:TrackPointExtension>
        </extensions>
      </trkpt>
      <trkpt lat="36.98965863324701786041259765625" lon="140.1632538624107837677001953125">
        <ele>257.20001220703125</ele>
        <time>2025-10-23T02:34:55.000Z</time>
        <extensions>
          <ns3:TrackPointExtension>
            <ns3:hr>106</ns3:hr>
          </ns3:TrackPointExtension>
        </extensions>
      </trkpt>
      <trkpt lat="36.989656873047351837158203125" lon="140.1632712967693805694580078125">
        <ele>257.20001220703125</ele>
        <time>2025-10-23T02:35:02.000Z</time>
        <extensions>
          <ns3:TrackPointExtension>
            <ns3:hr>105</ns3:hr>
          </ns3:TrackPointExtension>
        </extensions>
      </trkpt>
      <trkpt lat="36.9896070845425128936767578125" lon="140.1633182354271411895751953125">
        <ele>258</ele>
        <time>2025-10-23T02:35:11.000Z</time>
        <extensions>
          <ns3:TrackPointExtension>
            <ns3:hr>103</ns3:hr>
          </ns3:TrackPointExtension>
        </extensions>
      </trkpt>
      <trkpt lat="36.9895755685865879058837890625" lon="140.16333608888089656829833984375">
        <ele>258.399993896484375</ele>
        <time>2025-10-23T02:35:17.000Z</time>
        <extensions>
          <ns3:TrackPointExtension>
            <ns3:hr>102</ns3:hr>
          </ns3:TrackPointExtension>
        </extensions>
      </trkpt>
      <trkpt lat="36.9895846210420131683349609375" lon="140.16335922293365001678466796875">
        <ele>258.600006103515625</ele>
        <time>2025-10-23T02:35:23.000Z</time>
        <extensions>
          <ns3:TrackPointExtension>
            <ns3:hr>101</ns3:hr>
          </ns3:TrackPointExtension>
        </extensions>
      </trkpt>
      <trkpt lat="36.98962979950010776519775390625" lon="140.1633095182478427886962890625">
        <ele>257.600006103515625</ele>
        <time>2025-10-23T02:35:29.000Z</time>
        <extensions>
          <ns3:TrackPointExtension>
            <ns3:hr>102</ns3:hr>
          </ns3:TrackPointExtension>
        </extensions>
      </trkpt>
      <trkpt lat="36.989703141152858734130859375" lon="140.16328261233866214752197265625">
        <ele>257.399993896484375</ele>
        <time>2025-10-23T02:35:37.000Z</time>
        <extensions>
          <ns3:TrackPointExtension>
            <ns3:hr>103</ns3:hr>
          </ns3:TrackPointExtension>
        </extensions>
      </trkpt>
      <trkpt lat="36.9898216612637042999267578125" lon="140.1633467338979244232177734375">
        <ele>257.79998779296875</ele>
        <time>2025-10-23T02:35:48.000Z</time>
        <extensions>
          <ns3:TrackPointExtension>
            <ns3:hr>102</ns3:hr>
          </ns3:TrackPointExtension>
        </extensions>
      </trkpt>
      <trkpt lat="36.98985166847705841064453125" lon="140.1633631624281406402587890625">
        <ele>257.79998779296875</ele>
        <time>2025-10-23T02:35:56.000Z</time>
        <extensions>
          <ns3:TrackPointExtension>
            <ns3:hr>102</ns3:hr>
          </ns3:TrackPointExtension>
        </extensions>
      </trkpt>
      <trkpt lat="36.98988595046103000640869140625" lon="140.16337330453097820281982421875">
        <ele>258</ele>
        <time>2025-10-23T02:36:03.000Z</time>
        <extensions>
          <ns3:TrackPointExtension>
            <ns3:hr>101</ns3:hr>
          </ns3:TrackPointExtension>
        </extensions>
      </trkpt>
      <trkpt lat="36.9898917339742183685302734375" lon="140.1633839495480060577392578125">
        <ele>258</ele>
        <time>2025-10-23T02:36:09.000Z</time>
        <extensions>
          <ns3:TrackPointExtension>
            <ns3:hr>102</ns3:hr>
          </ns3:TrackPointExtension>
        </extensions>
      </trkpt>
      <trkpt lat="36.98989056050777435302734375" lon="140.16338151879608631134033203125">
        <ele>258</ele>
        <time>2025-10-23T02:36:16.000Z</time>
        <extensions>
          <ns3:TrackPointExtension>
            <ns3:hr>102</ns3:hr>
          </ns3:TrackPointExtension>
        </extensions>
      </trkpt>
      <trkpt lat="36.9898769818246364593505859375" lon="140.16334128566086292266845703125">
        <ele>257.79998779296875</ele>
        <time>2025-10-23T02:36:28.000Z</time>
        <extensions>
          <ns3:TrackPointExtension>
            <ns3:hr>100</ns3:hr>
          </ns3:TrackPointExtension>
        </extensions>
      </trkpt>
      <trkpt lat="36.98989986442029476165771484375" lon="140.16333608888089656829833984375">
        <ele>257.600006103515625</ele>
        <time>2025-10-23T02:36:33.000Z</time>
        <extensions>
          <ns3:TrackPointExtension>
            <ns3:hr>99</ns3:hr>
          </ns3:TrackPointExtension>
        </extensions>
      </trkpt>
      <trkpt lat="36.9899648241698741912841796875" lon="140.1633879728615283966064453125">
        <ele>258</ele>
        <time>2025-10-23T02:36:40.000Z</time>
        <extensions>
          <ns3:TrackPointExtension>
            <ns3:hr>98</ns3:hr>
          </ns3:TrackPointExtension>
        </extensions>
      </trkpt>
      <trkpt lat="36.99004386551678180694580078125" lon="140.1634335704147815704345703125">
        <ele>258.399993896484375</ele>
        <time>2025-10-23T02:36:48.000Z</time>
        <extensions>
          <ns3:TrackPointExtension>
            <ns3:hr>98</ns3:hr>
          </ns3:TrackPointExtension>
        </extensions>
      </trkpt>
      <trkpt lat="36.990117542445659637451171875" lon="140.16347137279808521270751953125">
        <ele>258.79998779296875</ele>
        <time>2025-10-23T02:36:55.000Z</time>
        <extensions>
          <ns3:TrackPointExtension>
            <ns3:hr>98</ns3:hr>
          </ns3:TrackPointExtension>
        </extensions>
      </trkpt>
      <trkpt lat="36.99013221077620983123779296875" lon="140.16349869780242443084716796875">
        <ele>259</ele>
        <time>2025-10-23T02:36:57.000Z</time>
        <extensions>
          <ns3:TrackPointExtension>
            <ns3:hr>98</ns3:hr>
          </ns3:TrackPointExtension>
        </extensions>
      </trkpt>
      <trkpt lat="36.99019691906869411468505859375" lon="140.1635354943573474884033203125">
        <ele>259</ele>
        <time>2025-10-23T02:37:04.000Z</time>
        <extensions>
          <ns3:TrackPointExtension>
            <ns3:hr>99</ns3:hr>
          </ns3:TrackPointExtension>
        </extensions>
      </trkpt>
      <trkpt lat="36.990230195224285125732421875" lon="140.16355183906853199005126953125">
        <ele>259.20001220703125</ele>
        <time>2025-10-23T02:37:11.000Z</time>
        <extensions>
          <ns3:TrackPointExtension>
            <ns3:hr>100</ns3:hr>
          </ns3:TrackPointExtension>
        </extensions>
      </trkpt>
      <trkpt lat="36.99025659821927547454833984375" lon="140.16356240026652812957763671875">
        <ele>259.20001220703125</ele>
        <time>2025-10-23T02:37:16.000Z</time>
        <extensions>
          <ns3:TrackPointExtension>
            <ns3:hr>100</ns3:hr>
          </ns3:TrackPointExtension>
        </extensions>
      </trkpt>
      <trkpt lat="36.99027587659657001495361328125" lon="140.16357086598873138427734375">
        <ele>259.20001220703125</ele>
        <time>2025-10-23T02:37:23.000Z</time>
        <extensions>
          <ns3:TrackPointExtension>
            <ns3:hr>100</ns3:hr>
          </ns3:TrackPointExtension>
        </extensions>
      </trkpt>
      <trkpt lat="36.99027872644364833831787109375" lon="140.16357765533030033111572265625">
        <ele>259.20001220703125</ele>
        <time>2025-10-23T02:37:29.000Z</time>
        <extensions>
          <ns3:TrackPointExtension>
            <ns3:hr>103</ns3:hr>
          </ns3:TrackPointExtension>
        </extensions>
      </trkpt>
      <trkpt lat="36.99028660543262958526611328125" lon="140.16358025372028350830078125">
        <ele>259.20001220703125</ele>
        <time>2025-10-23T02:37:37.000Z</time>
        <extensions>
          <ns3:TrackPointExtension>
            <ns3:hr>104</ns3:hr>
          </ns3:TrackPointExtension>
        </extensions>
      </trkpt>
      <trkpt lat="36.99028660543262958526611328125" lon="140.16358025372028350830078125">
        <ele>259.20001220703125</ele>
        <time>2025-10-23T02:37:51.000Z</time>
        <extensions>
          <ns3:TrackPointExtension>
            <ns3:hr>101</ns3:hr>
          </ns3:TrackPointExtension>
        </extensions>
      </trkpt>
      <trkpt lat="36.99029079638421535491943359375" lon="140.16358159482479095458984375">
        <ele>259.20001220703125</ele>
        <time>2025-10-23T02:38:00.000Z</time>
        <extensions>
          <ns3:TrackPointExtension>
            <ns3:hr>103</ns3:hr>
          </ns3:TrackPointExtension>
        </extensions>
      </trkpt>
    </trkseg>
  </trk>
</gpx>
